#include <Adafruit_GFX.h>    
#include <Adafruit_ST7789.h> 
#include <SPI.h>

#define TFT_CS         13  
#define TFT_RST        10  
#define TFT_DC         9   
#define TFT_MOSI       11  
#define TFT_SCLK       12  

Adafruit_ST7789 tft = Adafruit_ST7789(TFT_CS, TFT_DC, TFT_MOSI, TFT_SCLK, TFT_RST);

// caravn  240 x 320  (RGB565)
const uint16_t caravan[] PROGMEM = {
  0x0000, 0x0000, 0x0000, 0x0000, 0x0000, 0x0000, 0x0000, 0x0000, 0x0000, 0x0000, 0x0000, 0x0000,
  0x0000, 0x0000, 0x0000, 0x0000, 0x0000, 0x0000, 0x0000, 0x0000, 0x0000, 0x0000, 0x0000, 0x0000,
  0x0000, 0x0000, 0x0000, 0x0000, 0x0000, 0x0000, 0x0000, 0x0000, 0x0000, 0x0000, 0x0000, 0x0000,
  0x0000, 0x0000, 0x0000, 0x0000, 0x0000, 0x0000, 0x0000, 0x0000, 0x0000, 0x0000, 0x0000, 0x0000,
  0x0000, 0x0000, 0x0000, 0x0000, 0x0000, 0x0000, 0x0000, 0x0000, 0x0000, 0x0000, 0x0000, 0x0000,
  0x0000, 0x0000, 0x0000, 0x0000, 0x0000, 0x0000, 0x0000, 0x0000, 0x0000, 0x0000, 0x0000, 0x0000,
  0x0000, 0x0000, 0x0000, 0x0000, 0x0000, 0x0000, 0x0000, 0x0000, 0x0000, 0x0000, 0x0000, 0x0000,
  0x0000, 0x0000, 0x0000, 0x0000, 0x0000, 0x0000, 0x0000, 0x0000, 0x0000, 0x0000, 0x0000, 0x0000,
  0x0000, 0x0000, 0x0000, 0x0000, 0x0000, 0x0000, 0x0000, 0x0000, 0x0000, 0x0000, 0x0000, 0x0000,
  0x0000, 0x0000, 0x0000, 0x0000, 0x0000, 0x0000, 0x0000, 0x0000, 0x0000, 0x0000, 0x0000, 0x0000,
  0x0000, 0x0000, 0x0000, 0x0000, 0x0000, 0x0000, 0x0000, 0x0000, 0x0000, 0x0000, 0x0000, 0x0000,
  0x0000, 0x0000, 0x0000, 0x0000, 0x0000, 0x0000, 0x0000, 0x0000, 0x0000, 0x0000, 0x0000, 0x0000,
  0x0000, 0x0000, 0x0000, 0x0000, 0x0000, 0x0000, 0x0000, 0x0000, 0x0000, 0x0000, 0x0000, 0x0000,
  0x0000, 0x0000, 0x0000, 0x0000, 0x0000, 0x0000, 0x0000, 0x0000, 0x0000, 0x0000, 0x0000, 0x0000,
  0x0000, 0x0000, 0x0000, 0x0000, 0x0000, 0x0000, 0x0000, 0x0000, 0x0000, 0x0000, 0x0000, 0x0000,
  0x0000, 0x0000, 0x0000, 0x0000, 0x0000, 0x0000, 0x0000, 0x0000, 0x0000, 0x0000, 0x0000, 0x0000,
  0x0000, 0x0000, 0x0000, 0x0000, 0x0000, 0x0000, 0x0000, 0x0000, 0x0000, 0x0000, 0x0000, 0x0000,
  0x0000, 0x0000, 0x0000, 0x0000, 0x0000, 0x0000, 0x0000, 0x0000, 0x0000, 0x0000, 0x0000, 0x0000,
  0x0000, 0x0000, 0x0000, 0x0000, 0x0000, 0x0000, 0x0000, 0x0000, 0x0000, 0x0000, 0x0000, 0x0000,
  0x0000, 0x0000, 0x0000, 0x0000, 0x0000, 0x0000, 0x0000, 0x0000, 0x0000, 0x0000, 0x0000, 0x0000,
  0x0000, 0x0000, 0x0000, 0x0000, 0x0000, 0x0000, 0x0000, 0x0000, 0x0000, 0x0000, 0x0000, 0x0000,
  0x0000, 0x0000, 0x0000, 0x0000, 0x0000, 0x0000, 0x0000, 0x0000, 0x0000, 0x0000, 0x0000, 0x0000,
  0x0000, 0x0000, 0x0000, 0x0000, 0x0000, 0x0000, 0x0000, 0x0000, 0x0000, 0x0000, 0x0000, 0x0000,
  0x0000, 0x0000, 0x0000, 0x0000, 0x0000, 0x0000, 0x0000, 0x0000, 0x0000, 0x0000, 0x0000, 0x0000,
  0x0000, 0x0000, 0x0000, 0x0000, 0x0000, 0x0000, 0x0000, 0x0000, 0x0000, 0x0000, 0x0000, 0x0000,
  0x0000, 0x0000, 0x0000, 0x0000, 0x0000, 0x0000, 0x0000, 0x0000, 0x0000, 0x0000, 0x0000, 0x0000,
  0x0000, 0x0000, 0x0000, 0x0000, 0x0000, 0x0000, 0x0000, 0x0000, 0x0000, 0x0000, 0x0000, 0x0000,
  0x0000, 0x0000, 0x0000, 0x0000, 0x0000, 0x0000, 0x0000, 0x0000, 0x0000, 0x0000, 0x0000, 0x0000,
  0x0000, 0x0000, 0x0000, 0x0000, 0x0000, 0x0000, 0x0000, 0x0000, 0x0000, 0x0000, 0x0000, 0x0000,
  0x0000, 0x0000, 0x0000, 0x0000, 0x0000, 0x0000, 0x0000, 0x0000, 0x0000, 0x0000, 0x0000, 0x0000,
  0x0000, 0x0000, 0x0000, 0x0000, 0x0000, 0x0000, 0x0000, 0x0000, 0x0000, 0x0000, 0x0000, 0x0000,
  0x0000, 0x0000, 0x0000, 0x0000, 0x0000, 0x0000, 0x0000, 0x0000, 0x0000, 0x0000, 0x0000, 0x0000,
  0x0000, 0x0000, 0x0000, 0x0000, 0x0000, 0x0000, 0x0000, 0x0000, 0x0000, 0x0000, 0x0000, 0x0000,
  0x0000, 0x0000, 0x0000, 0x0000, 0x0000, 0x0000, 0x0000, 0x0000, 0x0000, 0x0000, 0x0000, 0x0000,
  0x0000, 0x0000, 0x0000, 0x0000, 0x0000, 0x0000, 0x0000, 0x0000, 0x0000, 0x0000, 0x0000, 0x0000,
  0x0000, 0x0000, 0x0000, 0x0000, 0x0000, 0x0000, 0x0000, 0x0000, 0x0000, 0x0000, 0x0000, 0x0000,
  0x0000, 0x0000, 0x0000, 0x0000, 0x0000, 0x0000, 0x0000, 0x0000, 0x0000, 0x0000, 0x0000, 0x0000,
  0x0000, 0x0000, 0x0000, 0x0000, 0x0000, 0x0000, 0x0000, 0x0000, 0x0000, 0x0000, 0x0000, 0x0000,
  0x0000, 0x0000, 0x0000, 0x0000, 0x0000, 0x0000, 0x0000, 0x0000, 0x0000, 0x0000, 0x0000, 0x0000,
  0x0000, 0x0000, 0x0000, 0x0000, 0x0000, 0x0000, 0x0000, 0x0000, 0x0000, 0x0000, 0x0000, 0x0000,
  0x0000, 0x0000, 0x0000, 0x0000, 0x0000, 0x0000, 0x0000, 0x0000, 0x0000, 0x0000, 0x0000, 0x0000,
  0x0000, 0x0000, 0x0000, 0x0000, 0x0000, 0x0000, 0x0000, 0x0000, 0x0000, 0x0000, 0x0000, 0x0000,
  0x0000, 0x0000, 0x0000, 0x0000, 0x0000, 0x0000, 0x0000, 0x0000, 0x0000, 0x0000, 0x0000, 0x0000,
  0x0000, 0x0000, 0x0000, 0x0000, 0x0000, 0x0000, 0x0000, 0x0000, 0x0000, 0x0000, 0x0000, 0x0000,
  0x0000, 0x0000, 0x0000, 0x0000, 0x0000, 0x0000, 0x0000, 0x0000, 0x0000, 0x0000, 0x0000, 0x0000,
  0x0000, 0x0000, 0x0000, 0x0000, 0x0000, 0x0000, 0x0000, 0x0000, 0x0000, 0x0000, 0x0000, 0x0000,
  0x0000, 0x0000, 0x0000, 0x0000, 0x0000, 0x0000, 0x0000, 0x0000, 0x0000, 0x0000, 0x0000, 0x0000,
  0x0000, 0x0000, 0x0000, 0x0000, 0x0000, 0x0000, 0x0000, 0x0000, 0x0000, 0x0000, 0x0000, 0x0000,
  0x0000, 0x0000, 0x0000, 0x0000, 0x0000, 0x0000, 0x0000, 0x0000, 0x0000, 0x0000, 0x0000, 0x0000,
  0x0000, 0x0000, 0x0000, 0x0000, 0x0000, 0x0000, 0x0000, 0x0000, 0x0000, 0x0000, 0x0000, 0x0000,
  0x0000, 0x0000, 0x0000, 0x0000, 0x0000, 0x0000, 0x0000, 0x0000, 0x0000, 0x0000, 0x0000, 0x0000,
  0x0000, 0x0000, 0x0000, 0x0000, 0x0000, 0x0000, 0x0000, 0x0000, 0x0000, 0x0000, 0x0000, 0x0000,
  0x0000, 0x0000, 0x0000, 0x0000, 0x0000, 0x0000, 0x0000, 0x0000, 0x0000, 0x0000, 0x0000, 0x0000,
  0x0000, 0x0000, 0x0000, 0x0000, 0x0000, 0x0000, 0x0000, 0x0000, 0x0000, 0x0000, 0x0000, 0x0000,
  0x0000, 0x0000, 0x0000, 0x0000, 0x0000, 0x0000, 0x0000, 0x0000, 0x0000, 0x0000, 0x0000, 0x0000,
  0x0000, 0x0000, 0x0000, 0x0000, 0x0000, 0x0000, 0x0000, 0x0000, 0x0000, 0x0000, 0x0000, 0x0000,
  0x0000, 0x0000, 0x0000, 0x0000, 0x0000, 0x0000, 0x0000, 0x0000, 0x0000, 0x0000, 0x0000, 0x0000,
  0x0000, 0x0000, 0x0000, 0x0000, 0x0000, 0x0000, 0x0000, 0x0000, 0x0000, 0x0000, 0x0000, 0x0000,
  0x0000, 0x0000, 0x0000, 0x0000, 0x0000, 0x0000, 0x0000, 0x0000, 0x0000, 0x0000, 0x0000, 0x0000,
  0x0000, 0x0000, 0x0000, 0x0000, 0x0000, 0x0000, 0x0000, 0x0000, 0x0000, 0x0000, 0x0000, 0x0000,
  0x0000, 0x0000, 0x0000, 0x0000, 0x0000, 0x0000, 0x0000, 0x0000, 0x0000, 0x0000, 0x0000, 0x0000,
  0x0000, 0x0000, 0x0000, 0x0000, 0x0000, 0x0000, 0x0000, 0x0000, 0x0000, 0x0000, 0x0000, 0x0000,
  0x0000, 0x0000, 0x0000, 0x0000, 0x0000, 0x0000, 0x0000, 0x0000, 0x0000, 0x0000, 0x0000, 0x0000,
  0x0000, 0x0000, 0x0000, 0x0000, 0x0000, 0x0000, 0x0000, 0x0000, 0x0000, 0x0000, 0x0000, 0x0000,
  0x0000, 0x0000, 0x0000, 0x0000, 0x0000, 0x0000, 0x0000, 0x0000, 0x0000, 0x0000, 0x0000, 0x0000,
  0x0000, 0x0000, 0x0000, 0x0000, 0x0000, 0x0000, 0x0000, 0x0000, 0x0000, 0x0000, 0x0000, 0x0000,
  0x0000, 0x0000, 0x0000, 0x0000, 0x0000, 0x0000, 0x0000, 0x0000, 0x0000, 0x0000, 0x0000, 0x0000,
  0x0000, 0x0000, 0x0000, 0x0000, 0x0000, 0x0000, 0x0000, 0x0000, 0x0000, 0x0000, 0x0000, 0x0000,
  0x0000, 0x0000, 0x0000, 0x0000, 0x0000, 0x0000, 0x0000, 0x0000, 0x0000, 0x0000, 0x0000, 0x0000,
  0x0000, 0x0000, 0x0000, 0x0000, 0x0000, 0x0000, 0x0000, 0x0000, 0x0000, 0x0000, 0x0000, 0x0000,
  0x0000, 0x0000, 0x0000, 0x0000, 0x0000, 0x0000, 0x0000, 0x0000, 0x0000, 0x0000, 0x0000, 0x0000,
  0x0000, 0x0000, 0x0000, 0x0000, 0x0000, 0x0000, 0x0000, 0x0000, 0x0000, 0x0000, 0x0000, 0x0000,
  0x0000, 0x0000, 0x0000, 0x0000, 0x0000, 0x0000, 0x0000, 0x0000, 0x0000, 0x0000, 0x0000, 0x0000,
  0x0000, 0x0000, 0x0000, 0x0000, 0x0000, 0x0000, 0x0000, 0x0000, 0x0000, 0x0000, 0x0000, 0x0000,
  0x0000, 0x0000, 0x0000, 0x0000, 0x0000, 0x0000, 0x0000, 0x0000, 0x0000, 0x0000, 0x0000, 0x0000,
  0x0000, 0x0000, 0x0000, 0x0000, 0x0000, 0x0000, 0x0000, 0x0000, 0x0000, 0x0000, 0x0000, 0x0000,
  0x0000, 0x0000, 0x0000, 0x0000, 0x0000, 0x0000, 0x0000, 0x0000, 0x0000, 0x0000, 0x0000, 0x0000,
  0x0000, 0x0000, 0x0000, 0x0000, 0x0000, 0x0000, 0x0000, 0x0000, 0x0000, 0x0000, 0x0000, 0x0000,
  0x0000, 0x0000, 0x0000, 0x0000, 0x0000, 0x0000, 0x0000, 0x0000, 0x0000, 0x0000, 0x0000, 0x0000,
  0x0000, 0x0000, 0x0000, 0x0000, 0x0000, 0x0000, 0x0000, 0x0000, 0x0000, 0x0000, 0x0000, 0x0000,
  0x0000, 0x0000, 0x0000, 0x0000, 0x0000, 0x0000, 0x0000, 0x0000, 0x0000, 0x0000, 0x0000, 0x0000,
  0x0000, 0x0000, 0x0000, 0x0000, 0x0000, 0x0000, 0x0000, 0x0000, 0x0000, 0x0000, 0x0000, 0x0000,
  0x0000, 0x0000, 0x0000, 0x0000, 0x0000, 0x0000, 0x0000, 0x0000, 0x0000, 0x0000, 0x0000, 0x0000,
  0x0000, 0x0000, 0x0000, 0x0000, 0x0000, 0x0000, 0x0000, 0x0000, 0x0000, 0x0000, 0x0000, 0x0000,
  0x0000, 0x0000, 0x0000, 0x0000, 0x0000, 0x0000, 0x0000, 0x0000, 0x0000, 0x0000, 0x0000, 0x0000,
  0x0000, 0x0000, 0x0000, 0x0000, 0x0000, 0x0000, 0x0000, 0x0000, 0x0000, 0x0000, 0x0000, 0x0000,
  0x0000, 0x0000, 0x0000, 0x0000, 0x0000, 0x0000, 0x0000, 0x0000, 0x0000, 0x0000, 0x0000, 0x0000,
  0x0000, 0x0000, 0x0000, 0x0000, 0x0000, 0x0000, 0x0000, 0x0000, 0x0000, 0x0000, 0x0000, 0x0000,
  0x0000, 0x0000, 0x0000, 0x0000, 0x0000, 0x0000, 0x0000, 0x0000, 0x0000, 0x0000, 0x0000, 0x0000,
  0x0000, 0x0000, 0x0000, 0x0000, 0x0000, 0x0000, 0x0000, 0x0000, 0x0000, 0x0000, 0x0000, 0x0000,
  0x0000, 0x0000, 0x0000, 0x0000, 0x0000, 0x0000, 0x0000, 0x0000, 0x0000, 0x0000, 0x0000, 0x0000,
  0x0000, 0x0000, 0x0000, 0x0000, 0x0000, 0x0000, 0x0000, 0x0000, 0x0000, 0x0000, 0x0000, 0x0000,
  0x0000, 0x0000, 0x0000, 0x0000, 0x0000, 0x0000, 0x0000, 0x0000, 0x0000, 0x0000, 0x0000, 0x0000,
  0x0000, 0x0000, 0x0000, 0x0000, 0x0000, 0x0000, 0x0000, 0x0000, 0x0000, 0x0000, 0x0000, 0x0000,
  0x0000, 0x0000, 0x0000, 0x0000, 0x0000, 0x0000, 0x0000, 0x0000, 0x0000, 0x0000, 0x0000, 0x0000,
  0x0000, 0x0000, 0x0000, 0x0000, 0x0000, 0x0000, 0x0000, 0x0000, 0x0000, 0x0000, 0x0000, 0x0000,
  0x0000, 0x0000, 0x0000, 0x0000, 0x0000, 0x0000, 0x0000, 0x0000, 0x0000, 0x0000, 0x0000, 0x0000,
  0x0000, 0x0000, 0x0000, 0x0000, 0x0000, 0x0000, 0x0000, 0x0000, 0x0000, 0x0000, 0x0000, 0x0000,
  0x0000, 0x0000, 0x0000, 0x0000, 0x0000, 0x0000, 0x0000, 0x0000, 0x0000, 0x0000, 0x0000, 0x0000,
  0x0000, 0x0000, 0x0000, 0x0000, 0x0000, 0x0000, 0x0000, 0x0000, 0x0000, 0x0000, 0x0000, 0x0000,
  0x0000, 0x0000, 0x0000, 0x0000, 0x0000, 0x0000, 0x0000, 0x0000, 0x0000, 0x0000, 0x0000, 0x0000,
  0x0000, 0x0000, 0x0000, 0x0000, 0x0000, 0x0000, 0x0000, 0x0000, 0x0000, 0x0000, 0x0000, 0x0000,
  0x0000, 0x0000, 0x0000, 0x0000, 0x0000, 0x0000, 0x0000, 0x0000, 0x0000, 0x0000, 0x0000, 0x0000,
  0x0000, 0x0000, 0x0000, 0x0000, 0x0000, 0x0000, 0x0000, 0x0000, 0x0000, 0x0000, 0x0000, 0x0000,
  0x0000, 0x0000, 0x0000, 0x0000, 0x0000, 0x0000, 0x0000, 0x0000, 0x0000, 0x0000, 0x0000, 0x0000,
  0x0000, 0x0000, 0x0000, 0x0000, 0x0000, 0x0000, 0x0000, 0x0000, 0x0000, 0x0000, 0x0000, 0x0000,
  0x0000, 0x0000, 0x0000, 0x0000, 0x0000, 0x0000, 0x0000, 0x0000, 0x0000, 0x0000, 0x0000, 0x0000,
  0x0000, 0x0000, 0x0000, 0x0000, 0x0000, 0x0000, 0x0000, 0x0000, 0x0000, 0x0000, 0x0000, 0x0000,
  0x0000, 0x0000, 0x0000, 0x0000, 0x0000, 0x0000, 0x0000, 0x0000, 0x0000, 0x0000, 0x0000, 0x0000,
  0x0000, 0x0000, 0x0000, 0x0000, 0x0000, 0x0000, 0x0000, 0x0000, 0x0000, 0x0000, 0x0000, 0x0000,
  0x0000, 0x0000, 0x0000, 0x0000, 0x0000, 0x0000, 0x0000, 0x0000, 0x0000, 0x0000, 0x0000, 0x0000,
  0x0000, 0x0000, 0x0000, 0x0000, 0x0000, 0x0000, 0x0000, 0x0000, 0x0000, 0x0000, 0x0000, 0x0000,
  0x0000, 0x0000, 0x0000, 0x0000, 0x0000, 0x0000, 0x0000, 0x0000, 0x0000, 0x0000, 0x0000, 0x0000,
  0x0000, 0x0000, 0x0000, 0x0000, 0x0000, 0x0000, 0x0000, 0x0000, 0x0000, 0x0000, 0x0000, 0x0000,
  0x0000, 0x0000, 0x0000, 0x0000, 0x0000, 0x0000, 0x0000, 0x0000, 0x0000, 0x0000, 0x0000, 0x0000,
  0x0000, 0x0000, 0x0000, 0x0000, 0x0000, 0x0000, 0x0000, 0x0000, 0x0000, 0x0000, 0x0000, 0x0000,
  0x0000, 0x0000, 0x0000, 0x0000, 0x0000, 0x0000, 0x0000, 0x0000, 0x0000, 0x0000, 0x0000, 0x0000,
  0x0000, 0x0000, 0x0000, 0x0000, 0x0000, 0x0000, 0x0000, 0x0000, 0x0000, 0x0000, 0x0000, 0x0000,
  0x0000, 0x0000, 0x0000, 0x0000, 0x0000, 0x0000, 0x0000, 0x0000, 0x0000, 0x0000, 0x0000, 0x0000,
  0x0000, 0x0000, 0x0000, 0x0000, 0x0000, 0x0000, 0x0000, 0x0000, 0x0000, 0x0000, 0x0000, 0x0000,
  0x0000, 0x0000, 0x0000, 0x0000, 0x0000, 0x0000, 0x0000, 0x0000, 0x0000, 0x0000, 0x0000, 0x0000,
  0x0000, 0x0000, 0x0000, 0x0000, 0x0000, 0x0000, 0x0000, 0x0000, 0x0000, 0x0000, 0x0000, 0x0000,
  0x0000, 0x0000, 0x0000, 0x0000, 0x0000, 0x0000, 0x0000, 0x0000, 0x0000, 0x0000, 0x0000, 0x0000,
  0x0000, 0x0000, 0x0000, 0x0000, 0x0000, 0x0000, 0x0000, 0x0000, 0x0000, 0x0000, 0x0000, 0x0000,
  0x0000, 0x0000, 0x0000, 0x0000, 0x0000, 0x0000, 0x0000, 0x0000, 0x0000, 0x0000, 0x0000, 0x0000,
  0x0000, 0x0000, 0x0000, 0x0000, 0x0000, 0x0000, 0x0000, 0x0000, 0x0000, 0x0000, 0x0000, 0x0000,
  0x0000, 0x0000, 0x0000, 0x0000, 0x0000, 0x0000, 0x0000, 0x0000, 0x0000, 0x0000, 0x0000, 0x0000,
  0x0000, 0x0000, 0x0000, 0x0000, 0x0000, 0x0000, 0x0000, 0x0000, 0x0000, 0x0000, 0x0000, 0x0000,
  0x0000, 0x0000, 0x0000, 0x0000, 0x0000, 0x0000, 0x0000, 0x0000, 0x0000, 0x0000, 0x0000, 0x0000,
  0x0000, 0x0000, 0x0000, 0x0000, 0x0000, 0x0000, 0x0000, 0x0000, 0x0000, 0x0000, 0x0000, 0x0000,
  0x0000, 0x0000, 0x0000, 0x0000, 0x0000, 0x0000, 0x0000, 0x0000, 0x0000, 0x0000, 0x0000, 0x0000,
  0x0000, 0x0000, 0x0000, 0x0000, 0x0000, 0x0000, 0x0000, 0x0000, 0x0000, 0x0000, 0x0000, 0x0000,
  0x0000, 0x0000, 0x0000, 0x0000, 0x0000, 0x0000, 0x0000, 0x0000, 0x0000, 0x0000, 0x0000, 0x0000,
  0x0000, 0x0000, 0x0000, 0x0000, 0x0000, 0x0000, 0x0000, 0x0000, 0x0000, 0x0000, 0x0000, 0x0000,
  0x0000, 0x0000, 0x0000, 0x0000, 0x0000, 0x0000, 0x0000, 0x0000, 0x0000, 0x0000, 0x0000, 0x0000,
  0x0000, 0x0000, 0x0000, 0x0000, 0x0000, 0x0000, 0x0000, 0x0000, 0x0000, 0x0000, 0x0000, 0x0000,
  0x0000, 0x0000, 0x0000, 0x0000, 0x0000, 0x0000, 0x0000, 0x0000, 0x0000, 0x0000, 0x0000, 0x0000,
  0x0000, 0x0000, 0x0000, 0x0000, 0x0000, 0x0000, 0x0000, 0x0000, 0x0000, 0x0000, 0x0000, 0x0000,
  0x0000, 0x0000, 0x0000, 0x0000, 0x0000, 0x0000, 0x0000, 0x0000, 0x0000, 0x0000, 0x0000, 0x0000,
  0x0000, 0x0000, 0x0000, 0x0000, 0x0000, 0x0000, 0x0000, 0x0000, 0x0000, 0x0000, 0x0000, 0x0000,
  0x0000, 0x0000, 0x0000, 0x0000, 0x0000, 0x0000, 0x0000, 0x0000, 0x0000, 0x0000, 0x0000, 0x0000,
  0x0000, 0x0000, 0x0000, 0x0000, 0x0000, 0x0000, 0x0000, 0x0000, 0x0000, 0x0000, 0x0000, 0x0000,
  0x0000, 0x0000, 0x0000, 0x0000, 0x0000, 0x0000, 0x0000, 0x0000, 0x0000, 0x0000, 0x0000, 0x0000,
  0x0000, 0x0000, 0x0000, 0x0000, 0x0000, 0x0000, 0x0000, 0x0000, 0x0000, 0x0000, 0x0000, 0x0000,
  0x0000, 0x0000, 0x0000, 0x0000, 0x0000, 0x0000, 0x0000, 0x0000, 0x0000, 0x0000, 0x0000, 0x0000,
  0x0000, 0x0000, 0x0000, 0x0000, 0x0000, 0x0000, 0x0000, 0x0000, 0x0000, 0x0000, 0x0000, 0x0000,
  0x0000, 0x0000, 0x0000, 0x0000, 0x0000, 0x0000, 0x0000, 0x0000, 0x0000, 0x0000, 0x0000, 0x0000,
  0x0000, 0x0000, 0x0000, 0x0000, 0x0000, 0x0000, 0x0000, 0x0000, 0x0000, 0x0000, 0x0000, 0x0000,
  0x0000, 0x0000, 0x0000, 0x0000, 0x0000, 0x0000, 0x0000, 0x0000, 0x0000, 0x0000, 0x0000, 0x0000,
  0x0000, 0x0000, 0x0000, 0x0000, 0x0000, 0x0000, 0x0000, 0x0000, 0x0000, 0x0000, 0x0000, 0x0000,
  0x0000, 0x0000, 0x0000, 0x0000, 0x0000, 0x0000, 0x0000, 0x0000, 0x0000, 0x0000, 0x0000, 0x0000,
  0x0000, 0x0000, 0x0000, 0x0000, 0x0000, 0x0000, 0x0000, 0x0000, 0x0000, 0x0000, 0x0000, 0x0000,
  0x0000, 0x0000, 0x0000, 0x0000, 0x0000, 0x0000, 0x0000, 0x0000, 0x0000, 0x0000, 0x0000, 0x0000,
  0x0000, 0x0000, 0x0000, 0x0000, 0x0000, 0x0000, 0x0000, 0x0000, 0x0000, 0x0000, 0x0000, 0x0000,
  0x0000, 0x0000, 0x0000, 0x0000, 0x0000, 0x0000, 0x0000, 0x0000, 0x0000, 0x0000, 0x0000, 0x0000,
  0x0000, 0x0000, 0x0000, 0x0000, 0x0000, 0x0000, 0x0000, 0x0000, 0x0000, 0x0000, 0x0000, 0x0000,
  0x0000, 0x0000, 0x0000, 0x0000, 0x0000, 0x0000, 0x0000, 0x0000, 0x0000, 0x0000, 0x0000, 0x0000,
  0x0000, 0x0000, 0x0000, 0x0000, 0x0000, 0x0000, 0x0000, 0x0000, 0x0000, 0x0000, 0x0000, 0x0000,
  0x0000, 0x0000, 0x0000, 0x0000, 0x0000, 0x0000, 0x0000, 0x0000, 0x0000, 0x0000, 0x0000, 0x0000,
  0x0000, 0x0000, 0x0000, 0x0000, 0x0000, 0x0000, 0x0000, 0x0000, 0x0000, 0x0000, 0x0000, 0x0000,
  0x0000, 0x0000, 0x0000, 0x0000, 0x0000, 0x0000, 0x0000, 0x0000, 0x0000, 0x0000, 0x0000, 0x0000,
  0x0000, 0x0000, 0x0000, 0x0000, 0x0000, 0x0000, 0x0000, 0x0000, 0x0000, 0x0000, 0x0000, 0x0000,
  0x0000, 0x0000, 0x0000, 0x0000, 0x0000, 0x0000, 0x0000, 0x0000, 0x0000, 0x0000, 0x0000, 0x0000,
  0x0000, 0x0000, 0x0000, 0x0000, 0x0000, 0x0000, 0x0000, 0x0000, 0x0000, 0x0000, 0x0000, 0x0000,
  0x0000, 0x0000, 0x0000, 0x0000, 0x0000, 0x0000, 0x0000, 0x0000, 0x0000, 0x0000, 0x0000, 0x0000,
  0x0000, 0x0000, 0x0000, 0x0000, 0x0000, 0x0000, 0x0000, 0x0000, 0x0000, 0x0000, 0x0000, 0x0000,
  0x0000, 0x0000, 0x0000, 0x0000, 0x0000, 0x0000, 0x0000, 0x0000, 0x0000, 0x0000, 0x0000, 0x0000,
  0x0000, 0x0000, 0x0000, 0x0000, 0x0000, 0x0000, 0x0000, 0x0000, 0x0000, 0x0000, 0x0000, 0x0000,
  0x0000, 0x0000, 0x0000, 0x0000, 0x0000, 0x0000, 0x0000, 0x0000, 0x0000, 0x0000, 0x0000, 0x0000,
  0x0000, 0x0000, 0x0000, 0x0000, 0x0000, 0x0000, 0x0000, 0x0000, 0x0000, 0x0000, 0x0000, 0x0000,
  0x0000, 0x0000, 0x0000, 0x0000, 0x0000, 0x0000, 0x0000, 0x0000, 0x0000, 0x0000, 0x0000, 0x0000,
  0x0000, 0x0000, 0x0000, 0x0000, 0x0000, 0x0000, 0x0000, 0x0000, 0x0000, 0x0000, 0x0000, 0x0000,
  0x0000, 0x0000, 0x0000, 0x0000, 0x0000, 0x0000, 0x0000, 0x0000, 0x0000, 0x0000, 0x0000, 0x0000,
  0x0000, 0x0000, 0x0000, 0x0000, 0x0000, 0x0000, 0x0000, 0x0000, 0x0000, 0x0000, 0x0000, 0x0000,
  0x0000, 0x0000, 0x0000, 0x0000, 0x0000, 0x0000, 0x0000, 0x0000, 0x0000, 0x0000, 0x0000, 0x0000,
  0x0000, 0x0000, 0x0000, 0x0000, 0x0000, 0x0000, 0x0000, 0x0000, 0x0000, 0x0000, 0x0000, 0x0000,
  0x0000, 0x0000, 0x0000, 0x0000, 0x0000, 0x0000, 0x0000, 0x0000, 0x0000, 0x0000, 0x0000, 0x0000,
  0x0000, 0x0000, 0x0000, 0x0000, 0x0000, 0x0000, 0x0000, 0x0000, 0x0000, 0x0000, 0x0000, 0x0000,
  0x0000, 0x0000, 0x0000, 0x0000, 0x0000, 0x0000, 0x0000, 0x0000, 0x0000, 0x0000, 0x0000, 0x0000,
  0x0000, 0x0000, 0x0000, 0x0000, 0x0000, 0x0000, 0x0000, 0x0000, 0x0000, 0x0000, 0x0000, 0x0000,
  0x0000, 0x0000, 0x0000, 0x0000, 0x0000, 0x0000, 0x0000, 0x0000, 0x0000, 0x0000, 0x0000, 0x0000,
  0x0000, 0x0000, 0x0000, 0x0000, 0x0000, 0x0000, 0x0000, 0x0000, 0x0000, 0x0000, 0x0000, 0x0000,
  0x0000, 0x0000, 0x0000, 0x0000, 0x0000, 0x0000, 0x0000, 0x0000, 0x0000, 0x0000, 0x0000, 0x0000,
  0x0000, 0x0000, 0x0000, 0x0000, 0x0000, 0x0000, 0x0000, 0x0000, 0x0000, 0x0000, 0x0000, 0x0000,
  0x0000, 0x0000, 0x0000, 0x0000, 0x0000, 0x0000, 0x0000, 0x0000, 0x0000, 0x0000, 0x0000, 0x0000,
  0x0000, 0x0000, 0x0000, 0x0000, 0x0000, 0x0000, 0x0000, 0x0000, 0x0000, 0x0000, 0x0000, 0x0000,
  0x0000, 0x0000, 0x0000, 0x0000, 0x0000, 0x0000, 0x0000, 0x0000, 0x0000, 0x0000, 0x0000, 0x0000,
  0x0000, 0x0000, 0x0000, 0x0000, 0x0000, 0x0000, 0x0000, 0x0000, 0x0000, 0x0000, 0x0000, 0x0000,
  0x0000, 0x0000, 0x0000, 0x0000, 0x0000, 0x0000, 0x0000, 0x0000, 0x0000, 0x0000, 0x0000, 0x0000,
  0x0000, 0x0000, 0x0000, 0x0000, 0x0000, 0x0000, 0x0000, 0x0000, 0x0000, 0x0000, 0x0000, 0x0000,
  0x0000, 0x0000, 0x0000, 0x0000, 0x0000, 0x0000, 0x0000, 0x0000, 0x0000, 0x0000, 0x0000, 0x0000,
  0x0000, 0x0000, 0x0000, 0x0000, 0x0000, 0x0000, 0x0000, 0x0000, 0x0000, 0x0000, 0x0000, 0x0000,
  0x0000, 0x0000, 0x0000, 0x0000, 0x0000, 0x0000, 0x0000, 0x0000, 0x0000, 0x0000, 0x0000, 0x0000,
  0x0000, 0x0000, 0x0000, 0x0000, 0x0000, 0x0000, 0x0000, 0x0000, 0x0000, 0x0000, 0x0000, 0x0000,
  0x0000, 0x0000, 0x0000, 0x0000, 0x0000, 0x0000, 0x0000, 0x0000, 0x0000, 0x0000, 0x0000, 0x0000,
  0x0000, 0x0000, 0x0000, 0x0000, 0x0000, 0x0000, 0x0000, 0x0000, 0x0000, 0x0000, 0x0000, 0x0000,
  0x0000, 0x0000, 0x0000, 0x0000, 0x0000, 0x0000, 0x0000, 0x0000, 0x0000, 0x0000, 0x0000, 0x0000,
  0x0000, 0x0000, 0x0000, 0x0000, 0x0000, 0x0000, 0x0000, 0x0000, 0x0000, 0x0000, 0x0000, 0x0000,
  0x0000, 0x0000, 0x0000, 0x0000, 0x0000, 0x0000, 0x0000, 0x0000, 0x0000, 0x0000, 0x0000, 0x0000,
  0x0000, 0x0000, 0x0000, 0x0000, 0x0000, 0x0000, 0x0000, 0x0000, 0x0000, 0x0000, 0x0000, 0x0000,
  0x0000, 0x0000, 0x0000, 0x0000, 0x0000, 0x0000, 0x0000, 0x0000, 0x0000, 0x0000, 0x0000, 0x0000,
  0x0000, 0x0000, 0x0000, 0x0000, 0x0000, 0x0000, 0x0000, 0x0000, 0x0000, 0x0000, 0x0000, 0x0000,
  0x0000, 0x0000, 0x0000, 0x0000, 0x0000, 0x0000, 0x0000, 0x0000, 0x0000, 0x0000, 0x0000, 0x0000,
  0x0000, 0x0000, 0x0000, 0x0000, 0x0000, 0x0000, 0x0000, 0x0000, 0x0000, 0x0000, 0x0000, 0x0000,
  0x0000, 0x0000, 0x0000, 0x0000, 0x0000, 0x0000, 0x0000, 0x0000, 0x0000, 0x0000, 0x0000, 0x0000,
  0x0000, 0x0000, 0x0000, 0x0000, 0x0000, 0x0000, 0x0000, 0x0000, 0x0000, 0x0000, 0x0000, 0x0000,
  0x0000, 0x0000, 0x0000, 0x0000, 0x0000, 0x0000, 0x0000, 0x0000, 0x0000, 0x0000, 0x0000, 0x0000,
  0x0000, 0x0000, 0x0000, 0x0000, 0x0000, 0x0000, 0x0000, 0x0000, 0x0000, 0x0000, 0x0000, 0x0000,
  0x0000, 0x0000, 0x0000, 0x0000, 0x0000, 0x0000, 0x0000, 0x0000, 0x0000, 0x0000, 0x0000, 0x0000,
  0x0000, 0x0000, 0x0000, 0x0000, 0x0000, 0x0000, 0x0000, 0x0000, 0x0000, 0x0000, 0x0000, 0x0000,
  0x0000, 0x0000, 0x0000, 0x0000, 0x0000, 0x0000, 0x0000, 0x0000, 0x0000, 0x0000, 0x0000, 0x0000,
  0x0000, 0x0000, 0x0000, 0x0000, 0x0000, 0x0000, 0x0000, 0x0000, 0x0000, 0x0000, 0x0000, 0x0000,
  0x0000, 0x0000, 0x0000, 0x0000, 0x0000, 0x0000, 0x0000, 0x0000, 0x0000, 0x0000, 0x0000, 0x0000,
  0x0000, 0x0000, 0x0000, 0x0000, 0x0000, 0x0000, 0x0000, 0x0000, 0x0000, 0x0000, 0x0000, 0x0000,
  0x0000, 0x0000, 0x0000, 0x0000, 0x0000, 0x0000, 0x0000, 0x0000, 0x0000, 0x0000, 0x0000, 0x0000,
  0x0000, 0x0000, 0x0000, 0x0000, 0x0000, 0x0000, 0x0000, 0x0000, 0x0000, 0x0000, 0x0000, 0x0000,
  0x0000, 0x0000, 0x0000, 0x0000, 0x0000, 0x0000, 0x0000, 0x0000, 0x0000, 0x0000, 0x0000, 0x0000,
  0x0000, 0x0000, 0x0000, 0x0000, 0x0000, 0x0000, 0x0000, 0x0000, 0x0000, 0x0000, 0x0000, 0x0000,
  0x0000, 0x0000, 0x0000, 0x0000, 0x0000, 0x0000, 0x0000, 0x0000, 0x0000, 0x0000, 0x0000, 0x0000,
  0x0000, 0x0000, 0x0000, 0x0000, 0x0000, 0x0000, 0x0000, 0x0000, 0x0000, 0x0000, 0x0000, 0x0000,
  0x0000, 0x0000, 0x0000, 0x0000, 0x0000, 0x0000, 0x0000, 0x0000, 0x0000, 0x0000, 0x0000, 0x0000,
  0x0000, 0x0000, 0x0000, 0x0000, 0x0000, 0x0000, 0x0000, 0x0000, 0x0000, 0x0000, 0x0000, 0x0000,
  0x0000, 0x0000, 0x0000, 0x0000, 0x0000, 0x0000, 0x0000, 0x0000, 0x0000, 0x0000, 0x0000, 0x0000,
  0x0000, 0x0000, 0x0000, 0x0000, 0x0000, 0x0000, 0x0000, 0x0000, 0x0000, 0x0000, 0x0000, 0x0000,
  0x0000, 0x0000, 0x0000, 0x0000, 0x0000, 0x0000, 0x0000, 0x0000, 0x0000, 0x0000, 0x0000, 0x0000,
  0x0000, 0x0000, 0x0000, 0x0000, 0x0000, 0x0000, 0x0000, 0x0000, 0x0000, 0x0000, 0x0000, 0x0000,
  0x0000, 0x0000, 0x0000, 0x0000, 0x0000, 0x0000, 0x0000, 0x0000, 0x0000, 0x0000, 0x0000, 0x0000,
  0x0000, 0x0000, 0x0000, 0x0000, 0x0000, 0x0000, 0x0000, 0x0000, 0x0000, 0x0000, 0x0000, 0x0000,
  0x0000, 0x0000, 0x0000, 0x0000, 0x0000, 0x0000, 0x0000, 0x0000, 0x0000, 0x0000, 0x0000, 0x0000,
  0x0000, 0x0000, 0x0000, 0x0000, 0x0000, 0x0000, 0x0000, 0x0000, 0x0000, 0x0000, 0x0000, 0x0000,
  0x0000, 0x0000, 0x0000, 0x0000, 0x0000, 0x0000, 0x0000, 0x0000, 0x0000, 0x0000, 0x0000, 0x0000,
  0x0000, 0x0000, 0x0000, 0x0000, 0x0000, 0x0000, 0x0000, 0x0000, 0x0000, 0x0000, 0x0000, 0x0000,
  0x0000, 0x0000, 0x0000, 0x0000, 0x0000, 0x0000, 0x0000, 0x0000, 0x0000, 0x0000, 0x0000, 0x0000,
  0x0000, 0x0000, 0x0000, 0x0000, 0x0000, 0x0000, 0x0000, 0x0000, 0x0000, 0x0000, 0x0000, 0x0000,
  0x0000, 0x0000, 0x0000, 0x0000, 0x0000, 0x0000, 0x0000, 0x0000, 0x0000, 0x0000, 0x0000, 0x0000,
  0x0000, 0x0000, 0x0000, 0x0000, 0x0000, 0x0000, 0x0000, 0x0000, 0x0000, 0x0000, 0x0000, 0x0000,
  0x0000, 0x0000, 0x0000, 0x0000, 0x0000, 0x0000, 0x0000, 0x0000, 0x0000, 0x0000, 0x0000, 0x0000,
  0x0000, 0x0000, 0x0000, 0x0000, 0x0000, 0x0000, 0x0000, 0x0000, 0x0000, 0x0000, 0x0000, 0x0000,
  0x0000, 0x0000, 0x0000, 0x0000, 0x0000, 0x0000, 0x0000, 0x0000, 0x0000, 0x0000, 0x0000, 0x0000,
  0x0000, 0x0000, 0x0000, 0x0000, 0x0000, 0x0000, 0x0000, 0x0000, 0x0000, 0x0000, 0x0000, 0x0000,
  0x0000, 0x0000, 0x0000, 0x0000, 0x0000, 0x0000, 0x0000, 0x0000, 0x0000, 0x0000, 0x0000, 0x0000,
  0x0000, 0x0000, 0x0000, 0x0000, 0x0000, 0x0000, 0x0000, 0x0000, 0x0000, 0x0000, 0x0000, 0x0000,
  0x0000, 0x0000, 0x0000, 0x0000, 0x0000, 0x0000, 0x0000, 0x0000, 0x0000, 0x0000, 0x0000, 0x0000,
  0x0000, 0x0000, 0x0000, 0x0000, 0x0000, 0x0000, 0x0000, 0x0000, 0x0000, 0x0000, 0x0000, 0x0000,
  0x0000, 0x0000, 0x0000, 0x0000, 0x0000, 0x0000, 0x0000, 0x0000, 0x0000, 0x0000, 0x0000, 0x0000,
  0x0000, 0x0000, 0x0000, 0x0000, 0x0000, 0x0000, 0x0000, 0x0000, 0x0000, 0x0000, 0x0000, 0x0000,
  0x0000, 0x0000, 0x0000, 0x0000, 0x0000, 0x0000, 0x0000, 0x0000, 0x0000, 0x0000, 0x0000, 0x0000,
  0x0000, 0x0000, 0x0000, 0x0000, 0x0000, 0x0000, 0x0000, 0x0000, 0x0000, 0x0000, 0x0000, 0x0000,
  0x0000, 0x0000, 0x0000, 0x0000, 0x0000, 0x0000, 0x0000, 0x0000, 0x0000, 0x0000, 0x0000, 0x0000,
  0x0000, 0x0000, 0x0000, 0x0000, 0x0000, 0x0000, 0x0000, 0x0000, 0x0000, 0x0000, 0x0000, 0x0000,
  0x0000, 0x0000, 0x0000, 0x0000, 0x0000, 0x0000, 0x0000, 0x0000, 0x0000, 0x0000, 0x0000, 0x0000,
  0x0000, 0x0000, 0x0000, 0x0000, 0x0000, 0x0000, 0x0000, 0x0000, 0x0000, 0x0000, 0x0000, 0x0000,
  0x0000, 0x0000, 0x0000, 0x0000, 0x0000, 0x0000, 0x0000, 0x0000, 0x0000, 0x0000, 0x0000, 0x0000,
  0x0000, 0x0000, 0x0000, 0x0000, 0x0000, 0x0000, 0x0000, 0x0000, 0x0000, 0x0000, 0x0000, 0x0000,
  0x0000, 0x0000, 0x0000, 0x0000, 0x0000, 0x0000, 0x0000, 0x0000, 0x0000, 0x0000, 0x0000, 0x0000,
  0x0000, 0x0000, 0x0000, 0x0000, 0x0000, 0x0000, 0x0000, 0x0000, 0x0000, 0x0000, 0x0000, 0x0000,
  0x0000, 0x0000, 0x0000, 0x0000, 0x0000, 0x0000, 0x0000, 0x0000, 0x0000, 0x0000, 0x0000, 0x0000,
  0x0000, 0x0000, 0x0000, 0x0000, 0x0000, 0x0000, 0x0000, 0x0000, 0x0000, 0x0000, 0x0000, 0x0000,
  0x0000, 0x0000, 0x0000, 0x0000, 0x0000, 0x0000, 0x0000, 0x0000, 0x0000, 0x0000, 0x0000, 0x0000,
  0x0000, 0x0000, 0x0000, 0x0000, 0x0000, 0x0000, 0x0000, 0x0000, 0x0000, 0x0000, 0x0000, 0x0000,
  0x0000, 0x0000, 0x0000, 0x0000, 0x0000, 0x0000, 0x0000, 0x0000, 0x0000, 0x0000, 0x0000, 0x0000,
  0x0000, 0x0000, 0x0000, 0x0000, 0x0000, 0x0000, 0x0000, 0x0000, 0x0000, 0x0000, 0x0000, 0x0000,
  0x0000, 0x0000, 0x0000, 0x0000, 0x0000, 0x0000, 0x0000, 0x0000, 0x0000, 0x0000, 0x0000, 0x0000,
  0x0000, 0x0000, 0x0000, 0x0000, 0x0000, 0x0000, 0x0000, 0x0000, 0x0000, 0x0000, 0x0000, 0x0000,
  0x0000, 0x0000, 0x0000, 0x0000, 0x0000, 0x0000, 0x0000, 0x0000, 0x0000, 0x0000, 0x0000, 0x0000,
  0x0000, 0x0000, 0x0000, 0x0000, 0x0000, 0x0000, 0x0000, 0x0000, 0x0000, 0x0000, 0x0000, 0x0000,
  0x0000, 0x0000, 0x0000, 0x0000, 0x0000, 0x0000, 0x0000, 0x0000, 0x0000, 0x0000, 0x0000, 0x0000,
  0x0000, 0x0000, 0x0000, 0x0000, 0x0000, 0x0000, 0x0000, 0x0000, 0x0000, 0x0000, 0x0000, 0x0000,
  0x0000, 0x0000, 0x0000, 0x0000, 0x0000, 0x0000, 0x0000, 0x0000, 0x0000, 0x0000, 0x0000, 0x0000,
  0x0000, 0x0000, 0x0000, 0x0000, 0x0000, 0x0000, 0x0000, 0x0000, 0x0000, 0x0000, 0x0000, 0x0000,
  0x0000, 0x0000, 0x0000, 0x0000, 0x0000, 0x0000, 0x0000, 0x0000, 0x0000, 0x0000, 0x0000, 0x0000,
  0x0000, 0x0000, 0x0000, 0x0000, 0x0000, 0x0000, 0x0000, 0x0000, 0x0000, 0x0000, 0x0000, 0x0000,
  0x0000, 0x0000, 0x0000, 0x0000, 0x0000, 0x0000, 0x0000, 0x0000, 0x0000, 0x0000, 0x0000, 0x0000,
  0x0000, 0x0000, 0x0000, 0x0000, 0x0000, 0x0000, 0x0000, 0x0000, 0x0000, 0x0000, 0x0000, 0x0000,
  0x0000, 0x0000, 0x0000, 0x0000, 0x0000, 0x0000, 0x0000, 0x0000, 0x0000, 0x0000, 0x0000, 0x0000,
  0x0000, 0x0000, 0x0000, 0x0000, 0x0000, 0x0000, 0x0000, 0x0000, 0x0000, 0x0000, 0x0000, 0x0000,
  0x0000, 0x0000, 0x0000, 0x0000, 0x0000, 0x0000, 0x0000, 0x0000, 0x0000, 0x0000, 0x0000, 0x0000,
  0x0000, 0x0000, 0x0000, 0x0000, 0x0000, 0x0000, 0x0000, 0x0000, 0x0000, 0x0000, 0x0000, 0x0000,
  0x0000, 0x0000, 0x0000, 0x0000, 0x0000, 0x0000, 0x0000, 0x0000, 0x0000, 0x0000, 0x0000, 0x0000,
  0x0000, 0x0000, 0x0000, 0x0000, 0x0000, 0x0000, 0x0000, 0x0000, 0x0000, 0x0000, 0x0000, 0x0000,
  0x0000, 0x0000, 0x0000, 0x0000, 0x0000, 0x0000, 0x0000, 0x0000, 0x0000, 0x0000, 0x0000, 0x0000,
  0x0000, 0x0000, 0x0000, 0x0000, 0x0000, 0x0000, 0x0000, 0x0000, 0x0000, 0x0000, 0x0000, 0x0000,
  0x0000, 0x0000, 0x0000, 0x0000, 0x0000, 0x0000, 0x0000, 0x0000, 0x0000, 0x0000, 0x0000, 0x0000,
  0x0000, 0x0000, 0x0000, 0x0000, 0x0000, 0x0000, 0x0000, 0x0000, 0x0000, 0x0000, 0x0000, 0x0000,
  0x0000, 0x0000, 0x0000, 0x0000, 0x0000, 0x0000, 0x0000, 0x0000, 0x0000, 0x0000, 0x0000, 0x0000,
  0x0000, 0x0000, 0x0000, 0x0000, 0x0000, 0x0000, 0x0000, 0x0000, 0x0000, 0x0000, 0x0000, 0x0000,
  0x0000, 0x0000, 0x0000, 0x0000, 0x0000, 0x0000, 0x0000, 0x0000, 0x0000, 0x0000, 0x0000, 0x0000,
  0x0000, 0x0000, 0x0000, 0x0000, 0x0000, 0x0000, 0x0000, 0x0000, 0x0000, 0x0000, 0x0000, 0x0000,
  0x0000, 0x0000, 0x0000, 0x0000, 0x0000, 0x0000, 0x0000, 0x0000, 0x0000, 0x0000, 0x0000, 0x0000,
  0x0000, 0x0000, 0x0000, 0x0000, 0x0000, 0x0000, 0x0000, 0x0000, 0x0000, 0x0000, 0x0000, 0x0000,
  0x0000, 0x0000, 0x0000, 0x0000, 0x0000, 0x0000, 0x0000, 0x0000, 0x0000, 0x0000, 0x0000, 0x0000,
  0x0000, 0x0000, 0x0000, 0x0000, 0x0000, 0x0000, 0x0000, 0x0000, 0x0000, 0x0000, 0x0000, 0x0000,
  0x0000, 0x0000, 0x0000, 0x0000, 0x0000, 0x0000, 0x0000, 0x0000, 0x0000, 0x0000, 0x0000, 0x0000,
  0x0000, 0x0000, 0x0000, 0x0000, 0x0000, 0x0000, 0x0000, 0x0000, 0x0000, 0x0000, 0x0000, 0x0000,
  0x0000, 0x0000, 0x0000, 0x0000, 0x0000, 0x0000, 0x0000, 0x0000, 0x0000, 0x0000, 0x0000, 0x0000,
  0x0000, 0x0000, 0x0000, 0x0000, 0x0000, 0x0000, 0x0000, 0x0000, 0x0000, 0x0000, 0x0000, 0x0000,
  0x0000, 0x0000, 0x0000, 0x0000, 0x0000, 0x0000, 0x0000, 0x0000, 0x0000, 0x0000, 0x0000, 0x0000,
  0x0000, 0x0000, 0x0000, 0x0000, 0x0000, 0x0000, 0x0000, 0x0000, 0x0000, 0x0000, 0x0000, 0x0000,
  0x0000, 0x0000, 0x0000, 0x0000, 0x0000, 0x0000, 0x0000, 0x0000, 0x0000, 0x0000, 0x0000, 0x0000,
  0x0000, 0x0000, 0x0000, 0x0000, 0x0000, 0x0000, 0x0000, 0x0000, 0x0000, 0x0000, 0x0000, 0x0000,
  0x0000, 0x0000, 0x0000, 0x0000, 0x0000, 0x0000, 0x0000, 0x0000, 0x0000, 0x0000, 0x0000, 0x0000,
  0x0000, 0x0000, 0x0000, 0x0000, 0x0000, 0x0000, 0x0000, 0x0000, 0x0000, 0x0000, 0x0000, 0x0000,
  0x0000, 0x0000, 0x0000, 0x0000, 0x0000, 0x0000, 0x0000, 0x0000, 0x0000, 0x0000, 0x0000, 0x0000,
  0x0000, 0x0000, 0x0000, 0x0000, 0x0000, 0x0000, 0x0000, 0x0000, 0x0000, 0x0000, 0x0000, 0x0000,
  0x0000, 0x0000, 0x0000, 0x0000, 0x0000, 0x0000, 0x0000, 0x0000, 0x0000, 0x0000, 0x0000, 0x0000,
  0x0000, 0x0000, 0x0000, 0x0000, 0x0000, 0x0000, 0x0000, 0x0000, 0x0000, 0x0000, 0x0000, 0x0000,
  0x0000, 0x0000, 0x0000, 0x0000, 0x0000, 0x0000, 0x0000, 0x0000, 0x0000, 0x0000, 0x0000, 0x0000,
  0x0000, 0x0000, 0x0000, 0x0000, 0x0000, 0x0000, 0x0000, 0x0000, 0x0000, 0x0000, 0x0000, 0x0000,
  0x0000, 0x0000, 0x0000, 0x0000, 0x0000, 0x0000, 0x0000, 0x0000, 0x0000, 0x0000, 0x0000, 0x0000,
  0x0000, 0x0000, 0x0000, 0x0000, 0x0000, 0x0000, 0x0000, 0x0000, 0x0000, 0x0000, 0x0000, 0x0000,
  0x0000, 0x0000, 0x0000, 0x0000, 0x0000, 0x0000, 0x0000, 0x0000, 0x0000, 0x0000, 0x0000, 0x0000,
  0x0000, 0x0000, 0x0000, 0x0000, 0x0000, 0x0000, 0x0000, 0x0000, 0x0000, 0x0000, 0x0000, 0x0000,
  0x0000, 0x0000, 0x0000, 0x0000, 0x0000, 0x0000, 0x0000, 0x0000, 0x0000, 0x0000, 0x0000, 0x0000,
  0x0000, 0x0000, 0x0000, 0x0000, 0x0000, 0x0000, 0x0000, 0x0000, 0x0000, 0x0000, 0x0000, 0x0000,
  0x0000, 0x0000, 0x0000, 0x0000, 0x0000, 0x0000, 0x0000, 0x0000, 0x0000, 0x0000, 0x0000, 0x0000,
  0x0000, 0x0000, 0x0000, 0x0000, 0x0000, 0x0000, 0x0000, 0x0000, 0x0000, 0x0000, 0x0000, 0x0000,
  0x0000, 0x0000, 0x0000, 0x0000, 0x0000, 0x0000, 0x0000, 0x0000, 0x0000, 0x0000, 0x0000, 0x0000,
  0x0000, 0x0000, 0x0000, 0x0000, 0x0000, 0x0000, 0x0000, 0x0000, 0x0000, 0x0000, 0x0000, 0x0000,
  0x0000, 0x0000, 0x0000, 0x0000, 0x0000, 0x0000, 0x0000, 0x0000, 0x0000, 0x0000, 0x0000, 0x0000,
  0x0000, 0x0000, 0x0000, 0x0000, 0x0000, 0x0000, 0x0000, 0x0000, 0x0000, 0x0000, 0x0000, 0x0000,
  0x0000, 0x0000, 0x0000, 0x0000, 0x0000, 0x0000, 0x0000, 0x0000, 0x0000, 0x0000, 0x0000, 0x0000,
  0x0000, 0x0000, 0x0000, 0x0000, 0x0000, 0x0000, 0x0000, 0x0000, 0x0000, 0x0000, 0x0000, 0x0000,
  0x0000, 0x0000, 0x0000, 0x0000, 0x0000, 0x0000, 0x0000, 0x0000, 0x0000, 0x0000, 0x0000, 0x0000,
  0x0000, 0x0000, 0x0000, 0x0000, 0x0000, 0x0000, 0x0000, 0x0000, 0x0000, 0x0000, 0x0000, 0x0000,
  0x0000, 0x0000, 0x0000, 0x0000, 0x0000, 0x0000, 0x0000, 0x0000, 0x0000, 0x0000, 0x0000, 0x0000,
  0x0000, 0x0000, 0x0000, 0x0000, 0x0000, 0x0000, 0x0000, 0x0000, 0x0000, 0x0000, 0x0000, 0x0000,
  0x0000, 0x0000, 0x0000, 0x0000, 0x0000, 0x0000, 0x0000, 0x0000, 0x0000, 0x0000, 0x0000, 0x0000,
  0x0000, 0x0000, 0x0000, 0x0000, 0x0000, 0x0000, 0x0000, 0x0000, 0x0000, 0x0000, 0x0000, 0x0000,
  0x0000, 0x0000, 0x0000, 0x0000, 0x0000, 0x0000, 0x0000, 0x0000, 0x0000, 0x0000, 0x0000, 0x0000,
  0x0000, 0x0000, 0x0000, 0x0000, 0x0000, 0x0000, 0x0000, 0x0000, 0x0000, 0x0000, 0x0000, 0x0000,
  0x0000, 0x0000, 0x0000, 0x0000, 0x0000, 0x0000, 0x0000, 0x0000, 0x0000, 0x0000, 0x0000, 0x0000,
  0x0000, 0x0000, 0x0000, 0x0000, 0x0000, 0x0000, 0x0000, 0x0000, 0x0000, 0x0000, 0x0000, 0x0000,
  0x0000, 0x0000, 0x0000, 0x0000, 0x0000, 0x0000, 0x0000, 0x0000, 0x0000, 0x0000, 0x0000, 0x0000,
  0x0000, 0x0000, 0x0000, 0x0000, 0x0000, 0x0000, 0x0000, 0x0000, 0x0000, 0x0000, 0x0000, 0x0000,
  0x0000, 0x0000, 0x0000, 0x0000, 0x0000, 0x0000, 0x0000, 0x0000, 0x0000, 0x0000, 0x0000, 0x0000,
  0x0000, 0x0000, 0x0000, 0x0000, 0x0000, 0x0000, 0x0000, 0x0000, 0x0000, 0x0000, 0x0000, 0x0000,
  0x0000, 0x0000, 0x0000, 0x0000, 0x0000, 0x0000, 0x0000, 0x0000, 0x0000, 0x0000, 0x0000, 0x0000,
  0x0000, 0x0000, 0x0000, 0x0000, 0x0000, 0x0000, 0x0000, 0x0000, 0x0000, 0x0000, 0x0000, 0x0000,
  0x0000, 0x0000, 0x0000, 0x0000, 0x0000, 0x0000, 0x0000, 0x0000, 0x0000, 0x0000, 0x0000, 0x0000,
  0x0000, 0x0000, 0x0000, 0x0000, 0x0000, 0x0000, 0x0000, 0x0000, 0x0000, 0x0000, 0x0000, 0x0000,
  0x0000, 0x0000, 0x0000, 0x0000, 0x0000, 0x0000, 0x0000, 0x0000, 0x0000, 0x0000, 0x0000, 0x0000,
  0x0000, 0x0000, 0x0000, 0x0000, 0x0000, 0x0000, 0x0000, 0x0000, 0x0000, 0x0000, 0x0000, 0x0000,
  0x0000, 0x0000, 0x0000, 0x0000, 0x0000, 0x0000, 0x0000, 0x0000, 0x0000, 0x0000, 0x0000, 0x0000,
  0x0000, 0x0000, 0x0000, 0x0000, 0x0000, 0x0000, 0x0000, 0x0000, 0x0000, 0x0000, 0x0000, 0x0000,
  0x0000, 0x0000, 0x0000, 0x0000, 0x0000, 0x0000, 0x0000, 0x0000, 0x0000, 0x0000, 0x0000, 0x0000,
  0x0000, 0x0000, 0x0000, 0x0000, 0x0000, 0x0000, 0x0000, 0x0000, 0x0000, 0x0000, 0x0000, 0x0000,
  0x0000, 0x0000, 0x0000, 0x0000, 0x0000, 0x0000, 0x0000, 0x0000, 0x0000, 0x0000, 0x0000, 0x0000,
  0x0000, 0x0000, 0x0000, 0x0000, 0x0000, 0x0000, 0x0000, 0x0000, 0x0000, 0x0000, 0x0000, 0x0000,
  0x0000, 0x0000, 0x0000, 0x0000, 0x0000, 0x0000, 0x0000, 0x0000, 0x0000, 0x0000, 0x0000, 0x0000,
  0x0000, 0x0000, 0x0000, 0x0000, 0x0000, 0x0000, 0x0000, 0x0000, 0x0000, 0x0000, 0x0000, 0x0000,
  0x0000, 0x0000, 0x0000, 0x0000, 0x0000, 0x0000, 0x0000, 0x0000, 0x0000, 0x0000, 0x0000, 0x0000,
  0x0000, 0x0000, 0x0000, 0x0000, 0x0000, 0x0000, 0x0000, 0x0000, 0x0000, 0x0000, 0x0000, 0x0000,
  0x0000, 0x0000, 0x0000, 0x0000, 0x0000, 0x0000, 0x0000, 0x0000, 0x0000, 0x0000, 0x0000, 0x0000,
  0x0000, 0x0000, 0x0000, 0x0000, 0x0000, 0x0000, 0x0000, 0x0000, 0x0000, 0x0000, 0x0000, 0x0000,
  0x0000, 0x0000, 0x0000, 0x0000, 0x0000, 0x0000, 0x0000, 0x0000, 0x0000, 0x0000, 0x0000, 0x0000,
  0x0000, 0x0000, 0x0000, 0x0000, 0x0000, 0x0000, 0x0000, 0x0000, 0x0000, 0x0000, 0x0000, 0x0000,
  0x0000, 0x0000, 0x0000, 0x0000, 0x0000, 0x0000, 0x0000, 0x0000, 0x0000, 0x0000, 0x0000, 0x0000,
  0x0000, 0x0000, 0x0000, 0x0000, 0x0000, 0x0000, 0x0000, 0x0000, 0x0000, 0x0000, 0x0000, 0x0000,
  0x0000, 0x0000, 0x0000, 0x0000, 0x0000, 0x0000, 0x0000, 0x0000, 0x0000, 0x0000, 0x0000, 0x0000,
  0x0000, 0x0000, 0x0000, 0x0000, 0x0000, 0x0000, 0x0000, 0x0000, 0x0000, 0x0000, 0x0000, 0x0000,
  0x0000, 0x0000, 0x0000, 0x0000, 0x0000, 0x0000, 0x0000, 0x0000, 0x0000, 0x0000, 0x0000, 0x0000,
  0x0000, 0x0000, 0x0000, 0x0000, 0x0000, 0x0000, 0x0000, 0x0000, 0x0000, 0x0000, 0x0000, 0x0000,
  0x0000, 0x0000, 0x0000, 0x0000, 0x0000, 0x0000, 0x0000, 0x0000, 0x0000, 0x0000, 0x0000, 0x0000,
  0x0000, 0x0000, 0x0000, 0x0000, 0x0000, 0x0000, 0x0000, 0x0000, 0x0000, 0x0000, 0x0000, 0x0000,
  0x0000, 0x0000, 0x0000, 0x0000, 0x0000, 0x0000, 0x0000, 0x0000, 0x0000, 0x0000, 0x0000, 0x0000,
  0x0000, 0x0000, 0x0000, 0x0000, 0x0000, 0x0000, 0x0000, 0x0000, 0x0000, 0x0000, 0x0000, 0x0000,
  0x0000, 0x0000, 0x0000, 0x0000, 0x0000, 0x0000, 0x0000, 0x0000, 0x0000, 0x0000, 0x0000, 0x0000,
  0x0000, 0x0000, 0x0000, 0x0000, 0x0000, 0x0000, 0x0000, 0x0000, 0x0000, 0x0000, 0x0000, 0x0000,
  0x0000, 0x0000, 0x0000, 0x0000, 0x0000, 0x0000, 0x0000, 0x0000, 0x0000, 0x0000, 0x0000, 0x0000,
  0x0000, 0x0000, 0x0000, 0x0000, 0x0000, 0x0000, 0x0000, 0x0000, 0x0000, 0x0000, 0x0000, 0x0000,
  0x0000, 0x0000, 0x0000, 0x0000, 0x0000, 0x0000, 0x0000, 0x0000, 0x0000, 0x0000, 0x0000, 0x0000,
  0x0000, 0x0000, 0x0000, 0x0000, 0x0000, 0x0000, 0x0000, 0x0000, 0x0000, 0x0000, 0x0000, 0x0000,
  0x0000, 0x0000, 0x0000, 0x0000, 0x0000, 0x0000, 0x0000, 0x0000, 0x0000, 0x0000, 0x0000, 0x0000,
  0x0000, 0x0000, 0x0000, 0x0000, 0x0000, 0x0000, 0x0000, 0x0000, 0x0000, 0x0000, 0x0000, 0x0000,
  0x0000, 0x0000, 0x0000, 0x0000, 0x0000, 0x0000, 0x0000, 0x0000, 0x0000, 0x0000, 0x0000, 0x0000,
  0x0000, 0x0000, 0x0000, 0x0000, 0x0000, 0x0000, 0x0000, 0x0000, 0x0000, 0x0000, 0x0000, 0x0000,
  0x0000, 0x0000, 0x0000, 0x0000, 0x0000, 0x0000, 0x0000, 0x0000, 0x0000, 0x0000, 0x0000, 0x0000,
  0x0000, 0x0000, 0x0000, 0x0000, 0x0000, 0x0000, 0x0000, 0x0000, 0x0000, 0x0000, 0x0000, 0x0000,
  0x0000, 0x0000, 0x0000, 0x0000, 0x0000, 0x0000, 0x0000, 0x0000, 0x0000, 0x0000, 0x0000, 0x0000,
  0x0000, 0x0000, 0x0000, 0x0000, 0x0000, 0x0000, 0x0000, 0x0000, 0x0000, 0x0000, 0x0000, 0x0000,
  0x0000, 0x0000, 0x0000, 0x0000, 0x0000, 0x0000, 0x0000, 0x0000, 0x0000, 0x0000, 0x0000, 0x0000,
  0x0000, 0x0000, 0x0000, 0x0000, 0x0000, 0x0000, 0x0000, 0x0000, 0x0000, 0x0000, 0x0000, 0x0000,
  0x0000, 0x0000, 0x0000, 0x0000, 0x0000, 0x0000, 0x0000, 0x0000, 0x0000, 0x0000, 0x0000, 0x0000,
  0x0000, 0x0000, 0x0000, 0x0000, 0x0000, 0x0000, 0x0000, 0x0000, 0x0000, 0x0000, 0x0000, 0x0000,
  0x0000, 0x0000, 0x0000, 0x0000, 0x0000, 0x0000, 0x0000, 0x0000, 0x0000, 0x0000, 0x0000, 0x0000,
  0x0000, 0x0000, 0x0000, 0x0000, 0x0000, 0x0000, 0x0000, 0x0000, 0x0000, 0x0000, 0x0000, 0x0000,
  0x0000, 0x0000, 0x0000, 0x0000, 0x0000, 0x0000, 0x0000, 0x0000, 0x0000, 0x0000, 0x0000, 0x0000,
  0x0000, 0x0000, 0x0000, 0x0000, 0x0000, 0x0000, 0x0000, 0x0000, 0x0000, 0x0000, 0x0000, 0x0000,
  0x0000, 0x0000, 0x0000, 0x0000, 0x0000, 0x0000, 0x0000, 0x0000, 0x0000, 0x0000, 0x0000, 0x0000,
  0x0000, 0x0000, 0x0000, 0x0000, 0x0000, 0x0000, 0x0000, 0x0000, 0x0000, 0x0000, 0x0000, 0x0000,
  0x0000, 0x0000, 0x0000, 0x0000, 0x0000, 0x0000, 0x0000, 0x0000, 0x0000, 0x0000, 0x0000, 0x0000,
  0x0000, 0x0000, 0x0000, 0x0000, 0x0000, 0x0000, 0x0000, 0x0000, 0x0000, 0x0000, 0x0000, 0x0000,
  0x0000, 0x0000, 0x0000, 0x0000, 0x0000, 0x0000, 0x0000, 0x0000, 0x0000, 0x0000, 0x0000, 0x0000,
  0x0000, 0x0000, 0x0000, 0x0000, 0x0000, 0x0000, 0x0000, 0x0000, 0x0000, 0x0000, 0x0000, 0x0000,
  0x0000, 0x0000, 0x0000, 0x0000, 0x0000, 0x0000, 0x0000, 0x0000, 0x0000, 0x0000, 0x0000, 0x0000,
  0x0000, 0x0000, 0x0000, 0x0000, 0x0000, 0x0000, 0x0000, 0x0000, 0x0000, 0x0000, 0x0000, 0x0000,
  0x0000, 0x0000, 0x0000, 0x0000, 0x0000, 0x0000, 0x0000, 0x0000, 0x0000, 0x0000, 0x0000, 0x0000,
  0x0000, 0x0000, 0x0000, 0x0000, 0x0000, 0x0000, 0x0000, 0x0000, 0x0000, 0x0000, 0x0000, 0x0000,
  0x0000, 0x0000, 0x0000, 0x0000, 0x0000, 0x0000, 0x0000, 0x0000, 0x0000, 0x0000, 0x0000, 0x0000,
  0x0000, 0x0000, 0x0000, 0x0000, 0x0000, 0x0000, 0x0000, 0x0000, 0x0000, 0x0000, 0x0000, 0x0000,
  0x0000, 0x0000, 0x0000, 0x0000, 0x0000, 0x0000, 0x0000, 0x0000, 0x0000, 0x0000, 0x0000, 0x0000,
  0x0000, 0x0000, 0x0000, 0x0000, 0x0000, 0x0000, 0x0000, 0x0000, 0x0000, 0x0000, 0x0000, 0x0000,
  0x0000, 0x0000, 0x0000, 0x0000, 0x0000, 0x0000, 0x0000, 0x0000, 0x0000, 0x0000, 0x0000, 0x0000,
  0x0000, 0x0000, 0x0000, 0x0000, 0x0000, 0x0000, 0x0000, 0x0000, 0x0000, 0x0000, 0x0000, 0x0000,
  0x0000, 0x0000, 0x0000, 0x0000, 0x0000, 0x0000, 0x0000, 0x0000, 0x0000, 0x0000, 0x0000, 0x0000,
  0x0000, 0x0000, 0x0000, 0x0000, 0x0000, 0x0000, 0x0000, 0x0000, 0x0000, 0x0000, 0x0000, 0x0000,
  0x0000, 0x0000, 0x0000, 0x0000, 0x0000, 0x0000, 0x0000, 0x0000, 0x0000, 0x0000, 0x0000, 0x0000,
  0x0000, 0x0000, 0x0000, 0x0000, 0x0000, 0x0000, 0x0000, 0x0000, 0x0000, 0x0000, 0x0000, 0x0000,
  0x0000, 0x0000, 0x0000, 0x0000, 0x0000, 0x0000, 0x0000, 0x0000, 0x0000, 0x0000, 0x0000, 0x0000,
  0x0000, 0x0000, 0x0000, 0x0000, 0x0000, 0x0000, 0x0000, 0x0000, 0x0000, 0x0000, 0x0000, 0x0000,
  0x0000, 0x0000, 0x0000, 0x0000, 0x0000, 0x0000, 0x0000, 0x0000, 0x0000, 0x0000, 0x0000, 0x0000,
  0x0000, 0x0000, 0x0000, 0x0000, 0x0000, 0x0000, 0x0000, 0x0000, 0x0000, 0x0000, 0x0000, 0x0000,
  0x0000, 0x0000, 0x0000, 0x0000, 0x0000, 0x0000, 0x0000, 0x0000, 0x0000, 0x0000, 0x0000, 0x0000,
  0x0000, 0x0000, 0x0000, 0x0000, 0x0000, 0x0000, 0x0000, 0x0000, 0x0000, 0x0000, 0x0000, 0x0000,
  0x0000, 0x0000, 0x0000, 0x0000, 0x0000, 0x0000, 0x0000, 0x0000, 0x0000, 0x0000, 0x0000, 0x0000,
  0x0000, 0x0000, 0x0000, 0x0000, 0x0000, 0x0000, 0x0000, 0x0000, 0x0000, 0x0000, 0x0000, 0x0000,
  0x0000, 0x0000, 0x0000, 0x0000, 0x0000, 0x0000, 0x0000, 0x0000, 0x0000, 0x0000, 0x0000, 0x0000,
  0x0000, 0x0000, 0x0000, 0x0000, 0x0000, 0x0000, 0x0000, 0x0000, 0x0000, 0x0000, 0x0000, 0x0000,
  0x0000, 0x0000, 0x0000, 0x0000, 0x0000, 0x0000, 0x0000, 0x0000, 0x0000, 0x0000, 0x0000, 0x0000,
  0x0000, 0x0000, 0x0000, 0x0000, 0x0000, 0x0000, 0x0000, 0x0000, 0x0000, 0x0000, 0x0000, 0x0000,
  0x0000, 0x0000, 0x0000, 0x0000, 0x0000, 0x0000, 0x0000, 0x0000, 0x0000, 0x0000, 0x0000, 0x0000,
  0x0000, 0x0000, 0x0000, 0x0000, 0x0000, 0x0000, 0x0000, 0x0000, 0x0000, 0x0000, 0x0000, 0x0000,
  0x0000, 0x0000, 0x0000, 0x0000, 0x0000, 0x0000, 0x0000, 0x0000, 0x0000, 0x0000, 0x0000, 0x0000,
  0x0000, 0x0000, 0x0000, 0x0000, 0x0000, 0x0000, 0x0000, 0x0000, 0x0000, 0x0000, 0x0000, 0x0000,
  0x0000, 0x0000, 0x0000, 0x0000, 0x0000, 0x0000, 0x0000, 0x0000, 0x0000, 0x0000, 0x0000, 0x0000,
  0x0000, 0x0000, 0x0000, 0x0000, 0x0000, 0x0000, 0x0000, 0x0000, 0x0000, 0x0000, 0x0000, 0x0000,
  0x0000, 0x0000, 0x0000, 0x0000, 0x0000, 0x0000, 0x0000, 0x0000, 0x0000, 0x0000, 0x0000, 0x0000,
  0x0000, 0x0000, 0x0000, 0x0000, 0x0000, 0x0000, 0x0000, 0x0000, 0x0000, 0x0000, 0x0000, 0x0000,
  0x0000, 0x0000, 0x0000, 0x0000, 0x0000, 0x0000, 0x0000, 0x0000, 0x0000, 0x0000, 0x0000, 0x0000,
  0x0000, 0x0000, 0x0000, 0x0000, 0x0000, 0x0000, 0x0000, 0x0000, 0x0000, 0x0000, 0x0000, 0x0000,
  0x0000, 0x0000, 0x0000, 0x0000, 0x0000, 0x0000, 0x0000, 0x0000, 0x0000, 0x0000, 0x0000, 0x0000,
  0x0000, 0x0000, 0x0000, 0x0000, 0x0000, 0x0000, 0x0000, 0x0000, 0x0000, 0x0000, 0x0000, 0x0000,
  0x0000, 0x0000, 0x0000, 0x0000, 0x0000, 0x0000, 0x0000, 0x0000, 0x0000, 0x0000, 0x0000, 0x0000,
  0x0000, 0x0000, 0x0000, 0x0000, 0x0000, 0x0000, 0x0000, 0x0000, 0x0000, 0x0000, 0x0000, 0x0000,
  0x0000, 0x0000, 0x0000, 0x0000, 0x0000, 0x0000, 0x0000, 0x0000, 0x0000, 0x0000, 0x0000, 0x0000,
  0x0000, 0x0000, 0x0000, 0x0000, 0x0000, 0x0000, 0x0000, 0x0000, 0x0000, 0x0000, 0x0000, 0x0000,
  0x0000, 0x0000, 0x0000, 0x0000, 0x0000, 0x0000, 0x0000, 0x0000, 0x0000, 0x0000, 0x0000, 0x0000,
  0x0000, 0x0000, 0x0000, 0x0000, 0x0000, 0x0000, 0x0000, 0x0000, 0x0000, 0x0000, 0x0000, 0x0000,
  0x0000, 0x0000, 0x0000, 0x0000, 0x0000, 0x0000, 0x0000, 0x0000, 0x0000, 0x0000, 0x0000, 0x0000,
  0x0000, 0x0000, 0x0000, 0x0000, 0x0000, 0x0000, 0x0000, 0x0000, 0x0000, 0x0000, 0x0000, 0x0000,
  0x0000, 0x0000, 0x0000, 0x0000, 0x0000, 0x0000, 0x0000, 0x0000, 0x0000, 0x0000, 0x0000, 0x0000,
  0x0000, 0x0000, 0x0000, 0x0000, 0x0000, 0x0000, 0x0000, 0x0000, 0x0000, 0x0000, 0x0000, 0x0000,
  0x0000, 0x0000, 0x0000, 0x0000, 0x0000, 0x0000, 0x0000, 0x0000, 0x0000, 0x0000, 0x0000, 0x0000,
  0x0000, 0x0000, 0x0000, 0x0000, 0x0000, 0x0000, 0x0000, 0x0000, 0x0000, 0x0000, 0x0000, 0x0000,
  0x0000, 0x0000, 0x0000, 0x0000, 0x0000, 0x0000, 0x0000, 0x0000, 0x0000, 0x0000, 0x0000, 0x0000,
  0x0000, 0x0000, 0x0000, 0x0000, 0x0000, 0x0000, 0x0000, 0x0000, 0x0000, 0x0000, 0x0000, 0x0000,
  0x0000, 0x0000, 0x0000, 0x0000, 0x0000, 0x0000, 0x0000, 0x0000, 0x0000, 0x0000, 0x0000, 0x0000,
  0x0000, 0x0000, 0x0000, 0x0000, 0x0000, 0x0000, 0x0000, 0x0000, 0x0000, 0x0000, 0x0000, 0x0000,
  0x0000, 0x0000, 0x0000, 0x0000, 0x0000, 0x0000, 0x0000, 0x0000, 0x0000, 0x0000, 0x0000, 0x0000,
  0x0000, 0x0000, 0x0000, 0x0000, 0x0000, 0x0000, 0x0000, 0x0000, 0x0000, 0x0000, 0x0000, 0x0000,
  0x0000, 0x0000, 0x0000, 0x0000, 0x0000, 0x0000, 0x0000, 0x0000, 0x0000, 0x0000, 0x0000, 0x0000,
  0x0000, 0x0000, 0x0000, 0x0000, 0x0000, 0x0000, 0x0000, 0x0000, 0x0000, 0x0000, 0x0000, 0x0000,
  0x0000, 0x0000, 0x0000, 0x0000, 0x0000, 0x0000, 0x0000, 0x0000, 0x0000, 0x0000, 0x0000, 0x0000,
  0x0000, 0x0000, 0x0000, 0x0000, 0x0000, 0x0000, 0x0000, 0x0000, 0x0000, 0x0000, 0x0000, 0x0000,
  0x0000, 0x0000, 0x0000, 0x0000, 0x0000, 0x0000, 0x0000, 0x0000, 0x0000, 0x0000, 0x0000, 0x0000,
  0x0000, 0x0000, 0x0000, 0x0000, 0x0000, 0x0000, 0x0000, 0x0000, 0x0000, 0x0000, 0x0000, 0x0000,
  0x0000, 0x0000, 0x0000, 0x0000, 0x0000, 0x0000, 0x0000, 0x0000, 0x0000, 0x0000, 0x0000, 0x0000,
  0x0000, 0x0000, 0x0000, 0x0000, 0x0000, 0x0000, 0x0000, 0x0000, 0x0000, 0x0000, 0x0000, 0x0000,
  0x0000, 0x0000, 0x0000, 0x0000, 0x0000, 0x0000, 0x0000, 0x0000, 0x0000, 0x0000, 0x0000, 0x0000,
  0x0000, 0x0000, 0x0000, 0x0000, 0x0000, 0x0000, 0x0000, 0x0000, 0x0000, 0x0000, 0x0000, 0x0000,
  0x0000, 0x0000, 0x0000, 0x0000, 0x0000, 0x0000, 0x0000, 0x0000, 0x0000, 0x0000, 0x0000, 0x0000,
  0x0000, 0x0000, 0x0000, 0x0000, 0x0000, 0x0000, 0x0000, 0x0000, 0x0000, 0x0000, 0x0000, 0x0000,
  0x0000, 0x0000, 0x0000, 0x0000, 0x0000, 0x0000, 0x0000, 0x0000, 0x0000, 0x0000, 0x0000, 0x0000,
  0x0000, 0x0000, 0x0000, 0x0000, 0x0000, 0x0000, 0x0000, 0x0000, 0x0000, 0x0000, 0x0000, 0x0000,
  0x0000, 0x0000, 0x0000, 0x0000, 0x0000, 0x0000, 0x0000, 0x0000, 0x0000, 0x0000, 0x0000, 0x0000,
  0x0000, 0x0000, 0x0000, 0x0000, 0x0000, 0x0000, 0x0000, 0x0000, 0x0000, 0x0000, 0x0000, 0x0000,
  0x0000, 0x0000, 0x0000, 0x0000, 0x0000, 0x0000, 0x0000, 0x0000, 0x0000, 0x0000, 0x0000, 0x0000,
  0x0000, 0x0000, 0x0000, 0x0000, 0x0000, 0x0000, 0x0000, 0x0000, 0x0000, 0x0000, 0x0000, 0x0000,
  0x0000, 0x0000, 0x0000, 0x0000, 0x0000, 0x0000, 0x0000, 0x0000, 0x0000, 0x0000, 0x0000, 0x0000,
  0x0000, 0x0000, 0x0000, 0x0000, 0x0000, 0x0000, 0x0000, 0x0000, 0x0000, 0x0000, 0x0000, 0x0000,
  0x0000, 0x0000, 0x0000, 0x0000, 0x0000, 0x0000, 0x0000, 0x0000, 0x0000, 0x0000, 0x0000, 0x0000,
  0x0000, 0x0000, 0x0000, 0x0000, 0x0000, 0x0000, 0x0000, 0x0000, 0x0000, 0x0000, 0x0000, 0x0000,
  0x0000, 0x0000, 0x0000, 0x0000, 0x0000, 0x0000, 0x0000, 0x0000, 0x0000, 0x0000, 0x0000, 0x0000,
  0x0000, 0x0000, 0x0000, 0x0000, 0x0000, 0x0000, 0x0000, 0x0000, 0x0000, 0x0000, 0x0000, 0x0000,
  0x0000, 0x0000, 0x0000, 0x0000, 0x0000, 0x0000, 0x0000, 0x0000, 0x0000, 0x0000, 0x0000, 0x0000,
  0x0000, 0x0000, 0x0000, 0x0000, 0x0000, 0x0000, 0x0000, 0x0000, 0x0000, 0x0000, 0x0000, 0x0000,
  0x0000, 0x0000, 0x0000, 0x0000, 0x0000, 0x0000, 0x0000, 0x0000, 0x0000, 0x0000, 0x0000, 0x0000,
  0x0000, 0x0000, 0x0000, 0x0000, 0x0000, 0x0000, 0x0000, 0x0000, 0x0000, 0x0000, 0x0000, 0x0000,
  0x0000, 0x0000, 0x0000, 0x0000, 0x0000, 0x0000, 0x0000, 0x0000, 0x0000, 0x0000, 0x0000, 0x0000,
  0x0000, 0x0000, 0x0000, 0x0000, 0x0000, 0x0000, 0x0000, 0x0000, 0x0000, 0x0000, 0x0000, 0x0000,
  0x0000, 0x0000, 0x0000, 0x0000, 0x0000, 0x0000, 0x0000, 0x0000, 0x0000, 0x0000, 0x0000, 0x0000,
  0x0000, 0x0000, 0x0000, 0x0000, 0x0000, 0x0000, 0x0000, 0x0000, 0x0000, 0x0000, 0x0000, 0x0000,
  0x0000, 0x0000, 0x0000, 0x0000, 0x0000, 0x0000, 0x0000, 0x0000, 0x0000, 0x0000, 0x0000, 0x0000,
  0x0000, 0x0000, 0x0000, 0x0000, 0x0000, 0x0000, 0x0000, 0x0000, 0x0000, 0x0000, 0x0000, 0x0000,
  0x0000, 0x0000, 0x0000, 0x0000, 0x0000, 0x0000, 0x0000, 0x0000, 0x0000, 0x0000, 0x0000, 0x0000,
  0x0000, 0x0000, 0x0000, 0x0000, 0x0000, 0x0000, 0x0000, 0x0000, 0x0000, 0x0000, 0x0000, 0x0000,
  0x0000, 0x0000, 0x0000, 0x0000, 0x0000, 0x0000, 0x0000, 0x0000, 0x0000, 0x0000, 0x0000, 0x0000,
  0x0000, 0x0000, 0x0000, 0x0000, 0x0000, 0x0000, 0x0000, 0x0000, 0x0000, 0x0000, 0x0000, 0x0000,
  0x0000, 0x0000, 0x0000, 0x0000, 0x0000, 0x0000, 0x0000, 0x0000, 0x0000, 0x0000, 0x0000, 0x0000,
  0x0000, 0x0000, 0x0000, 0x0000, 0x0000, 0x0000, 0x0000, 0x0000, 0x0000, 0x0000, 0x0000, 0x0000,
  0x0000, 0x0000, 0x0000, 0x0000, 0x0000, 0x0000, 0x0000, 0x0000, 0x0000, 0x0000, 0x0000, 0x0000,
  0x0000, 0x0000, 0x0000, 0x0000, 0x0000, 0x0000, 0x0000, 0x0000, 0x0000, 0x0000, 0x0000, 0x0000,
  0x0000, 0x0000, 0x0000, 0x0000, 0x0000, 0x0000, 0x0000, 0x0000, 0x0000, 0x0000, 0x0000, 0x0000,
  0x0000, 0x0000, 0x0000, 0x0000, 0x0000, 0x0000, 0x0000, 0x0000, 0x0000, 0x0000, 0x0000, 0x0000,
  0x0000, 0x0000, 0x0000, 0x0000, 0x0000, 0x0000, 0x0000, 0x0000, 0x0000, 0x0000, 0x0000, 0x0000,
  0x0000, 0x0000, 0x0000, 0x0000, 0x0000, 0x0000, 0x0000, 0x0000, 0x0000, 0x0000, 0x0000, 0x0000,
  0x0000, 0x0000, 0x0000, 0x0000, 0x0000, 0x0000, 0x0000, 0x0000, 0x0000, 0x0000, 0x0000, 0x0000,
  0x0000, 0x0000, 0x0000, 0x0000, 0x0000, 0x0000, 0x0000, 0x0000, 0x0000, 0x0000, 0x0000, 0x0000,
  0x0000, 0x0000, 0x0000, 0x0000, 0x0000, 0x0000, 0x0000, 0x0000, 0x0000, 0x0000, 0x0000, 0x0000,
  0x0000, 0x0000, 0x0000, 0x0000, 0x0000, 0x0000, 0x0000, 0x0000, 0x0000, 0x0000, 0x0000, 0x0000,
  0x0000, 0x0000, 0x0000, 0x0000, 0x0000, 0x0000, 0x0000, 0x0000, 0x0000, 0x0000, 0x0000, 0x0000,
  0x0000, 0x0000, 0x0000, 0x0000, 0x0000, 0x0000, 0x0000, 0x0000, 0x0000, 0x0000, 0x0000, 0x0000,
  0x0000, 0x0000, 0x0000, 0x0000, 0x0000, 0x0000, 0x0000, 0x0000, 0x0000, 0x0000, 0x0000, 0x0000,
  0x0000, 0x0000, 0x0000, 0x0000, 0x0000, 0x0000, 0x0000, 0x0000, 0x0000, 0x0000, 0x0000, 0x0000,
  0x0000, 0x0000, 0x0000, 0x0000, 0x0000, 0x0000, 0x0000, 0x0000, 0x0000, 0x0000, 0x0000, 0x0000,
  0x0000, 0x0000, 0x0000, 0x0000, 0x0000, 0x0000, 0x0000, 0x0000, 0x0000, 0x0000, 0x0000, 0x0000,
  0x0000, 0x0000, 0x0000, 0x0000, 0x0000, 0x0000, 0x0000, 0x0000, 0x0000, 0x0000, 0x0000, 0x0000,
  0x0000, 0x0000, 0x0000, 0x0000, 0x0000, 0x0000, 0x0000, 0x0000, 0x0000, 0x0000, 0x0000, 0x0000,
  0x0000, 0x0000, 0x0000, 0x0000, 0x0000, 0x0000, 0x0000, 0x0000, 0x0000, 0x0000, 0x0000, 0x0000,
  0x0000, 0x0000, 0x0000, 0x0000, 0x0000, 0x0000, 0x0000, 0x0000, 0x0000, 0x0000, 0x0000, 0x0000,
  0x0000, 0x0000, 0x0000, 0x0000, 0x0000, 0x0000, 0x0000, 0x0000, 0x0000, 0x0000, 0x0000, 0x0000,
  0x0000, 0x0000, 0x0000, 0x0000, 0x0000, 0x0000, 0x0000, 0x0000, 0x0000, 0x0000, 0x0000, 0x0000,
  0x0000, 0x0000, 0x0000, 0x0000, 0x0000, 0x0000, 0x0000, 0x0000, 0x0000, 0x0000, 0x0000, 0x0000,
  0x0000, 0x0000, 0x0000, 0x0000, 0x0000, 0x0000, 0x0000, 0x0000, 0x0000, 0x0000, 0x0000, 0x0000,
  0x0000, 0x0000, 0x0000, 0x0000, 0x0000, 0x0000, 0x0000, 0x0000, 0x0000, 0x0000, 0x0000, 0x0000,
  0x0000, 0x0000, 0x0000, 0x0000, 0x0000, 0x0000, 0x0000, 0x0000, 0x0000, 0x0000, 0x0000, 0x0000,
  0x0000, 0x0000, 0x0000, 0x0000, 0x0000, 0x0000, 0x0000, 0x0000, 0x0000, 0x0000, 0x0000, 0x0000,
  0x0000, 0x0000, 0x0000, 0x0000, 0x0000, 0x0000, 0x0000, 0x0000, 0x0000, 0x0000, 0x0000, 0x0000,
  0x0000, 0x0000, 0x0000, 0x0000, 0x0000, 0x0000, 0x0000, 0x0000, 0x0000, 0x0000, 0x0000, 0x0000,
  0x0000, 0x0000, 0x0000, 0x0000, 0x0000, 0x0000, 0x0000, 0x0000, 0x0000, 0x0000, 0x0000, 0x0000,
  0x0000, 0x0000, 0x0000, 0x0000, 0x0000, 0x0000, 0x0000, 0x0000, 0x0000, 0x0000, 0x0000, 0x0000,
  0x0000, 0x0000, 0x0000, 0x0000, 0x0000, 0x0000, 0x0000, 0x0000, 0x0000, 0x0000, 0x0000, 0x0000,
  0x0000, 0x0000, 0x0000, 0x0000, 0x0000, 0x0000, 0x0000, 0x0000, 0x0000, 0x0000, 0x0000, 0x0000,
  0x0000, 0x0000, 0x0000, 0x0000, 0x0000, 0x0000, 0x0000, 0x0000, 0x0000, 0x0000, 0x0000, 0x0000,
  0x0000, 0x0000, 0x0000, 0x0000, 0x0000, 0x0000, 0x0000, 0x0000, 0x0000, 0x0000, 0x0000, 0x0000,
  0x0000, 0x0000, 0x0000, 0x0000, 0x0000, 0x0000, 0x0000, 0x0000, 0x0000, 0x0000, 0x0000, 0x0000,
  0x0000, 0x0000, 0x0000, 0x0000, 0x0000, 0x0000, 0x0000, 0x0000, 0x0000, 0x0000, 0x0000, 0x0000,
  0x0000, 0x0000, 0x0000, 0x0000, 0x0000, 0x0000, 0x0000, 0x0000, 0x0000, 0x0000, 0x0000, 0x0000,
  0x0000, 0x0000, 0x0000, 0x0000, 0x0000, 0x0000, 0x0000, 0x0000, 0x0000, 0x0000, 0x0000, 0x0000,
  0x0000, 0x0000, 0x0000, 0x0000, 0x0000, 0x0000, 0x0000, 0x0000, 0x0000, 0x0000, 0x0000, 0x0000,
  0x0000, 0x0000, 0x0000, 0x0000, 0x0000, 0x0000, 0x0000, 0x0000, 0x0000, 0x0000, 0x0000, 0x0000,
  0x0000, 0x0000, 0x0000, 0x0000, 0x0000, 0x0000, 0x0000, 0x0000, 0x0000, 0x0000, 0x0000, 0x0000,
  0x0000, 0x0000, 0x0000, 0x0000, 0x0000, 0x0000, 0x0000, 0x0000, 0x0000, 0x0000, 0x0000, 0x0000,
  0x0000, 0x0000, 0x0000, 0x0000, 0x0000, 0x0000, 0x0000, 0x0000, 0x0000, 0x0000, 0x0000, 0x0000,
  0x0000, 0x0000, 0x0000, 0x0000, 0x0000, 0x0000, 0x0000, 0x0000, 0x0000, 0x0000, 0x0000, 0x0000,
  0x0000, 0x0000, 0x0000, 0x0000, 0x0000, 0x0000, 0x0000, 0x0000, 0x0000, 0x0000, 0x0000, 0x0000,
  0x0000, 0x0000, 0x0000, 0x0000, 0x0000, 0x0000, 0x0000, 0x0000, 0x0000, 0x0000, 0x0000, 0x0000,
  0x0000, 0x0000, 0x0000, 0x0000, 0x0000, 0x0000, 0x0000, 0x0000, 0x0000, 0x0000, 0x0000, 0x0000,
  0x0000, 0x0000, 0x0000, 0x0000, 0x0000, 0x0000, 0x0000, 0x0000, 0x0000, 0x0000, 0x0000, 0x0000,
  0x0000, 0x0000, 0x0000, 0x0000, 0x0000, 0x0000, 0x0000, 0x0000, 0x0000, 0x0000, 0x0000, 0x0000,
  0x0000, 0x0000, 0x0000, 0x0000, 0x0000, 0x0000, 0x0000, 0x0000, 0x0000, 0x0000, 0x0000, 0x0000,
  0x0000, 0x0000, 0x0000, 0x0000, 0x0000, 0x0000, 0x0000, 0x0000, 0x0000, 0x0000, 0x0000, 0x0000,
  0x0000, 0x0000, 0x0000, 0x0000, 0x0000, 0x0000, 0x0000, 0x0000, 0x0000, 0x0000, 0x0000, 0x0000,
  0x0000, 0x0000, 0x0000, 0x0000, 0x0000, 0x0000, 0x0000, 0x0000, 0x0000, 0x0000, 0x0000, 0x0000,
  0x0000, 0x0000, 0x0000, 0x0000, 0x0000, 0x0000, 0x0000, 0x0000, 0x0000, 0x0000, 0x0000, 0x0000,
  0x0000, 0x0000, 0x0000, 0x0000, 0x0000, 0x0000, 0x0000, 0x0000, 0x0000, 0x0000, 0x0000, 0x0000,
  0x0000, 0x0000, 0x0000, 0x0000, 0x0000, 0x0000, 0x0000, 0x0000, 0x0000, 0x0000, 0x0000, 0x0000,
  0x0000, 0x0000, 0x0000, 0x0000, 0x0000, 0x0000, 0x0000, 0x0000, 0x0000, 0x0000, 0x0000, 0x0000,
  0x0000, 0x0000, 0x0000, 0x0000, 0x0000, 0x0000, 0x0000, 0x0000, 0x0000, 0x0000, 0x0000, 0x0000,
  0x0000, 0x0000, 0x0000, 0x0000, 0x0000, 0x0000, 0x0000, 0x0000, 0x0000, 0x0000, 0x0000, 0x0000,
  0x0000, 0x0000, 0x0000, 0x0000, 0x0000, 0x0000, 0x0000, 0x0000, 0x0000, 0x0000, 0x0000, 0x0000,
  0x0000, 0x0000, 0x0000, 0x0000, 0x0000, 0x0000, 0x0000, 0x0000, 0x0000, 0x0000, 0x0000, 0x0000,
  0x0000, 0x0000, 0x0000, 0x0000, 0x0000, 0x0000, 0x0000, 0x0000, 0x0000, 0x0000, 0x0000, 0x0000,
  0x0000, 0x0000, 0x0000, 0x0000, 0x0000, 0x0000, 0x0000, 0x0000, 0x0000, 0x0000, 0x0000, 0x0000,
  0x0000, 0x0000, 0x0000, 0x0000, 0x0000, 0x0000, 0x0000, 0x0000, 0x0000, 0x0000, 0x0000, 0x0000,
  0x0000, 0x0000, 0x0000, 0x0000, 0x0000, 0x0000, 0x0000, 0x0000, 0x0000, 0x0000, 0x0000, 0x0000,
  0x0000, 0x0000, 0x0000, 0x0000, 0x0000, 0x0000, 0x0000, 0x0000, 0x0000, 0x0000, 0x0000, 0x0000,
  0x0000, 0x0000, 0x0000, 0x0000, 0x0000, 0x0000, 0x0000, 0x0000, 0x0000, 0x0000, 0x0000, 0x0000,
  0x0000, 0x0000, 0x0000, 0x0000, 0x0000, 0x0000, 0x0000, 0x0000, 0x0000, 0x0000, 0x0000, 0x0000,
  0x0000, 0x0000, 0x0000, 0x0000, 0x0000, 0x0000, 0x0000, 0x0000, 0x0000, 0x0000, 0x0000, 0x0000,
  0x0000, 0x0000, 0x0000, 0x0000, 0x0000, 0x0000, 0x0000, 0x0000, 0x0000, 0x0000, 0x0000, 0x0000,
  0x0000, 0x0000, 0x0000, 0x0000, 0x0000, 0x0000, 0x0000, 0x0000, 0x0000, 0x0000, 0x0000, 0x0000,
  0x0000, 0x0000, 0x0000, 0x0000, 0x0000, 0x0000, 0x0000, 0x0000, 0x0000, 0x0000, 0x0000, 0x0000,
  0x0000, 0x0000, 0x0000, 0x0000, 0x0000, 0x0000, 0x0000, 0x0000, 0x0000, 0x0000, 0x0000, 0x0000,
  0x0000, 0x0000, 0x0000, 0x0000, 0x0000, 0x0000, 0x0000, 0x0000, 0x0000, 0x0000, 0x0000, 0x0000,
  0x0000, 0x0000, 0x0000, 0x0000, 0x0000, 0x0000, 0x0000, 0x0000, 0x0000, 0x0000, 0x0000, 0x0000,
  0x0000, 0x0000, 0x0000, 0x0000, 0x0000, 0x0000, 0x0000, 0x0000, 0x0000, 0x0000, 0x0000, 0x0000,
  0x0000, 0x0000, 0x0000, 0x0000, 0x0000, 0x0000, 0x0000, 0x0000, 0x0000, 0x0000, 0x0000, 0x0000,
  0x0000, 0x0000, 0x0000, 0x0000, 0x0000, 0x0000, 0x0000, 0x0000, 0x0000, 0x0000, 0x0000, 0x0000,
  0x0000, 0x0000, 0x0000, 0x0000, 0x0000, 0x0000, 0x0000, 0x0000, 0x0000, 0x0000, 0x0000, 0x0000,
  0x0000, 0x0000, 0x0000, 0x0000, 0x0000, 0x0000, 0x0000, 0x0000, 0x0000, 0x0000, 0x0000, 0x0000,
  0x0000, 0x0000, 0x0000, 0x0000, 0x0000, 0x0000, 0x0000, 0x0000, 0x0000, 0x0000, 0x0000, 0x0000,
  0x0000, 0x0000, 0x0000, 0x0000, 0x0000, 0x0000, 0x0000, 0x0000, 0x0000, 0x0000, 0x0000, 0x0000,
  0x0000, 0x0000, 0x0000, 0x0000, 0x0000, 0x0000, 0x0000, 0x0000, 0x0000, 0x0000, 0x0000, 0x0000,
  0x0000, 0x0000, 0x0000, 0x0000, 0x0000, 0x0000, 0x0000, 0x0000, 0x0000, 0x0000, 0x0000, 0x0000,
  0x0000, 0x0000, 0x0000, 0x0000, 0x0000, 0x0000, 0x0000, 0x0000, 0x0000, 0x0000, 0x0000, 0x0000,
  0x0000, 0x0000, 0x0000, 0x0000, 0x0000, 0x0000, 0x0000, 0x0000, 0x0000, 0x0000, 0x0000, 0x0000,
  0x0000, 0x0000, 0x0000, 0x0000, 0x0000, 0x0000, 0x0000, 0x0000, 0x0000, 0x0000, 0x0000, 0x0000,
  0x0000, 0x0000, 0x0000, 0x0000, 0x0000, 0x0000, 0x0000, 0x0000, 0x0000, 0x0000, 0x0000, 0x0000,
  0x0000, 0x0000, 0x0000, 0x0000, 0x0000, 0x0000, 0x0000, 0x0000, 0x0000, 0x0000, 0x0000, 0x0000,
  0xC366, 0xC366, 0xC366, 0xC366, 0xC366, 0xC366, 0xC366, 0xC366, 0xC366, 0xC366, 0xC366, 0xC366,
  0xC366, 0xC366, 0xC366, 0xC366, 0xC366, 0xC386, 0xCB86, 0xCB86, 0xCB86, 0xCB86, 0xCB86, 0xCB86,
  0xCB86, 0xCB86, 0xCB86, 0xCB86, 0xCB86, 0xCB86, 0xCB86, 0xCB86, 0xCB86, 0xCB86, 0xCB86, 0xCB86,
  0xCB86, 0xCB86, 0xCB86, 0xCB86, 0xCB86, 0xCB86, 0xCB86, 0xCB86, 0xCB86, 0xCB86, 0xCB86, 0xCB86,
  0xCB86, 0xCB86, 0xCB86, 0xCB86, 0xCB86, 0xCB86, 0xCB86, 0xCB86, 0xCB86, 0xCB86, 0xCB86, 0xCB86,
  0xD386, 0xD3A6, 0xD3A6, 0xD3A6, 0xD3A6, 0xD3A6, 0xD3A6, 0xD3A6, 0xD3A6, 0xD3A6, 0xD3A6, 0xD3A6,
  0xD3A6, 0xD3A6, 0xD3A6, 0xD3A6, 0xD3A6, 0xD3A6, 0xD3A6, 0xD3A6, 0xD3A6, 0xD3A6, 0xD3A6, 0xD3A6,
  0xD3A6, 0xD3A6, 0xD3A6, 0xD3A6, 0xD3A6, 0xD3A6, 0xD3A6, 0xD3A6, 0xD3A6, 0xD3A6, 0xD3A6, 0xD3A6,
  0xD3A6, 0xD3A6, 0xD3A6, 0xD3A6, 0xD3A6, 0xD3A6, 0xD3A6, 0xD3A6, 0xD3A6, 0xD3A6, 0xD3A6, 0xD3A6,
  0xD3A6, 0xD3A6, 0xD3A6, 0xD3A6, 0xD3A6, 0xD3A6, 0xD3A6, 0xD3A6, 0xD3A6, 0xD3A6, 0xD3A6, 0xD3A6,
  0xD3A6, 0xD3A6, 0xD3A6, 0xD3A6, 0xD3A6, 0xD3A6, 0xD3A6, 0xD3A6, 0xD3A6, 0xD3A6, 0xD3A6, 0xD3A6,
  0xD3A6, 0xD3A6, 0xD3A6, 0xD3A6, 0xD3A6, 0xD3A6, 0xD3A6, 0xD3A6, 0xD3A6, 0xD3A6, 0xD3A6, 0xD3A6,
  0xD3A6, 0xD3A6, 0xD3A6, 0xD3A6, 0xD3A6, 0xD3A6, 0xD3A6, 0xD3A6, 0xD3A6, 0xD3A6, 0xD3A6, 0xD3A6,
  0xD3A6, 0xD3A6, 0xD3A6, 0xD3A6, 0xD3A6, 0xD3A6, 0xD3A6, 0xD3A6, 0xD3A6, 0xD3A6, 0xD3A6, 0xD3A6,
  0xD3A6, 0xD3A6, 0xD3A6, 0xD3A6, 0xD3A6, 0xD3A6, 0xD3A6, 0xD3A6, 0xD3A6, 0xD3A6, 0xD3A6, 0xD3A6,
  0xD3A6, 0xD3A6, 0xD3A6, 0xD3A6, 0xD3A6, 0xD3A6, 0xD3A6, 0xD3A6, 0xD3A6, 0xD386, 0xCB86, 0xCB86,
  0xCB86, 0xCB86, 0xCB86, 0xCB86, 0xCB86, 0xCB86, 0xCB86, 0xCB86, 0xCB86, 0xCB86, 0xCB86, 0xCB86,
  0xCB86, 0xCB86, 0xCB86, 0xCB86, 0xCB86, 0xCB86, 0xCB86, 0xCB86, 0xCB86, 0xCB66, 0xCB66, 0xCB86,
  0xCB86, 0xCB86, 0xCB86, 0xCB86, 0xCB86, 0xCB86, 0xCB86, 0xCB86, 0xCB86, 0xCB86, 0xCB86, 0xCB86,
  0xCB66, 0xCB66, 0xCB66, 0xCB66, 0xCB66, 0xCB66, 0xCB66, 0xCB66, 0xCB66, 0xCB66, 0xCB66, 0xCB66,
  0xC366, 0xC366, 0xC366, 0xC366, 0xC366, 0xC366, 0xC366, 0xC366, 0xC366, 0xC366, 0xC366, 0xC366,
  0xC366, 0xC366, 0xC366, 0xC366, 0xC366, 0xC386, 0xC386, 0xCB86, 0xCB86, 0xCB86, 0xCB86, 0xCB86,
  0xCB86, 0xCB86, 0xCB86, 0xCB86, 0xCB86, 0xCB86, 0xCB86, 0xCB86, 0xCB86, 0xCB86, 0xCB86, 0xCB86,
  0xCB86, 0xCB86, 0xCB86, 0xCB86, 0xCB86, 0xCB86, 0xCB86, 0xCB86, 0xCB86, 0xCB86, 0xCB86, 0xCB86,
  0xCB86, 0xCB86, 0xCB86, 0xCB86, 0xCB86, 0xCB86, 0xCB86, 0xCB86, 0xCB86, 0xCB86, 0xCB86, 0xCB86,
  0xD386, 0xD3A6, 0xD3A6, 0xD3A6, 0xD3A6, 0xD3A6, 0xD3A6, 0xD3A6, 0xD3A6, 0xD3A6, 0xD3A6, 0xD3A6,
  0xD3A6, 0xD3A6, 0xD3A6, 0xD3A6, 0xD3A6, 0xD3A6, 0xD3A6, 0xD3A6, 0xD3A6, 0xD3A6, 0xD3A6, 0xD3A6,
  0xD3A6, 0xD3A6, 0xD3A6, 0xD3A6, 0xD3A6, 0xD3A6, 0xD3A6, 0xD3A6, 0xD3A6, 0xD3A6, 0xD3A6, 0xD3A6,
  0xD3A6, 0xD3A6, 0xD3A6, 0xD3A6, 0xD3A6, 0xD3A6, 0xD3A6, 0xD3A6, 0xD3A6, 0xD3A6, 0xD3A6, 0xD3A6,
  0xD3A6, 0xD3A6, 0xD3A6, 0xD3A6, 0xD3A6, 0xD3A6, 0xD3A6, 0xD3A6, 0xD3A6, 0xD3A6, 0xD3A6, 0xD3A6,
  0xD3A6, 0xD3A6, 0xD3A6, 0xD3A6, 0xD3A6, 0xD3A6, 0xD3A6, 0xD3A6, 0xD3A6, 0xD3A6, 0xD3A6, 0xD3A6,
  0xD3A6, 0xD3A6, 0xD3A6, 0xD3A6, 0xD3A6, 0xD3A6, 0xD3A6, 0xD3A6, 0xD3A6, 0xD3A6, 0xD3A6, 0xD3A6,
  0xD3A6, 0xD3A6, 0xD3A6, 0xD3A6, 0xD3A6, 0xD3A6, 0xD3A6, 0xD3A6, 0xD3A6, 0xD3A6, 0xD3A6, 0xD3A6,
  0xD3A6, 0xD3A6, 0xD3A6, 0xD3A6, 0xD3A6, 0xD3A6, 0xD3A6, 0xD3A6, 0xD3A6, 0xD3A6, 0xD3A6, 0xD3A6,
  0xD3A6, 0xD3A6, 0xD3A6, 0xD3A6, 0xD3A6, 0xD3A6, 0xD3A6, 0xD3A6, 0xD3A6, 0xD3A6, 0xD3A6, 0xD3A6,
  0xD3A6, 0xD3A6, 0xD3A6, 0xD3A6, 0xD3A6, 0xD3A6, 0xD3A6, 0xD3A6, 0xD3A6, 0xD386, 0xCB86, 0xCB86,
  0xCB86, 0xCB86, 0xCB86, 0xCB86, 0xCB86, 0xCB86, 0xCB86, 0xCB86, 0xCB86, 0xCB86, 0xCB86, 0xCB86,
  0xCB86, 0xCB86, 0xCB86, 0xCB86, 0xCB86, 0xCB86, 0xCB86, 0xCB86, 0xCB86, 0xCB66, 0xCB66, 0xCB86,
  0xCB86, 0xCB86, 0xCB86, 0xCB86, 0xCB86, 0xCB86, 0xCB86, 0xCB86, 0xCB86, 0xCB86, 0xCB86, 0xCB86,
  0xCB66, 0xCB66, 0xCB66, 0xCB66, 0xCB66, 0xCB66, 0xCB66, 0xCB66, 0xCB66, 0xCB66, 0xCB66, 0xCB66,
  0xC366, 0xC366, 0xC366, 0xC366, 0xC366, 0xC366, 0xC366, 0xC366, 0xC366, 0xC366, 0xC366, 0xC366,
  0xC366, 0xC366, 0xC366, 0xC366, 0xC366, 0xC386, 0xC386, 0xC386, 0xCB86, 0xCB86, 0xCB86, 0xCB86,
  0xCB86, 0xCB86, 0xCB86, 0xCB86, 0xCB86, 0xCB86, 0xCB86, 0xCB86, 0xCB86, 0xCB86, 0xCB86, 0xCB86,
  0xCB86, 0xCB86, 0xCB86, 0xCB86, 0xCB86, 0xCB86, 0xCB86, 0xCB86, 0xCB86, 0xCB86, 0xCB86, 0xCB86,
  0xCB86, 0xD386, 0xD386, 0xD386, 0xD386, 0xD386, 0xD386, 0xD386, 0xD386, 0xD386, 0xD386, 0xD386,
  0xD386, 0xD386, 0xD3A6, 0xD3A6, 0xD3A6, 0xD3A6, 0xD3A6, 0xD3A6, 0xD3A6, 0xD3A6, 0xD3A6, 0xD3A6,
  0xD3A6, 0xD3A6, 0xD3A6, 0xD3A6, 0xD3A6, 0xD3A6, 0xD3A6, 0xD3A6, 0xD3A6, 0xD3A6, 0xD3A6, 0xD3A6,
  0xD3A6, 0xD3A6, 0xD3A6, 0xD3A6, 0xD3A6, 0xD3A6, 0xD3A6, 0xD3A6, 0xD3A6, 0xD3A6, 0xD3A6, 0xD3A6,
  0xD3A6, 0xD3A6, 0xD3A6, 0xD3A6, 0xD3A6, 0xD3A6, 0xD3A6, 0xD3A6, 0xD3A6, 0xD3A6, 0xD3A6, 0xD3A6,
  0xD3A6, 0xD3A6, 0xD3A6, 0xD3A6, 0xD3A6, 0xD3A6, 0xD3A6, 0xD3A6, 0xD3A6, 0xD3A6, 0xD3A6, 0xD3A6,
  0xD3A6, 0xD3A6, 0xD3A6, 0xD3A6, 0xD3A6, 0xD3A6, 0xD3A6, 0xD3A6, 0xD3A6, 0xD3A6, 0xD3A6, 0xD3A6,
  0xD3A6, 0xD3A6, 0xD3A6, 0xD3A6, 0xD3A6, 0xD3A6, 0xD3A6, 0xD3A6, 0xD3A6, 0xD3A6, 0xD3A6, 0xD3A6,
  0xD3A6, 0xD3A6, 0xD3A6, 0xD3A6, 0xD3A6, 0xD3A6, 0xD3A6, 0xD3A6, 0xD3A6, 0xD3A6, 0xD3A6, 0xD3A6,
  0xD3A6, 0xD3A6, 0xD3A6, 0xD3A6, 0xD3A6, 0xD3A6, 0xD3A6, 0xD3A6, 0xD3A6, 0xD3A6, 0xD3A6, 0xD3A6,
  0xD3A6, 0xD3A6, 0xD3A6, 0xD3A6, 0xD3A6, 0xD3A6, 0xD3A6, 0xD3A6, 0xD3A6, 0xD3A6, 0xD3A6, 0xD3A6,
  0xD3A6, 0xD3A6, 0xD3A6, 0xD3A6, 0xD3A6, 0xD3A6, 0xD3A6, 0xD3A6, 0xD3A6, 0xD386, 0xCB86, 0xCB86,
  0xCB86, 0xCB86, 0xCB86, 0xCB86, 0xCB86, 0xCB86, 0xCB86, 0xCB86, 0xCB86, 0xCB86, 0xCB86, 0xCB86,
  0xCB86, 0xCB86, 0xCB86, 0xCB86, 0xCB86, 0xCB86, 0xCB86, 0xCB86, 0xCB86, 0xCB66, 0xCB66, 0xCB86,
  0xCB86, 0xCB86, 0xCB86, 0xCB86, 0xCB86, 0xCB86, 0xCB86, 0xCB86, 0xCB86, 0xCB86, 0xCB86, 0xCB86,
  0xCB66, 0xCB66, 0xCB66, 0xCB66, 0xCB66, 0xCB66, 0xCB66, 0xCB66, 0xCB66, 0xCB66, 0xCB66, 0xCB66,
  0xC366, 0xC366, 0xC366, 0xC366, 0xC366, 0xC366, 0xC366, 0xC366, 0xC366, 0xC366, 0xC366, 0xC366,
  0xC366, 0xC365, 0xC365, 0xC365, 0xC365, 0xC365, 0xC386, 0xC386, 0xC386, 0xCB86, 0xCB86, 0xCB86,
  0xCB86, 0xCB86, 0xCB86, 0xCB86, 0xCB86, 0xCB86, 0xCB86, 0xCB86, 0xCB86, 0xCB86, 0xCB86, 0xCB86,
  0xCB86, 0xCB86, 0xCB86, 0xCB86, 0xCB86, 0xCB86, 0xCB86, 0xCB86, 0xCB86, 0xCB86, 0xCB86, 0xCB86,
  0xD386, 0xD386, 0xD386, 0xD386, 0xD386, 0xD386, 0xD386, 0xD386, 0xD386, 0xD386, 0xD386, 0xD386,
  0xD386, 0xD386, 0xD386, 0xD386, 0xD386, 0xD3A6, 0xD3A6, 0xD3A6, 0xD3A6, 0xD3A6, 0xD3A6, 0xD3A6,
  0xD3A6, 0xD3A6, 0xD3A6, 0xD3A6, 0xD3A6, 0xD3A6, 0xD3A6, 0xD3A6, 0xD3A6, 0xD3A6, 0xD3A6, 0xD3A6,
  0xD3A6, 0xD3A6, 0xD3A6, 0xD3A6, 0xD3A6, 0xD3A6, 0xD3A6, 0xD3A6, 0xD3A6, 0xD3A6, 0xD3A6, 0xD3A6,
  0xD3A6, 0xD3A6, 0xD3A6, 0xD3A6, 0xD3A6, 0xD3A6, 0xD3A6, 0xD3A6, 0xD3A6, 0xD3A6, 0xD3A6, 0xD3A6,
  0xD3A6, 0xD3A6, 0xD3A6, 0xD3A6, 0xD3A6, 0xD3A6, 0xD3A6, 0xD3A6, 0xD3A6, 0xD3A6, 0xD3A6, 0xD3A6,
  0xD3A6, 0xD3A6, 0xD3A6, 0xD3A6, 0xD3A6, 0xD3A6, 0xD3A6, 0xD3A6, 0xD3A6, 0xD3A6, 0xD3A6, 0xD3A6,
  0xD3A6, 0xD3A6, 0xD3A6, 0xD3A6, 0xD3A6, 0xD3A6, 0xD3A6, 0xD3A6, 0xD3A6, 0xD3A6, 0xD3A6, 0xD3A6,
  0xD3A6, 0xD3A6, 0xD3A6, 0xD3A6, 0xD3A6, 0xD3A6, 0xD3A6, 0xD3A6, 0xD3A6, 0xD3A6, 0xD3A6, 0xD3A6,
  0xD3A6, 0xD3A6, 0xD3A6, 0xD3A6, 0xD3A6, 0xD3A6, 0xD3A6, 0xD3A6, 0xD3A6, 0xD3A6, 0xD3A6, 0xD3A6,
  0xD3A6, 0xD3A6, 0xD3A6, 0xD3A6, 0xD3A6, 0xD3A6, 0xD3A6, 0xD3A6, 0xD3A6, 0xD3A6, 0xD3A6, 0xD3A6,
  0xD3A6, 0xD3A6, 0xD3A6, 0xD3A6, 0xD3A6, 0xD3A6, 0xD3A6, 0xD3A6, 0xD3A6, 0xD386, 0xD386, 0xD386,
  0xD386, 0xD386, 0xD386, 0xD386, 0xD386, 0xD386, 0xD386, 0xD386, 0xD386, 0xD386, 0xD386, 0xD386,
  0xD386, 0xD386, 0xD386, 0xD386, 0xD386, 0xD386, 0xD386, 0xD386, 0xCB86, 0xCB66, 0xCB66, 0xCB86,
  0xCB86, 0xCB86, 0xCB86, 0xCB86, 0xCB86, 0xCB86, 0xCB86, 0xCB86, 0xCB86, 0xCB86, 0xCB86, 0xCB86,
  0xCB66, 0xCB66, 0xCB66, 0xCB66, 0xCB66, 0xCB66, 0xCB66, 0xCB66, 0xCB66, 0xCB66, 0xCB66, 0xCB66,
  0xC366, 0xC366, 0xC366, 0xC366, 0xC366, 0xC366, 0xC366, 0xC366, 0xC366, 0xC366, 0xC366, 0xC366,
  0xC366, 0xC365, 0xC365, 0xC365, 0xC365, 0xC365, 0xC366, 0xC386, 0xC386, 0xCB86, 0xCB86, 0xCB86,
  0xCB86, 0xCB86, 0xCB86, 0xCB86, 0xCB86, 0xCB86, 0xCB86, 0xCB86, 0xCB86, 0xCB86, 0xCB86, 0xCB86,
  0xCB86, 0xCB86, 0xCB86, 0xCB86, 0xCB86, 0xCB86, 0xCB86, 0xCB86, 0xCB86, 0xCB86, 0xCB86, 0xCB86,
  0xD386, 0xD386, 0xD386, 0xD386, 0xD386, 0xD386, 0xD386, 0xD386, 0xD386, 0xD386, 0xD386, 0xD386,
  0xD386, 0xD386, 0xD386, 0xD386, 0xD386, 0xD3A6, 0xD3A6, 0xD3A6, 0xD3A6, 0xD3A6, 0xD3A6, 0xD3A6,
  0xD3A6, 0xD3A6, 0xD3A6, 0xD3A6, 0xD3A6, 0xD3A6, 0xD3A6, 0xD3A6, 0xD3A6, 0xD3A6, 0xD3A6, 0xD3A6,
  0xD3A6, 0xD3A6, 0xD3A6, 0xD3A6, 0xD3A6, 0xD3A6, 0xD3A6, 0xD3A6, 0xD3A6, 0xD3A6, 0xD3A6, 0xD3A6,
  0xD3A6, 0xD3A6, 0xD3A6, 0xD3A6, 0xD3A6, 0xD3A6, 0xD3A6, 0xD3A6, 0xD3A6, 0xD3A6, 0xD3A6, 0xD3A6,
  0xD3A6, 0xD3A6, 0xD3A6, 0xD3A6, 0xD3A6, 0xD3A6, 0xD3A6, 0xD3A6, 0xD3A6, 0xD3A6, 0xD3A6, 0xD3A6,
  0xD3A6, 0xD3A6, 0xD3A6, 0xD3A6, 0xD3A6, 0xD3A6, 0xD3A6, 0xD3A6, 0xD3A6, 0xD3A6, 0xD3A6, 0xD3A6,
  0xD3A6, 0xD3A6, 0xD3A6, 0xD3A6, 0xD3A6, 0xD3A6, 0xD3A6, 0xD3A6, 0xD3A6, 0xD3A6, 0xD3A6, 0xD3A6,
  0xD3A6, 0xD3A6, 0xD3A6, 0xD3A6, 0xD3A6, 0xD3A6, 0xD3A6, 0xD3A6, 0xD3A6, 0xD3A6, 0xD3A6, 0xD3A6,
  0xD3A6, 0xD3A6, 0xD3A6, 0xD3A6, 0xD3A6, 0xD3A6, 0xD3A6, 0xD3A6, 0xD3A6, 0xD3A6, 0xD3A6, 0xD3A6,
  0xD3A6, 0xD3A6, 0xD3A6, 0xD3A6, 0xD3A6, 0xD3A6, 0xD3A6, 0xD3A6, 0xD3A6, 0xD3A6, 0xD3A6, 0xD3A6,
  0xD3A6, 0xD3A6, 0xD3A6, 0xD3A6, 0xD3A6, 0xD3A6, 0xD3A6, 0xD3A6, 0xD386, 0xD386, 0xD386, 0xD386,
  0xD386, 0xD386, 0xD386, 0xD386, 0xD386, 0xD386, 0xD386, 0xD386, 0xD386, 0xD386, 0xD386, 0xD386,
  0xD386, 0xD386, 0xD386, 0xD386, 0xD386, 0xD386, 0xD386, 0xD386, 0xCB86, 0xCB86, 0xCB66, 0xCB86,
  0xCB86, 0xCB86, 0xCB86, 0xCB86, 0xCB86, 0xCB86, 0xCB86, 0xCB86, 0xCB86, 0xCB86, 0xCB86, 0xCB86,
  0xCB66, 0xCB66, 0xCB66, 0xCB66, 0xCB66, 0xCB66, 0xCB66, 0xCB66, 0xCB66, 0xCB66, 0xCB66, 0xCB66,
  0xC366, 0xC366, 0xC366, 0xC366, 0xC366, 0xC366, 0xC366, 0xC366, 0xC366, 0xC366, 0xC366, 0xC366,
  0xCB66, 0xCB66, 0xCB66, 0xCB66, 0xCB66, 0xCB66, 0xCB66, 0xCB66, 0xCB66, 0xCB66, 0xCB66, 0xCB66,
  0xCB66, 0xCB65, 0xCB65, 0xCB65, 0xCB86, 0xCB86, 0xCB86, 0xCB86, 0xCB86, 0xCB86, 0xCB86, 0xCB86,
  0xCB86, 0xCB86, 0xCB86, 0xCB86, 0xCB86, 0xCB86, 0xCB86, 0xCB86, 0xCB86, 0xCB86, 0xCB86, 0xCB86,
  0xD386, 0xD386, 0xD386, 0xD386, 0xD386, 0xD386, 0xD386, 0xD386, 0xD386, 0xD386, 0xD386, 0xD386,
  0xD386, 0xD386, 0xD386, 0xD386, 0xD386, 0xD386, 0xD3A6, 0xD3A6, 0xD3A6, 0xD3A6, 0xD3A6, 0xD3A6,
  0xD3A6, 0xD3A6, 0xD3A6, 0xD3A6, 0xD3A6, 0xD3A6, 0xD3A6, 0xD3A6, 0xD3A6, 0xD3A6, 0xD3A6, 0xD3A6,
  0xD3A6, 0xD3A6, 0xD3A6, 0xD3A6, 0xD3A6, 0xD3A6, 0xD3A6, 0xD3A6, 0xD3A6, 0xD3A6, 0xD3A6, 0xD3A6,
  0xD3A6, 0xD3A6, 0xD3A6, 0xD3A6, 0xD3A6, 0xD3A6, 0xD3A6, 0xD3A6, 0xD3A6, 0xD3A6, 0xD3A6, 0xD3A6,
  0xD3A6, 0xD3A6, 0xD3A6, 0xD3A6, 0xD3A6, 0xD3A6, 0xD3A6, 0xD3A6, 0xD3A6, 0xD3A6, 0xD3A6, 0xD3A6,
  0xD3A6, 0xD3A6, 0xD3A6, 0xD3A6, 0xD3A6, 0xD3A6, 0xD3A6, 0xD3A6, 0xD3A6, 0xD3A6, 0xD3A6, 0xD3A6,
  0xD3A6, 0xD3A6, 0xD3A6, 0xD3A6, 0xD3A6, 0xD3A6, 0xD3A6, 0xD3A6, 0xD3A6, 0xD3A6, 0xD3A6, 0xD3A6,
  0xD3A6, 0xD3A6, 0xD3A6, 0xD3A6, 0xD3A6, 0xD3A6, 0xD3A6, 0xD3A6, 0xD3A6, 0xD3A6, 0xD3A6, 0xD3A6,
  0xD3A6, 0xD3A6, 0xD3A6, 0xD3A6, 0xD3A6, 0xD3A6, 0xD3A6, 0xD3A6, 0xD3A6, 0xD3A6, 0xD3A6, 0xD3A6,
  0xD3A6, 0xD3A6, 0xD3A6, 0xD3A6, 0xD3A6, 0xD3A6, 0xD3A6, 0xD3A6, 0xD3A6, 0xD3A6, 0xD3A6, 0xD3A6,
  0xD386, 0xD386, 0xD386, 0xD386, 0xD386, 0xD386, 0xD386, 0xD386, 0xD386, 0xD386, 0xD386, 0xD386,
  0xD386, 0xD386, 0xD386, 0xD386, 0xD386, 0xD386, 0xD386, 0xD386, 0xD386, 0xD386, 0xD386, 0xD386,
  0xD386, 0xD386, 0xD386, 0xD386, 0xD386, 0xD386, 0xD386, 0xD386, 0xD386, 0xCB86, 0xCB86, 0xCB86,
  0xCB86, 0xCB86, 0xCB86, 0xCB86, 0xCB86, 0xCB86, 0xCB86, 0xCB86, 0xCB86, 0xCB86, 0xCB66, 0xCB66,
  0xCB66, 0xCB66, 0xCB66, 0xCB66, 0xCB66, 0xCB66, 0xCB66, 0xCB66, 0xCB66, 0xCB66, 0xCB66, 0xCB66,
  0xC366, 0xC366, 0xC366, 0xC366, 0xC366, 0xC366, 0xC366, 0xC366, 0xC366, 0xCB66, 0xCB66, 0xCB66,
  0xCB66, 0xCB66, 0xCB66, 0xCB66, 0xCB66, 0xCB66, 0xCB66, 0xCB66, 0xCB66, 0xCB66, 0xCB66, 0xCB66,
  0xCB66, 0xCB65, 0xCB65, 0xCB65, 0xCB66, 0xCB86, 0xCB86, 0xCB86, 0xCB86, 0xCB86, 0xCB86, 0xCB86,
  0xCB86, 0xCB86, 0xCB86, 0xCB86, 0xCB86, 0xCB86, 0xCB86, 0xCB86, 0xCB86, 0xCB86, 0xCB86, 0xCB86,
  0xD386, 0xD386, 0xD386, 0xD386, 0xD386, 0xD386, 0xD386, 0xD386, 0xD386, 0xD386, 0xD386, 0xD386,
  0xD386, 0xD386, 0xD386, 0xD386, 0xD386, 0xD386, 0xD3A6, 0xD3A6, 0xD3A6, 0xD3A6, 0xD3A6, 0xD3A6,
  0xD3A6, 0xD3A6, 0xD3A6, 0xD3A6, 0xD3A6, 0xD3A6, 0xD3A6, 0xD3A6, 0xD3A6, 0xD3A6, 0xD3A6, 0xD3A6,
  0xD3A6, 0xD3A6, 0xD3A6, 0xD3A6, 0xD3A6, 0xD3A6, 0xD3A6, 0xD3A6, 0xD3A6, 0xD3A6, 0xD3A6, 0xD3A6,
  0xD3A6, 0xD3A6, 0xD3A6, 0xD3A6, 0xD3A6, 0xD3A6, 0xD3A6, 0xD3A6, 0xD3A6, 0xD3A6, 0xD3A6, 0xD3A6,
  0xD3A6, 0xD3A6, 0xD3A6, 0xD3A6, 0xD3A6, 0xD3A6, 0xD3A6, 0xD3A6, 0xD3A6, 0xD3A6, 0xD3A6, 0xDBA6,
  0xDBA6, 0xDBA6, 0xDBA6, 0xDBA6, 0xDBA6, 0xDBA6, 0xDBA6, 0xDBA6, 0xDBA6, 0xDBA6, 0xDBA6, 0xDBA6,
  0xDBA6, 0xDBA6, 0xDBA6, 0xDBA6, 0xDBA6, 0xDBA6, 0xDBA6, 0xDBA6, 0xDBA6, 0xDBA6, 0xDBA6, 0xDBA6,
  0xDBA6, 0xDBA6, 0xDBA6, 0xDBA6, 0xDBA6, 0xDBA6, 0xDBA6, 0xDBA6, 0xDBA6, 0xDBA6, 0xDBA6, 0xDBA6,
  0xDBA6, 0xDBA6, 0xDBA6, 0xDBA6, 0xDBA6, 0xDBA6, 0xDBA6, 0xDBA6, 0xDBA6, 0xD3A6, 0xD3A6, 0xD3A6,
  0xD3A6, 0xD3A6, 0xD3A6, 0xD3A6, 0xD3A6, 0xD3A6, 0xD3A6, 0xD3A6, 0xD3A6, 0xD3A6, 0xD3A6, 0xD3A6,
  0xD386, 0xD386, 0xD386, 0xD386, 0xD386, 0xD386, 0xD386, 0xD386, 0xD386, 0xD386, 0xD386, 0xD386,
  0xD386, 0xD386, 0xD386, 0xD386, 0xD386, 0xD386, 0xD386, 0xD386, 0xD386, 0xD386, 0xD386, 0xD386,
  0xD386, 0xD386, 0xD386, 0xD386, 0xD386, 0xD386, 0xD386, 0xD386, 0xD386, 0xCB86, 0xCB86, 0xCB86,
  0xCB86, 0xCB86, 0xCB86, 0xCB86, 0xCB86, 0xCB86, 0xCB86, 0xCB86, 0xCB86, 0xCB66, 0xCB66, 0xCB66,
  0xCB66, 0xCB66, 0xCB66, 0xCB66, 0xCB66, 0xCB66, 0xCB66, 0xCB66, 0xCB66, 0xCB66, 0xCB66, 0xCB66,
  0xC366, 0xC366, 0xC366, 0xC366, 0xC366, 0xC366, 0xC366, 0xC366, 0xCB66, 0xCB66, 0xCB66, 0xCB66,
  0xCB66, 0xCB66, 0xCB66, 0xCB66, 0xCB66, 0xCB66, 0xCB66, 0xCB66, 0xCB66, 0xCB66, 0xCB66, 0xCB66,
  0xCB66, 0xCB65, 0xCB65, 0xCB65, 0xCB66, 0xCB66, 0xCB66, 0xCB86, 0xCB86, 0xCB86, 0xCB86, 0xCB86,
  0xCB86, 0xCB66, 0xCB86, 0xCB86, 0xCB86, 0xCB86, 0xCB86, 0xCB86, 0xD386, 0xD386, 0xD386, 0xD386,
  0xD386, 0xD386, 0xD386, 0xD386, 0xD386, 0xD386, 0xD386, 0xD386, 0xD386, 0xD386, 0xD386, 0xD386,
  0xD386, 0xD386, 0xD386, 0xD386, 0xD386, 0xD386, 0xD3A6, 0xD3A6, 0xD3A6, 0xD3A6, 0xD3A6, 0xD3A6,
  0xD3A6, 0xD3A6, 0xD3A6, 0xD3A6, 0xD3A6, 0xD3A6, 0xD3A6, 0xD3A6, 0xD3A6, 0xD3A6, 0xD3A6, 0xD3A6,
  0xD3A6, 0xD3A6, 0xD3A6, 0xD3A6, 0xD3A6, 0xD3A6, 0xD3A6, 0xD3A6, 0xD3A6, 0xD3A6, 0xD3A6, 0xD3A6,
  0xD3A6, 0xD3A6, 0xD3A6, 0xD3A6, 0xD3A6, 0xD3A6, 0xD3A6, 0xD3A6, 0xD3A6, 0xD3A6, 0xD3A6, 0xD3A6,
  0xD3A6, 0xD3A6, 0xD3A6, 0xD3A6, 0xD3A6, 0xD3A6, 0xD3A6, 0xD3A6, 0xD3A6, 0xD3A6, 0xD3A6, 0xDBA6,
  0xDBA6, 0xDBA6, 0xDBA6, 0xDBA6, 0xDBA6, 0xDBA6, 0xDBA6, 0xDBA6, 0xDBA6, 0xDBA6, 0xDBA6, 0xDBA6,
  0xDBA6, 0xDBA6, 0xDBA6, 0xDBA6, 0xDBA6, 0xDBA6, 0xDBA6, 0xDBA6, 0xDBA6, 0xDBA6, 0xDBA6, 0xDBA6,
  0xDBA6, 0xDBA6, 0xDBA6, 0xDBA6, 0xDBA6, 0xDBA6, 0xDBA6, 0xDBA6, 0xDBA6, 0xDBA6, 0xDBA6, 0xDBA6,
  0xDBA6, 0xDBA6, 0xDBA6, 0xDBA6, 0xDBA6, 0xDBA6, 0xDBA6, 0xDBA6, 0xDBA6, 0xD3A6, 0xD3A6, 0xD3A6,
  0xD3A6, 0xD3A6, 0xD3A6, 0xD3A6, 0xD3A6, 0xD3A6, 0xD3A6, 0xD3A6, 0xD3A6, 0xD3A6, 0xD3A6, 0xD3A6,
  0xD386, 0xD386, 0xD386, 0xD386, 0xD386, 0xD386, 0xD386, 0xD386, 0xD386, 0xD386, 0xD386, 0xD386,
  0xD386, 0xD386, 0xD386, 0xD386, 0xD386, 0xD386, 0xD386, 0xD386, 0xD386, 0xD386, 0xD386, 0xD386,
  0xD386, 0xD386, 0xD386, 0xD386, 0xD386, 0xD386, 0xD386, 0xD386, 0xD386, 0xCB86, 0xCB66, 0xCB66,
  0xCB66, 0xCB66, 0xCB66, 0xCB66, 0xCB66, 0xCB66, 0xCB66, 0xCB66, 0xCB66, 0xCB66, 0xCB66, 0xCB66,
  0xCB66, 0xCB66, 0xCB66, 0xCB66, 0xCB66, 0xCB66, 0xCB66, 0xCB66, 0xCB66, 0xCB66, 0xCB66, 0xCB66,
  0xC365, 0xC366, 0xCB66, 0xCB66, 0xCB66, 0xCB66, 0xCB66, 0xCB66, 0xCB66, 0xCB66, 0xCB66, 0xCB66,
  0xCB66, 0xCB66, 0xCB66, 0xCB66, 0xCB66, 0xCB66, 0xCB66, 0xCB66, 0xCB66, 0xCB66, 0xCB66, 0xCB66,
  0xCB66, 0xCB65, 0xCB65, 0xCB65, 0xCB66, 0xCB66, 0xCB66, 0xCB86, 0xCB86, 0xCB86, 0xCB86, 0xCB86,
  0xCB86, 0xCB66, 0xCB86, 0xCB86, 0xCB86, 0xCB86, 0xCB86, 0xCB86, 0xD386, 0xD386, 0xD386, 0xD386,
  0xD386, 0xD386, 0xD386, 0xD386, 0xD386, 0xD386, 0xD386, 0xD386, 0xD386, 0xD386, 0xD386, 0xD386,
  0xD386, 0xD386, 0xD386, 0xD386, 0xD3A6, 0xD3A6, 0xD3A6, 0xD3A6, 0xD3A6, 0xD3A6, 0xD3A6, 0xD3A6,
  0xD3A6, 0xD3A6, 0xD3A6, 0xD3A6, 0xD3A6, 0xD3A6, 0xD3A6, 0xD3A6, 0xD3A6, 0xD3A6, 0xD3A6, 0xD3A6,
  0xD3A6, 0xD3A6, 0xD3A6, 0xD3A6, 0xD3A6, 0xD3A6, 0xD3A6, 0xD3A6, 0xD3A6, 0xD3A6, 0xD3A6, 0xD3A6,
  0xD3A6, 0xD3A6, 0xD3A6, 0xD3A6, 0xD3A6, 0xD3A6, 0xD3A6, 0xD3A6, 0xD3A6, 0xD3A6, 0xD3A6, 0xD3A6,
  0xD3A6, 0xD3A6, 0xD3A6, 0xD3A6, 0xD3A6, 0xD3A6, 0xD3A6, 0xD3A6, 0xD3A6, 0xD3A6, 0xD3A6, 0xDBA6,
  0xDBA6, 0xDBA6, 0xDBA6, 0xDBA6, 0xDBA6, 0xDBA6, 0xDBA6, 0xDBA6, 0xDBA6, 0xDBA6, 0xDBA6, 0xDBA6,
  0xDBA6, 0xDBA6, 0xDBA6, 0xDBA6, 0xDBA6, 0xDBA6, 0xDBA6, 0xDBA6, 0xDBA6, 0xDBA6, 0xDBA6, 0xDBA6,
  0xDBA6, 0xDBA6, 0xDBA6, 0xDBA6, 0xDBA6, 0xDBA6, 0xDBA6, 0xDBA6, 0xDBA6, 0xDBA6, 0xDBA6, 0xDBA6,
  0xDBA6, 0xDBA6, 0xDBA6, 0xDBA6, 0xDBA6, 0xDBA6, 0xDBA6, 0xDBA6, 0xDBA6, 0xD3A6, 0xD3A6, 0xD3A6,
  0xD3A6, 0xD3A6, 0xD3A6, 0xD3A6, 0xD3A6, 0xD3A6, 0xD3A6, 0xD3A6, 0xD3A6, 0xD3A6, 0xD3A6, 0xD3A6,
  0xD386, 0xD386, 0xD386, 0xD386, 0xD386, 0xD386, 0xD386, 0xD386, 0xD386, 0xD386, 0xD386, 0xD386,
  0xD386, 0xD386, 0xD386, 0xD386, 0xD386, 0xD386, 0xD386, 0xD386, 0xD386, 0xD386, 0xD386, 0xD386,
  0xD386, 0xD386, 0xD386, 0xD386, 0xD386, 0xD386, 0xD386, 0xD386, 0xD386, 0xCB66, 0xCB66, 0xCB66,
  0xCB66, 0xCB66, 0xCB66, 0xCB66, 0xCB66, 0xCB66, 0xCB66, 0xCB66, 0xCB66, 0xCB66, 0xCB66, 0xCB66,
  0xCB66, 0xCB66, 0xCB66, 0xCB66, 0xCB66, 0xCB66, 0xCB66, 0xCB66, 0xCB66, 0xCB66, 0xCB66, 0xCB66,
  0xC365, 0xCB66, 0xCB66, 0xCB66, 0xCB66, 0xCB66, 0xCB66, 0xCB66, 0xCB66, 0xCB66, 0xCB66, 0xCB66,
  0xCB66, 0xCB66, 0xCB66, 0xCB66, 0xCB66, 0xCB66, 0xCB66, 0xCB66, 0xCB66, 0xCB66, 0xCB66, 0xCB66,
  0xCB66, 0xCB65, 0xCB65, 0xCB65, 0xCB66, 0xCB66, 0xCB66, 0xCB86, 0xCB86, 0xCB86, 0xCB86, 0xCB86,
  0xCB66, 0xCB66, 0xCB66, 0xCB86, 0xCB86, 0xCB86, 0xCB86, 0xD386, 0xD386, 0xD386, 0xD386, 0xD386,
  0xD386, 0xD386, 0xD386, 0xD386, 0xD386, 0xD386, 0xD386, 0xD386, 0xD386, 0xD386, 0xD386, 0xD386,
  0xD386, 0xD386, 0xD386, 0xD386, 0xD3A6, 0xD3A6, 0xD3A6, 0xD3A6, 0xD3A6, 0xD3A6, 0xD3A6, 0xD3A6,
  0xD3A6, 0xD3A6, 0xD3A6, 0xD3A6, 0xD3A6, 0xD3A6, 0xD3A6, 0xD3A6, 0xD3A6, 0xD3A6, 0xD3A6, 0xD3A6,
  0xD3A6, 0xD3A6, 0xD3A6, 0xD3A6, 0xD3A6, 0xD3A6, 0xD3A6, 0xD3A6, 0xD3A6, 0xD3A6, 0xD3A6, 0xD3A6,
  0xD3A6, 0xD3A6, 0xD3A6, 0xD3A6, 0xD3A6, 0xD3A6, 0xD3A6, 0xD3A6, 0xD3A6, 0xD3A6, 0xD3A6, 0xD3A6,
  0xD3A6, 0xD3A6, 0xD3A6, 0xD3A6, 0xD3A6, 0xD3A6, 0xD3A6, 0xD3A6, 0xD3A6, 0xD3A6, 0xD3A6, 0xDBA6,
  0xDBA6, 0xDBA6, 0xDBA6, 0xDBA6, 0xDBA6, 0xDBA6, 0xDBA6, 0xDBA6, 0xDBA6, 0xDBA6, 0xDBA6, 0xDBA6,
  0xDBA6, 0xDBA6, 0xDBA6, 0xDBA6, 0xDBA6, 0xDBA6, 0xDBA6, 0xDBA6, 0xDBA6, 0xDBA6, 0xDBA6, 0xDBA6,
  0xDBA6, 0xDBA6, 0xDBA6, 0xDBA6, 0xDBA6, 0xDBA6, 0xDBA6, 0xDBA6, 0xDBA6, 0xDBA6, 0xDBA6, 0xDBA6,
  0xDBA6, 0xDBA6, 0xDBA6, 0xDBA6, 0xDBA6, 0xDBA6, 0xDBA6, 0xDBA6, 0xDBA6, 0xD3A6, 0xD3A6, 0xD3A6,
  0xD3A6, 0xD3A6, 0xD3A6, 0xD3A6, 0xD3A6, 0xD3A6, 0xD3A6, 0xD3A6, 0xD3A6, 0xD3A6, 0xD3A6, 0xD3A6,
  0xD386, 0xD386, 0xD386, 0xD386, 0xD386, 0xD386, 0xD386, 0xD386, 0xD386, 0xD386, 0xD386, 0xD386,
  0xD386, 0xD386, 0xD386, 0xD386, 0xD386, 0xD386, 0xD386, 0xD386, 0xD386, 0xD386, 0xD386, 0xD386,
  0xD386, 0xD386, 0xD386, 0xD386, 0xD386, 0xD386, 0xD386, 0xD386, 0xD386, 0xCB66, 0xCB66, 0xCB66,
  0xCB66, 0xCB66, 0xCB66, 0xCB66, 0xCB66, 0xCB66, 0xCB66, 0xCB66, 0xCB66, 0xCB66, 0xCB66, 0xCB66,
  0xCB66, 0xCB66, 0xCB66, 0xCB66, 0xCB66, 0xCB66, 0xCB66, 0xCB66, 0xCB66, 0xCB66, 0xCB66, 0xCB66,
  0xC365, 0xCB66, 0xCB66, 0xCB66, 0xCB66, 0xCB66, 0xCB66, 0xCB66, 0xCB66, 0xCB66, 0xCB66, 0xCB66,
  0xCB66, 0xCB66, 0xCB66, 0xCB66, 0xCB66, 0xCB66, 0xCB66, 0xCB66, 0xCB66, 0xCB66, 0xCB66, 0xCB66,
  0xCB66, 0xCB65, 0xCB65, 0xCB65, 0xCB66, 0xCB66, 0xCB66, 0xD366, 0xD386, 0xD386, 0xD386, 0xD386,
  0xD366, 0xCB66, 0xCB66, 0xD386, 0xD386, 0xD386, 0xD386, 0xD386, 0xD386, 0xD386, 0xD386, 0xD386,
  0xD386, 0xD386, 0xD386, 0xD386, 0xD386, 0xD386, 0xD386, 0xD386, 0xD386, 0xD386, 0xD386, 0xD386,
  0xD386, 0xD386, 0xD3A6, 0xD3A6, 0xD3A6, 0xD3A6, 0xD3A6, 0xD3A6, 0xD3A6, 0xD3A6, 0xD3A6, 0xD3A6,
  0xD3A6, 0xD3A6, 0xD3A6, 0xD3A6, 0xD3A6, 0xD3A6, 0xD3A6, 0xD3A6, 0xD3A6, 0xD3A6, 0xD3A6, 0xD3A6,
  0xD3A6, 0xD3A6, 0xD3A6, 0xD3A6, 0xD3A6, 0xD3A6, 0xD3A6, 0xD3A6, 0xD3A6, 0xD3A6, 0xD3A6, 0xD3A6,
  0xD3A6, 0xD3A6, 0xD3A6, 0xD3A6, 0xD3A6, 0xD3A6, 0xD3A6, 0xD3A6, 0xD3A6, 0xD3A6, 0xD3A6, 0xD3A6,
  0xD3A6, 0xD3A6, 0xD3A6, 0xD3A6, 0xD3A6, 0xD3A6, 0xD3A6, 0xD3A6, 0xD3A6, 0xD3A6, 0xDBA6, 0xDBA6,
  0xDBA6, 0xDBA6, 0xDBA6, 0xDBA6, 0xDBA6, 0xDBA6, 0xDBA6, 0xDBA6, 0xDBA6, 0xDBA6, 0xDBA6, 0xDBA6,
  0xDBA6, 0xDBA6, 0xDBA6, 0xDBA6, 0xDBA6, 0xDBA6, 0xDBA6, 0xDBA6, 0xDBA6, 0xDBA6, 0xDBA6, 0xDBA6,
  0xDBA6, 0xDBA6, 0xDBA6, 0xDBA6, 0xDBA6, 0xDBA6, 0xDBA6, 0xDBA6, 0xDBA6, 0xDBA6, 0xDBA6, 0xDBA6,
  0xDBA6, 0xDBA6, 0xDBA6, 0xDBA6, 0xDBA6, 0xDBA6, 0xDBA6, 0xDBA6, 0xDBA6, 0xD3A6, 0xD3A6, 0xD3A6,
  0xD3A6, 0xD3A6, 0xD3A6, 0xD3A6, 0xD3A6, 0xD3A6, 0xD3A6, 0xD3A6, 0xD3A6, 0xD3A6, 0xD3A6, 0xD3A6,
  0xD386, 0xD386, 0xD386, 0xD386, 0xD386, 0xD386, 0xD386, 0xD386, 0xD386, 0xD386, 0xD386, 0xD386,
  0xD386, 0xD386, 0xD386, 0xD386, 0xD386, 0xD386, 0xD386, 0xD386, 0xD386, 0xD386, 0xD386, 0xD386,
  0xD386, 0xD386, 0xD386, 0xD386, 0xD386, 0xD386, 0xD386, 0xD386, 0xD386, 0xD366, 0xCB66, 0xCB66,
  0xCB66, 0xCB66, 0xCB66, 0xCB66, 0xCB66, 0xCB66, 0xCB66, 0xCB66, 0xCB66, 0xCB66, 0xCB66, 0xCB66,
  0xCB66, 0xCB66, 0xCB66, 0xCB66, 0xCB66, 0xCB66, 0xCB66, 0xCB66, 0xCB66, 0xCB66, 0xCB66, 0xCB66,
  0xC365, 0xCB65, 0xCB65, 0xCB65, 0xCB65, 0xCB65, 0xCB65, 0xCB66, 0xCB66, 0xCB66, 0xCB66, 0xCB66,
  0xCB66, 0xCB66, 0xCB66, 0xCB66, 0xCB66, 0xCB66, 0xCB66, 0xCB66, 0xCB66, 0xCB66, 0xCB66, 0xCB66,
  0xCB66, 0xCB65, 0xCB65, 0xCB65, 0xCB66, 0xCB66, 0xCB66, 0xD366, 0xD386, 0xD386, 0xD386, 0xD386,
  0xD366, 0xCB66, 0xD366, 0xD386, 0xD386, 0xD386, 0xD386, 0xD386, 0xD386, 0xD386, 0xD386, 0xD386,
  0xD386, 0xD386, 0xD386, 0xD386, 0xD386, 0xD386, 0xD386, 0xD386, 0xD386, 0xD386, 0xD386, 0xD386,
  0xD3A6, 0xD3A6, 0xD3A6, 0xD3A6, 0xD3A6, 0xD3A6, 0xD3A6, 0xD3A6, 0xD3A6, 0xD3A6, 0xD3A6, 0xD3A6,
  0xD3A6, 0xD3A6, 0xD3A6, 0xD3A6, 0xD3A6, 0xD3A6, 0xD3A6, 0xD3A6, 0xD3A6, 0xD3A6, 0xD3A6, 0xD3A6,
  0xD3A6, 0xD3A6, 0xD3A6, 0xD3A6, 0xD3A6, 0xD3A6, 0xD3A6, 0xD3A6, 0xD3A6, 0xD3A6, 0xD3A6, 0xD3A6,
  0xD3A6, 0xD3A6, 0xD3A6, 0xD3A6, 0xD3A6, 0xD3A6, 0xD3A6, 0xD3A6, 0xD3A6, 0xD3A6, 0xD3A6, 0xD3A6,
  0xD3A6, 0xD3A6, 0xD3A6, 0xD3A6, 0xD3A6, 0xD3A6, 0xD3A6, 0xD3A6, 0xD3A6, 0xD3A6, 0xDBA6, 0xDBA6,
  0xDBA6, 0xDBA6, 0xDBA6, 0xDBA6, 0xDBA6, 0xDBA6, 0xDBA6, 0xDBA6, 0xDBA6, 0xDBA6, 0xDBA6, 0xDBA6,
  0xDBA6, 0xDBA6, 0xDBA6, 0xDBA6, 0xDBA6, 0xDBA6, 0xDBA6, 0xDBA6, 0xDBA6, 0xDBA6, 0xDBA6, 0xDBA6,
  0xDBA6, 0xDBA6, 0xDBA6, 0xDBA6, 0xDBA6, 0xDBA6, 0xDBA6, 0xDBA6, 0xDBA6, 0xDBA6, 0xDBA6, 0xDBA6,
  0xDBA6, 0xDBA6, 0xDBA6, 0xDBA6, 0xDBA6, 0xDBA6, 0xDBA6, 0xDBA6, 0xDBA6, 0xD3A6, 0xD3A6, 0xD3A6,
  0xD3A6, 0xD3A6, 0xD3A6, 0xD3A6, 0xD3A6, 0xD3A6, 0xD3A6, 0xD3A6, 0xD3A6, 0xD3A6, 0xD3A6, 0xD3A6,
  0xD386, 0xD386, 0xD386, 0xD386, 0xD386, 0xD386, 0xD386, 0xD386, 0xD386, 0xD386, 0xD386, 0xD386,
  0xD386, 0xD386, 0xD386, 0xD386, 0xD386, 0xD386, 0xD386, 0xD386, 0xD386, 0xD386, 0xD366, 0xD366,
  0xD366, 0xD366, 0xD366, 0xD366, 0xD366, 0xD366, 0xD366, 0xD366, 0xD366, 0xD366, 0xCB66, 0xCB66,
  0xCB66, 0xCB66, 0xCB66, 0xCB66, 0xCB66, 0xCB66, 0xCB66, 0xCB66, 0xCB66, 0xCB66, 0xCB66, 0xCB66,
  0xCB66, 0xCB66, 0xCB66, 0xCB66, 0xCB66, 0xCB66, 0xCB66, 0xCB66, 0xCB66, 0xCB66, 0xCB66, 0xCB66,
  0xC365, 0xCB65, 0xCB65, 0xCB65, 0xCB65, 0xCB65, 0xCB65, 0xCB65, 0xCB65, 0xCB66, 0xCB66, 0xCB66,
  0xCB66, 0xCB65, 0xCB65, 0xCB65, 0xCB65, 0xCB66, 0xCB66, 0xCB66, 0xCB66, 0xCB66, 0xCB66, 0xCB66,
  0xCB66, 0xCB65, 0xCB65, 0xCB65, 0xCB66, 0xCB66, 0xCB66, 0xD366, 0xD366, 0xD366, 0xD366, 0xD366,
  0xD366, 0xCB66, 0xD366, 0xD366, 0xD366, 0xD366, 0xD366, 0xD386, 0xD386, 0xD386, 0xD386, 0xD386,
  0xD386, 0xD386, 0xD386, 0xD386, 0xD386, 0xD386, 0xD386, 0xD386, 0xD386, 0xD386, 0xD386, 0xD386,
  0xD3A6, 0xD3A6, 0xD3A6, 0xD3A6, 0xD3A6, 0xD3A6, 0xD3A6, 0xD3A6, 0xD3A6, 0xD3A6, 0xD3A6, 0xD3A6,
  0xD3A6, 0xD3A6, 0xD3A6, 0xD3A6, 0xD3A6, 0xD3A6, 0xD3A6, 0xD3A6, 0xD3A6, 0xD3A6, 0xD3A6, 0xD3A6,
  0xD3A6, 0xD3A6, 0xD3A6, 0xD3A6, 0xD3A6, 0xD3A6, 0xD3A6, 0xD3A6, 0xD3A6, 0xD3A6, 0xD3A6, 0xD3C6,
  0xD3C6, 0xD3C6, 0xD3C6, 0xD3C6, 0xD3C6, 0xD3C6, 0xD3C6, 0xD3C6, 0xD3C6, 0xD3C6, 0xD3A6, 0xD3A6,
  0xD3A6, 0xD3A6, 0xD3A6, 0xD3A6, 0xD3A6, 0xD3A6, 0xD3A6, 0xD3A6, 0xD3A6, 0xD3A6, 0xDBA6, 0xDBA6,
  0xDBA6, 0xDBA6, 0xDBA6, 0xDBA6, 0xDBA6, 0xDBA6, 0xDBA6, 0xDBA6, 0xDBA6, 0xDBA6, 0xDBA6, 0xDBA6,
  0xDBA6, 0xDBA6, 0xDBA6, 0xDBA6, 0xDBA6, 0xDBA6, 0xDBA6, 0xDBA6, 0xDBA6, 0xDBA6, 0xDBA6, 0xDBA6,
  0xDBA6, 0xDBA6, 0xDBA6, 0xDBA6, 0xDBA6, 0xDBA6, 0xDBA6, 0xDBA6, 0xDBA6, 0xDBA6, 0xDBA6, 0xDBA6,
  0xDBA6, 0xDBA6, 0xDBA6, 0xDBA6, 0xDBA6, 0xDBA6, 0xDBA6, 0xDBA6, 0xDBA6, 0xD3A6, 0xD3A6, 0xD3A6,
  0xD3A6, 0xD3A6, 0xD3A6, 0xD3A6, 0xD3A6, 0xD3A6, 0xD3A6, 0xD3A6, 0xD3A6, 0xD3A6, 0xD3A6, 0xD3A6,
  0xD386, 0xD386, 0xD386, 0xD386, 0xD386, 0xD386, 0xD386, 0xD386, 0xD386, 0xD386, 0xD386, 0xD386,
  0xD386, 0xD386, 0xD386, 0xD386, 0xD386, 0xD386, 0xD386, 0xD386, 0xD386, 0xD386, 0xD366, 0xD366,
  0xD366, 0xD366, 0xD366, 0xD366, 0xD366, 0xD366, 0xD366, 0xD366, 0xD366, 0xD366, 0xCB66, 0xCB66,
  0xCB66, 0xCB66, 0xCB66, 0xCB66, 0xCB66, 0xCB66, 0xCB66, 0xCB66, 0xCB66, 0xCB66, 0xCB66, 0xCB66,
  0xCB66, 0xCB66, 0xCB66, 0xCB66, 0xCB66, 0xCB66, 0xCB66, 0xCB66, 0xCB66, 0xCB65, 0xCB65, 0xCB65,
  0xC365, 0xCB65, 0xCB65, 0xCB65, 0xCB65, 0xCB65, 0xCB65, 0xCB65, 0xCB65, 0xCB66, 0xCB66, 0xCB66,
  0xCB66, 0xCB65, 0xCB65, 0xCB65, 0xCB65, 0xCB65, 0xCB66, 0xCB66, 0xCB66, 0xCB66, 0xCB66, 0xCB66,
  0xCB66, 0xCB65, 0xCB65, 0xCB65, 0xD366, 0xD366, 0xD366, 0xD366, 0xD366, 0xD366, 0xD366, 0xD366,
  0xD366, 0xD366, 0xD366, 0xD366, 0xD366, 0xD366, 0xD366, 0xD386, 0xD386, 0xD386, 0xD386, 0xD386,
  0xD386, 0xD386, 0xD386, 0xD386, 0xD386, 0xD386, 0xD386, 0xD386, 0xD386, 0xD386, 0xD386, 0xD386,
  0xD3A6, 0xD3A6, 0xD3A6, 0xD3A6, 0xD3A6, 0xD3A6, 0xD3A6, 0xD3A6, 0xD3A6, 0xD3A6, 0xD3A6, 0xD3A6,
  0xD3A6, 0xD3A6, 0xD3A6, 0xD3A6, 0xD3A6, 0xD3A6, 0xD3A6, 0xD3A6, 0xD3A6, 0xD3A6, 0xD3A6, 0xD3A6,
  0xD3A6, 0xD3A6, 0xD3A6, 0xD3A6, 0xD3A6, 0xD3A6, 0xD3A6, 0xD3A6, 0xD3A6, 0xD3A6, 0xD3A6, 0xD3C6,
  0xD3C6, 0xD3C6, 0xD3C6, 0xD3C6, 0xD3C6, 0xD3C6, 0xD3C6, 0xD3C6, 0xD3C6, 0xD3C6, 0xD3A6, 0xD3A6,
  0xD3A6, 0xD3A6, 0xD3A6, 0xD3A6, 0xD3A6, 0xD3A6, 0xD3A6, 0xD3A6, 0xD3A6, 0xD3A6, 0xDBA6, 0xDBA6,
  0xDBA6, 0xDBA6, 0xDBA6, 0xDBA6, 0xDBA6, 0xDBA6, 0xDBA6, 0xDBA6, 0xDBA6, 0xDBA6, 0xDBA6, 0xDBA6,
  0xDBA6, 0xDBA6, 0xDBA6, 0xDBA6, 0xDBA6, 0xDBA6, 0xDBA6, 0xDBA6, 0xDBA6, 0xDBA6, 0xDBA6, 0xDBA6,
  0xDBA6, 0xDBA6, 0xDBA6, 0xDBA6, 0xDBA6, 0xDBA6, 0xDBA6, 0xDBA6, 0xDBA6, 0xDBA6, 0xDBA6, 0xDBA6,
  0xDBA6, 0xDBA6, 0xDBA6, 0xDBA6, 0xDBA6, 0xDBA6, 0xDBA6, 0xDBA6, 0xDBA6, 0xD3A6, 0xD3A6, 0xD3A6,
  0xD3A6, 0xD3A6, 0xD3A6, 0xD3A6, 0xD3A6, 0xD3A6, 0xD3A6, 0xD3A6, 0xD3A6, 0xD3A6, 0xD3A6, 0xD3A6,
  0xD386, 0xD386, 0xD386, 0xD386, 0xD386, 0xD386, 0xD386, 0xD386, 0xD386, 0xD386, 0xD386, 0xD386,
  0xD386, 0xD386, 0xD386, 0xD386, 0xD386, 0xD386, 0xD386, 0xD386, 0xD386, 0xD386, 0xD366, 0xD366,
  0xD366, 0xD366, 0xD366, 0xD366, 0xD366, 0xD366, 0xD366, 0xD366, 0xD366, 0xD366, 0xD366, 0xD366,
  0xD366, 0xD366, 0xD366, 0xD366, 0xD366, 0xD366, 0xD366, 0xD366, 0xD366, 0xD366, 0xD366, 0xD366,
  0xCB66, 0xCB66, 0xCB66, 0xCB66, 0xCB66, 0xCB66, 0xCB66, 0xCB66, 0xCB66, 0xCB65, 0xCB65, 0xCB65,
  0xCB65, 0xCB65, 0xCB65, 0xCB65, 0xCB65, 0xCB65, 0xCB65, 0xCB65, 0xCB65, 0xCB65, 0xCB65, 0xCB65,
  0xCB65, 0xCB65, 0xCB65, 0xCB65, 0xCB65, 0xCB65, 0xCB65, 0xCB65, 0xCB65, 0xCB66, 0xCB66, 0xCB66,
  0xCB66, 0xD365, 0xD365, 0xD365, 0xD366, 0xD366, 0xD366, 0xD366, 0xD366, 0xD366, 0xD366, 0xD366,
  0xD366, 0xD366, 0xD366, 0xD366, 0xD366, 0xD366, 0xD366, 0xD366, 0xD386, 0xD386, 0xD386, 0xD386,
  0xD386, 0xD386, 0xD386, 0xD386, 0xD386, 0xD386, 0xD386, 0xD386, 0xD386, 0xD386, 0xD386, 0xD386,
  0xD3A6, 0xD3A6, 0xD3A6, 0xD3A6, 0xD3A6, 0xD3A6, 0xD3A6, 0xD3A6, 0xD3A6, 0xD3A6, 0xD3A6, 0xD3A6,
  0xD3A6, 0xD3A6, 0xD3A6, 0xD3A6, 0xD3A6, 0xD3A6, 0xD3A6, 0xD3A6, 0xD3A6, 0xD3A6, 0xD3A6, 0xD3A6,
  0xD3A6, 0xD3A6, 0xD3A6, 0xD3A6, 0xD3A6, 0xD3A6, 0xD3A6, 0xD3A6, 0xD3A6, 0xD3A6, 0xD3A6, 0xD3C6,
  0xD3C6, 0xD3C6, 0xD3C6, 0xD3C6, 0xD3C6, 0xD3C6, 0xD3C6, 0xD3C6, 0xD3C6, 0xD3C6, 0xD3A6, 0xD3A6,
  0xD3A6, 0xD3A6, 0xD3A6, 0xD3A6, 0xD3A6, 0xD3A6, 0xD3A6, 0xD3A6, 0xD3A6, 0xD3A6, 0xDBA6, 0xDBC6,
  0xDBC6, 0xDBC6, 0xDBC6, 0xDBC6, 0xDBC6, 0xDBC6, 0xDBC6, 0xDBC6, 0xDBC6, 0xDBC6, 0xDBC6, 0xDBC6,
  0xDBC6, 0xDBC6, 0xDBC6, 0xDBC6, 0xDBC6, 0xDBC6, 0xDBC6, 0xDBC6, 0xDBC6, 0xDBC6, 0xDBA6, 0xDBA6,
  0xDBA6, 0xDBA6, 0xDBA6, 0xDBA6, 0xDBA6, 0xDBA6, 0xDBA6, 0xDBA6, 0xDBA6, 0xDBA6, 0xDBA6, 0xDBA6,
  0xDBA6, 0xDBA6, 0xDBA6, 0xDBA6, 0xDBA6, 0xDBA6, 0xDBA6, 0xDBA6, 0xDBA6, 0xD3A6, 0xD3A6, 0xD3A6,
  0xD3A6, 0xD3A6, 0xD3A6, 0xD3A6, 0xD3A6, 0xD3A6, 0xD3A6, 0xD3A6, 0xD3A6, 0xD3A6, 0xD3A6, 0xD3A6,
  0xD386, 0xD386, 0xD386, 0xD386, 0xD386, 0xD386, 0xD386, 0xD386, 0xD386, 0xD386, 0xD386, 0xD386,
  0xD386, 0xD386, 0xD386, 0xD386, 0xD386, 0xD386, 0xD386, 0xD386, 0xD386, 0xD366, 0xD366, 0xD366,
  0xD366, 0xD366, 0xD366, 0xD366, 0xD366, 0xD366, 0xD366, 0xD366, 0xD366, 0xD366, 0xD366, 0xD366,
  0xD366, 0xD366, 0xD366, 0xD366, 0xD366, 0xD366, 0xD366, 0xD366, 0xD366, 0xD366, 0xD366, 0xD366,
  0xD366, 0xD366, 0xD366, 0xD366, 0xCB66, 0xCB66, 0xCB66, 0xCB66, 0xCB66, 0xCB65, 0xCB65, 0xCB65,
  0xCB45, 0xCB65, 0xCB65, 0xCB65, 0xCB65, 0xCB65, 0xCB65, 0xCB65, 0xCB65, 0xCB65, 0xCB65, 0xCB65,
  0xCB65, 0xCB65, 0xCB65, 0xCB65, 0xCB65, 0xCB65, 0xCB65, 0xCB65, 0xCB65, 0xCB65, 0xCB65, 0xCB65,
  0xCB65, 0xD365, 0xD365, 0xD365, 0xD366, 0xD366, 0xD366, 0xD366, 0xD366, 0xD366, 0xD366, 0xD366,
  0xD366, 0xD366, 0xD366, 0xD366, 0xD366, 0xD366, 0xD366, 0xD366, 0xD386, 0xD386, 0xD386, 0xD386,
  0xD386, 0xD386, 0xD386, 0xD386, 0xD386, 0xD386, 0xD386, 0xD386, 0xD386, 0xD386, 0xD386, 0xD386,
  0xD3A6, 0xD3A6, 0xD3A6, 0xD3A6, 0xD3A6, 0xD3A6, 0xD3A6, 0xD3A6, 0xD3A6, 0xD3A6, 0xD3A6, 0xD3A6,
  0xD3A6, 0xD3A6, 0xD3A6, 0xD3A6, 0xD3A6, 0xD3A6, 0xD3A6, 0xD3A6, 0xD3A6, 0xD3A6, 0xD3A6, 0xD3A6,
  0xD3A6, 0xD3A6, 0xD3A6, 0xD3A6, 0xD3A6, 0xD3A6, 0xD3A6, 0xD3A6, 0xD3A6, 0xD3A6, 0xD3A6, 0xD3C6,
  0xD3C6, 0xD3C6, 0xD3C6, 0xD3C6, 0xD3C6, 0xD3C6, 0xD3C6, 0xD3C6, 0xD3C6, 0xD3C6, 0xD3C6, 0xD3A6,
  0xD3A6, 0xD3A6, 0xD3A6, 0xD3A6, 0xD3A6, 0xD3A6, 0xD3A6, 0xD3A6, 0xD3A6, 0xD3A6, 0xDBA6, 0xDBC6,
  0xDBC6, 0xDBC6, 0xDBC6, 0xDBC6, 0xDBC6, 0xDBC6, 0xDBC6, 0xDBC6, 0xDBC6, 0xDBC6, 0xDBC6, 0xDBC6,
  0xDBC6, 0xDBC6, 0xDBC6, 0xDBC6, 0xDBC6, 0xDBC6, 0xDBC6, 0xDBC6, 0xDBC6, 0xDBC6, 0xDBA6, 0xDBA6,
  0xDBA6, 0xDBA6, 0xDBA6, 0xDBA6, 0xDBA6, 0xDBA6, 0xDBA6, 0xDBA6, 0xDBA6, 0xDBA6, 0xDBA6, 0xDBA6,
  0xDBA6, 0xDBA6, 0xDBA6, 0xDBA6, 0xDBA6, 0xDBA6, 0xDBA6, 0xDBA6, 0xDBA6, 0xD3A6, 0xD3A6, 0xD3A6,
  0xD3A6, 0xD3A6, 0xD3A6, 0xD3A6, 0xD3A6, 0xD3A6, 0xD3A6, 0xD3A6, 0xD3A6, 0xD3A6, 0xD3A6, 0xD3A6,
  0xD386, 0xD386, 0xD386, 0xD386, 0xD386, 0xD386, 0xD386, 0xD386, 0xD386, 0xD386, 0xD386, 0xD386,
  0xD386, 0xD386, 0xD386, 0xD386, 0xD386, 0xD386, 0xD386, 0xD386, 0xD386, 0xD366, 0xD366, 0xD366,
  0xD366, 0xD366, 0xD366, 0xD366, 0xD366, 0xD366, 0xD366, 0xD366, 0xD366, 0xD366, 0xD366, 0xD366,
  0xD366, 0xD366, 0xD366, 0xD366, 0xD366, 0xD366, 0xD366, 0xD366, 0xD366, 0xD366, 0xD366, 0xD366,
  0xD366, 0xD366, 0xD366, 0xD366, 0xCB66, 0xCB66, 0xCB66, 0xCB66, 0xCB66, 0xCB65, 0xCB65, 0xCB65,
  0xCB45, 0xCB65, 0xCB65, 0xCB65, 0xCB65, 0xCB65, 0xCB65, 0xCB65, 0xCB65, 0xCB65, 0xCB65, 0xCB65,
  0xCB65, 0xCB65, 0xCB65, 0xCB65, 0xCB65, 0xCB65, 0xCB65, 0xCB65, 0xCB65, 0xCB65, 0xCB65, 0xCB65,
  0xD365, 0xD365, 0xD365, 0xD365, 0xD365, 0xD366, 0xD366, 0xD366, 0xD366, 0xD366, 0xD366, 0xD366,
  0xD366, 0xD366, 0xD366, 0xD366, 0xD366, 0xD366, 0xD366, 0xD366, 0xD386, 0xD386, 0xD386, 0xD386,
  0xD386, 0xD386, 0xD386, 0xD386, 0xD386, 0xD386, 0xD386, 0xD386, 0xD386, 0xD386, 0xD386, 0xD386,
  0xD3A6, 0xD3A6, 0xD3A6, 0xD3A6, 0xD3A6, 0xD3A6, 0xD3A6, 0xD3A6, 0xD3A6, 0xD3A6, 0xD3A6, 0xD3A6,
  0xD3A6, 0xD3A6, 0xD3A6, 0xD3A6, 0xD3A6, 0xD3A6, 0xD3A6, 0xD3A6, 0xD3A6, 0xDBA6, 0xD3A6, 0xD3A6,
  0xD3A6, 0xD3A6, 0xD3A6, 0xD3A6, 0xD3A6, 0xD3A6, 0xD3A6, 0xD3A6, 0xD3A6, 0xD3A6, 0xD3A6, 0xD3C6,
  0xDBC6, 0xDBC6, 0xDBC6, 0xDBC6, 0xDBC6, 0xDBC6, 0xDBC6, 0xDBC6, 0xDBC6, 0xDBC6, 0xDBC6, 0xD3C6,
  0xD3C6, 0xD3C6, 0xD3C6, 0xD3C6, 0xD3C6, 0xD3C6, 0xD3C6, 0xD3C6, 0xD3C6, 0xD3C6, 0xDBC6, 0xDBC6,
  0xDBC6, 0xDBC6, 0xDBC6, 0xDBC6, 0xDBC6, 0xDBC6, 0xDBC6, 0xDBC6, 0xDBC6, 0xDBC6, 0xDBC6, 0xDBC6,
  0xDBC6, 0xDBC6, 0xDBC6, 0xDBC6, 0xDBC6, 0xDBC6, 0xDBC6, 0xDBC6, 0xDBC6, 0xDBC6, 0xDBA6, 0xDBA6,
  0xDBA6, 0xDBA6, 0xDBA6, 0xDBA6, 0xDBA6, 0xDBA6, 0xDBA6, 0xDBA6, 0xDBA6, 0xDBA6, 0xDBA6, 0xDBA6,
  0xDBA6, 0xDBA6, 0xDBA6, 0xDBA6, 0xDBA6, 0xDBA6, 0xDBA6, 0xDBA6, 0xDBA6, 0xD3A6, 0xD3A6, 0xD3A6,
  0xD3A6, 0xD3A6, 0xD3A6, 0xD3A6, 0xD3A6, 0xD3A6, 0xD3A6, 0xD3A6, 0xD3A6, 0xD3A6, 0xD3A6, 0xD3A6,
  0xD386, 0xD386, 0xD386, 0xD386, 0xD386, 0xD386, 0xD386, 0xD386, 0xD386, 0xD386, 0xD386, 0xD386,
  0xD386, 0xD386, 0xD386, 0xD386, 0xD386, 0xD386, 0xD386, 0xD386, 0xD386, 0xD366, 0xD366, 0xD366,
  0xD366, 0xD366, 0xD366, 0xD366, 0xD366, 0xD366, 0xD366, 0xD366, 0xD366, 0xD366, 0xD366, 0xD366,
  0xD365, 0xD365, 0xD365, 0xD365, 0xD365, 0xD365, 0xD365, 0xD365, 0xD366, 0xD366, 0xD366, 0xD366,
  0xD366, 0xD366, 0xD366, 0xD366, 0xD366, 0xCB66, 0xCB66, 0xCB66, 0xCB66, 0xCB65, 0xCB65, 0xCB65,
  0xCB45, 0xCB45, 0xCB45, 0xCB45, 0xCB45, 0xCB65, 0xCB65, 0xCB65, 0xCB65, 0xCB65, 0xCB65, 0xCB65,
  0xCB65, 0xCB65, 0xCB65, 0xCB65, 0xCB65, 0xCB65, 0xCB65, 0xCB65, 0xCB65, 0xCB65, 0xCB65, 0xCB65,
  0xD365, 0xD365, 0xD365, 0xD365, 0xD365, 0xD365, 0xD365, 0xD365, 0xD365, 0xD365, 0xD365, 0xD365,
  0xD365, 0xD365, 0xD366, 0xD366, 0xD386, 0xD386, 0xD386, 0xD386, 0xD386, 0xD386, 0xD386, 0xD386,
  0xD386, 0xD386, 0xD386, 0xD386, 0xD386, 0xD386, 0xD386, 0xD386, 0xD386, 0xD386, 0xD386, 0xD386,
  0xD386, 0xD386, 0xD386, 0xD386, 0xD3A6, 0xD3A6, 0xD3A6, 0xD3A6, 0xD3A6, 0xD3A6, 0xD3A6, 0xD3A6,
  0xD3A6, 0xD3A6, 0xD3A6, 0xD3A6, 0xD3A6, 0xD3A6, 0xD3A6, 0xD3A6, 0xDBA6, 0xDBA6, 0xDBA6, 0xDBA6,
  0xD3A6, 0xD3A6, 0xD3A6, 0xD3A6, 0xD3A6, 0xD3A6, 0xD3A6, 0xD3A6, 0xD3A6, 0xD3A6, 0xD3A6, 0xDBA6,
  0xDBA6, 0xDBA6, 0xDBA6, 0xDBA6, 0xDBA6, 0xDBA6, 0xDBA6, 0xDBA6, 0xDBA6, 0xDBA6, 0xDBC6, 0xDBC6,
  0xDBC6, 0xDBC6, 0xDBC6, 0xDBC6, 0xDBC6, 0xDBC6, 0xDBC6, 0xDBC6, 0xDBC6, 0xDBC6, 0xDBC6, 0xDBC6,
  0xDBC6, 0xDBC6, 0xDBC6, 0xDBC6, 0xDBC6, 0xDBC6, 0xDBC6, 0xDBC6, 0xDBC6, 0xDBC6, 0xDBC6, 0xDBC6,
  0xDBC6, 0xDBC6, 0xDBC6, 0xDBC6, 0xDBC6, 0xDBC6, 0xDBC6, 0xDBC6, 0xDBC6, 0xDBC6, 0xDBA6, 0xDBA6,
  0xDBA6, 0xDBA6, 0xDBA6, 0xDBA6, 0xDBA6, 0xDBA6, 0xDBA6, 0xDBA6, 0xDBA6, 0xDBA6, 0xDBA6, 0xDBA6,
  0xDBA6, 0xDBA6, 0xDBA6, 0xDBA6, 0xDBA6, 0xDBA6, 0xDBA6, 0xDBA6, 0xDBA6, 0xDBA6, 0xDBA6, 0xDBA6,
  0xDBA6, 0xDBA6, 0xDBA6, 0xD3A6, 0xD3A6, 0xD3A6, 0xD3A6, 0xD3A6, 0xD3A6, 0xD3A6, 0xD3A6, 0xD3A6,
  0xD3A6, 0xD3A6, 0xD3A6, 0xD386, 0xD386, 0xD386, 0xD386, 0xD386, 0xD386, 0xD386, 0xD386, 0xD386,
  0xD386, 0xD386, 0xD386, 0xD386, 0xD386, 0xD386, 0xD386, 0xD386, 0xD386, 0xD386, 0xD386, 0xD386,
  0xD386, 0xD386, 0xD386, 0xD386, 0xD386, 0xD386, 0xD366, 0xD366, 0xD366, 0xD365, 0xD365, 0xD365,
  0xD365, 0xD365, 0xD365, 0xD365, 0xD365, 0xD365, 0xD365, 0xD365, 0xCB65, 0xCB66, 0xCB66, 0xCB66,
  0xCB66, 0xCB66, 0xCB66, 0xCB66, 0xCB66, 0xCB66, 0xCB66, 0xCB66, 0xCB65, 0xCB65, 0xCB65, 0xCB65,
  0xCB45, 0xCB45, 0xCB45, 0xCB45, 0xCB45, 0xCB45, 0xCB65, 0xCB65, 0xCB65, 0xCB65, 0xCB65, 0xCB65,
  0xCB65, 0xCB65, 0xCB65, 0xCB65, 0xCB65, 0xCB65, 0xCB65, 0xCB65, 0xCB65, 0xCB65, 0xD365, 0xD365,
  0xD365, 0xD365, 0xD365, 0xD365, 0xD365, 0xD365, 0xD365, 0xD365, 0xD365, 0xD365, 0xD365, 0xD365,
  0xD365, 0xD365, 0xD386, 0xD386, 0xD386, 0xD386, 0xD386, 0xD386, 0xD386, 0xD386, 0xD386, 0xD386,
  0xD386, 0xD386, 0xD386, 0xD386, 0xD386, 0xD386, 0xD386, 0xD386, 0xD386, 0xD386, 0xD386, 0xD386,
  0xD386, 0xD386, 0xD386, 0xD386, 0xD386, 0xD386, 0xD3A6, 0xD3A6, 0xD3A6, 0xD3A6, 0xD3A6, 0xD3A6,
  0xD3A6, 0xD3A6, 0xD3A6, 0xD3A6, 0xD3A6, 0xD3A6, 0xDBA6, 0xDBA6, 0xDBA6, 0xDBA6, 0xDBA6, 0xDBA6,
  0xDBA6, 0xDBA6, 0xDBA6, 0xDBA6, 0xDBA6, 0xDBA6, 0xDBA6, 0xDBA6, 0xDBA6, 0xDBA6, 0xDBA6, 0xDBA6,
  0xDBA6, 0xDBA6, 0xDBA6, 0xDBA6, 0xDBA6, 0xDBA6, 0xDBA6, 0xDBA6, 0xDBA6, 0xDBA6, 0xDBC6, 0xDBC6,
  0xDBC6, 0xDBC6, 0xDBC6, 0xDBC6, 0xDBC6, 0xDBC6, 0xDBC6, 0xDBC6, 0xDBC6, 0xDBC6, 0xDBC6, 0xDBC6,
  0xDBC6, 0xDBC6, 0xDBC6, 0xDBC6, 0xDBC6, 0xDBC6, 0xDBC6, 0xDBC6, 0xDBC6, 0xDBC6, 0xDBC6, 0xDBC6,
  0xDBC6, 0xDBC6, 0xDBC6, 0xDBC6, 0xDBC6, 0xDBC6, 0xDBC6, 0xDBC6, 0xDBC6, 0xDBC6, 0xDBA6, 0xDBA6,
  0xDBA6, 0xDBA6, 0xDBA6, 0xDBA6, 0xDBA6, 0xDBA6, 0xDBA6, 0xDBA6, 0xDBA6, 0xDBA6, 0xDBA6, 0xDBA6,
  0xDBA6, 0xDBA6, 0xDBA6, 0xDBA6, 0xDBA6, 0xDBA6, 0xDBA6, 0xDBA6, 0xDBA6, 0xDBA6, 0xDBA6, 0xDBA6,
  0xDBA6, 0xDBA6, 0xDBA6, 0xD3A6, 0xD386, 0xD386, 0xD386, 0xD386, 0xD386, 0xD3A6, 0xD3A6, 0xD3A6,
  0xD3A6, 0xD3A6, 0xD3A6, 0xD386, 0xD386, 0xD386, 0xD386, 0xD386, 0xD386, 0xD386, 0xD386, 0xD386,
  0xD386, 0xD386, 0xD386, 0xD386, 0xD386, 0xD386, 0xD386, 0xD386, 0xD386, 0xD386, 0xD386, 0xD386,
  0xD386, 0xD386, 0xD386, 0xD386, 0xD386, 0xD386, 0xD386, 0xD365, 0xD365, 0xD365, 0xD365, 0xD365,
  0xD365, 0xD365, 0xD365, 0xD365, 0xCB65, 0xCB65, 0xCB65, 0xCB65, 0xCB65, 0xCB65, 0xCB65, 0xCB65,
  0xCB65, 0xCB65, 0xCB65, 0xCB65, 0xCB65, 0xCB65, 0xCB65, 0xCB65, 0xCB65, 0xCB65, 0xCB65, 0xCB65,
  0xCB45, 0xCB45, 0xCB45, 0xCB45, 0xCB45, 0xCB45, 0xCB45, 0xCB65, 0xCB65, 0xCB65, 0xCB65, 0xCB65,
  0xCB65, 0xCB65, 0xCB65, 0xCB65, 0xCB65, 0xCB65, 0xCB65, 0xCB65, 0xCB65, 0xCB65, 0xCB65, 0xCB65,
  0xD365, 0xD365, 0xD365, 0xD365, 0xD365, 0xD365, 0xD365, 0xD365, 0xD365, 0xD365, 0xD365, 0xD365,
  0xD365, 0xD365, 0xD386, 0xD386, 0xD386, 0xD386, 0xD386, 0xD386, 0xD386, 0xD386, 0xD386, 0xD386,
  0xD386, 0xD386, 0xD386, 0xD386, 0xD386, 0xD386, 0xD386, 0xD386, 0xD386, 0xD386, 0xD386, 0xD386,
  0xD386, 0xD386, 0xD386, 0xD386, 0xD386, 0xD386, 0xD386, 0xD386, 0xD386, 0xD386, 0xD3A6, 0xD3A6,
  0xD3A6, 0xD3A6, 0xD3A6, 0xD3A6, 0xD3A6, 0xD3A6, 0xDBA6, 0xDBA6, 0xDBA6, 0xDBA6, 0xDBA6, 0xDBA6,
  0xDBA6, 0xDBA6, 0xDBA6, 0xDBA6, 0xDBA6, 0xDBA6, 0xDBA6, 0xDBA6, 0xDBA6, 0xDBA6, 0xDBA6, 0xDBA6,
  0xDBA6, 0xDBA6, 0xDBA6, 0xDBA6, 0xDBA6, 0xDBA6, 0xDBA6, 0xDBA6, 0xDBA6, 0xDBA6, 0xDBC6, 0xDBC6,
  0xDBC6, 0xDBC6, 0xDBC6, 0xDBC6, 0xDBC6, 0xDBC6, 0xDBC6, 0xDBC6, 0xDBC6, 0xDBC6, 0xDBC6, 0xDBC6,
  0xDBC6, 0xDBC6, 0xDBC6, 0xDBC6, 0xDBC6, 0xDBC6, 0xDBC6, 0xDBC6, 0xDBC6, 0xDBC6, 0xDBC6, 0xDBC6,
  0xDBC6, 0xDBC6, 0xDBC6, 0xDBC6, 0xDBC6, 0xDBC6, 0xDBC6, 0xDBC6, 0xDBC6, 0xDBC6, 0xDBA6, 0xDBA6,
  0xDBA6, 0xDBA6, 0xDBA6, 0xDBA6, 0xDBA6, 0xDBA6, 0xDBA6, 0xDBA6, 0xDBA6, 0xDBA6, 0xDBA6, 0xDBA6,
  0xDBA6, 0xDBA6, 0xDBA6, 0xDBA6, 0xDBA6, 0xDBA6, 0xDBA6, 0xDBA6, 0xDBA6, 0xDBA6, 0xDBA6, 0xDBA6,
  0xDBA6, 0xDBA6, 0xDBA6, 0xDBA6, 0xD386, 0xD386, 0xD386, 0xD386, 0xD386, 0xD386, 0xD3A6, 0xD3A6,
  0xD386, 0xD386, 0xD386, 0xD386, 0xD386, 0xD386, 0xD386, 0xD386, 0xD386, 0xD386, 0xD386, 0xD386,
  0xD386, 0xD386, 0xD386, 0xD386, 0xD386, 0xD386, 0xD386, 0xD386, 0xD386, 0xD386, 0xD386, 0xD386,
  0xD386, 0xD386, 0xD386, 0xD386, 0xD386, 0xD386, 0xD366, 0xD365, 0xD365, 0xD365, 0xD365, 0xD365,
  0xD365, 0xD365, 0xD365, 0xD365, 0xCB65, 0xCB65, 0xCB65, 0xCB65, 0xCB65, 0xCB65, 0xCB65, 0xCB65,
  0xCB65, 0xCB65, 0xCB65, 0xCB65, 0xCB65, 0xCB65, 0xCB65, 0xCB65, 0xCB65, 0xCB65, 0xCB65, 0xCB65,
  0xCB45, 0xCB45, 0xCB45, 0xCB45, 0xCB45, 0xCB45, 0xCB45, 0xCB45, 0xCB65, 0xCB65, 0xCB65, 0xCB65,
  0xCB65, 0xCB45, 0xCB45, 0xCB45, 0xCB65, 0xCB65, 0xCB65, 0xCB65, 0xCB65, 0xCB65, 0xCB65, 0xCB65,
  0xD365, 0xD365, 0xD365, 0xD365, 0xD365, 0xD365, 0xD365, 0xD365, 0xD365, 0xD365, 0xD365, 0xD365,
  0xD365, 0xD365, 0xD365, 0xD366, 0xD386, 0xD386, 0xD386, 0xD386, 0xD386, 0xD386, 0xD386, 0xD386,
  0xD386, 0xD386, 0xD386, 0xD386, 0xD386, 0xD386, 0xD386, 0xD386, 0xD386, 0xD386, 0xD386, 0xD386,
  0xD386, 0xD386, 0xD386, 0xD386, 0xD386, 0xD386, 0xD386, 0xD386, 0xD386, 0xD386, 0xD386, 0xD386,
  0xD386, 0xD386, 0xD3A6, 0xDBA6, 0xDBA6, 0xDBA6, 0xDBA6, 0xDBA6, 0xDBA6, 0xDBA6, 0xDBA6, 0xDBA6,
  0xDBA6, 0xDBA6, 0xDBA6, 0xDBA6, 0xDBA6, 0xDBA6, 0xDBA6, 0xDBA6, 0xDBA6, 0xDBA6, 0xDBA6, 0xDBA6,
  0xDBA6, 0xDBA6, 0xDBA6, 0xDBA6, 0xDBA6, 0xDBA6, 0xDBA6, 0xDBA6, 0xDBA6, 0xDBA6, 0xDBC6, 0xDBC6,
  0xDBC6, 0xDBC6, 0xDBC6, 0xDBC6, 0xDBC6, 0xDBC6, 0xDBC6, 0xDBC6, 0xDBC6, 0xDBC6, 0xDBC6, 0xDBC6,
  0xDBC6, 0xDBC6, 0xDBC6, 0xDBC6, 0xDBC6, 0xDBC6, 0xDBC6, 0xDBC6, 0xDBC6, 0xDBC6, 0xDBC6, 0xDBC6,
  0xDBC6, 0xDBC6, 0xDBC6, 0xDBC6, 0xDBC6, 0xDBC6, 0xDBC6, 0xDBC6, 0xDBC6, 0xDBC6, 0xDBA6, 0xDBA6,
  0xDBA6, 0xDBA6, 0xDBA6, 0xDBA6, 0xDBA6, 0xDBA6, 0xDBA6, 0xDBA6, 0xDBA6, 0xDBA6, 0xDBA6, 0xDBA6,
  0xDBA6, 0xDBA6, 0xDBA6, 0xDBA6, 0xDBA6, 0xDBA6, 0xDBA6, 0xDBA6, 0xDBA6, 0xDBA6, 0xDBA6, 0xDBA6,
  0xDBA6, 0xDBA6, 0xDBA6, 0xDB86, 0xDB86, 0xDB86, 0xDB86, 0xDB86, 0xDB86, 0xDB86, 0xDBA6, 0xD386,
  0xD386, 0xD386, 0xD386, 0xD386, 0xD386, 0xD386, 0xD386, 0xD386, 0xD386, 0xD386, 0xD386, 0xD386,
  0xD386, 0xD386, 0xD386, 0xD386, 0xD386, 0xD386, 0xD386, 0xD386, 0xD386, 0xD386, 0xD386, 0xD386,
  0xD386, 0xD386, 0xD386, 0xD386, 0xD366, 0xD366, 0xD365, 0xD365, 0xD365, 0xD365, 0xD365, 0xD365,
  0xD365, 0xD365, 0xD365, 0xD365, 0xCB65, 0xCB65, 0xCB65, 0xCB65, 0xCB65, 0xCB65, 0xCB65, 0xCB65,
  0xCB65, 0xCB65, 0xCB65, 0xCB65, 0xCB65, 0xCB65, 0xCB65, 0xCB65, 0xCB65, 0xCB65, 0xCB65, 0xCB65,
  0xCB45, 0xCB45, 0xCB45, 0xCB45, 0xCB45, 0xCB45, 0xCB45, 0xCB45, 0xCB45, 0xCB65, 0xCB65, 0xCB65,
  0xCB45, 0xCB45, 0xCB45, 0xCB45, 0xCB65, 0xCB65, 0xCB65, 0xCB65, 0xCB65, 0xCB65, 0xCB65, 0xCB65,
  0xCB65, 0xD365, 0xD365, 0xD365, 0xD365, 0xD365, 0xD365, 0xD365, 0xD365, 0xD365, 0xD365, 0xD365,
  0xD365, 0xD365, 0xD365, 0xD365, 0xD386, 0xD386, 0xD386, 0xD386, 0xD386, 0xD386, 0xD386, 0xD386,
  0xD386, 0xD386, 0xD386, 0xD386, 0xD386, 0xD386, 0xD386, 0xD386, 0xD386, 0xD386, 0xD386, 0xD386,
  0xD386, 0xD386, 0xD386, 0xD386, 0xD386, 0xD386, 0xD386, 0xD386, 0xD386, 0xD386, 0xD386, 0xD386,
  0xD386, 0xD386, 0xD3A6, 0xDBA6, 0xDBA6, 0xDBA6, 0xDBA6, 0xDBA6, 0xDBA6, 0xDBA6, 0xDBA6, 0xDBA6,
  0xDBA6, 0xDBA6, 0xDBA6, 0xDBA6, 0xDBA6, 0xDBA6, 0xDBA6, 0xDBA6, 0xDBA6, 0xDBA6, 0xDBA6, 0xDBA6,
  0xDBA6, 0xDBA6, 0xDBA6, 0xDBA6, 0xDBA6, 0xDBA6, 0xDBA6, 0xDBA6, 0xDBA6, 0xDBA6, 0xDBA6, 0xDBC6,
  0xDBC6, 0xDBC6, 0xDBC6, 0xDBC6, 0xDBC6, 0xDBC6, 0xDBC6, 0xDBC6, 0xDBC6, 0xDBC6, 0xDBC6, 0xDBC6,
  0xDBC6, 0xDBC6, 0xDBC6, 0xDBC6, 0xDBC6, 0xDBC6, 0xDBC6, 0xDBC6, 0xDBC6, 0xDBC6, 0xDBC6, 0xDBC6,
  0xDBC6, 0xDBC6, 0xDBC6, 0xDBC6, 0xDBC6, 0xDBC6, 0xDBC6, 0xDBC6, 0xDBC6, 0xDBC6, 0xDBC6, 0xDBA6,
  0xDBA6, 0xDBA6, 0xDBA6, 0xDBA6, 0xDBA6, 0xDBA6, 0xDBA6, 0xDBA6, 0xDBA6, 0xDBA6, 0xDBA6, 0xDBA6,
  0xDBA6, 0xDBA6, 0xDBA6, 0xDBA6, 0xDBA6, 0xDBA6, 0xDBA6, 0xDBA6, 0xDBA6, 0xDBA6, 0xDBA6, 0xDBA6,
  0xDBA6, 0xDB86, 0xDB86, 0xDB86, 0xDB86, 0xDB86, 0xDB86, 0xDB86, 0xDB86, 0xDB86, 0xDBA6, 0xD386,
  0xD386, 0xD386, 0xD386, 0xD386, 0xD386, 0xD386, 0xD386, 0xD386, 0xD386, 0xD386, 0xD386, 0xD386,
  0xD386, 0xD386, 0xD386, 0xD386, 0xD386, 0xD386, 0xD386, 0xD386, 0xD386, 0xD386, 0xD386, 0xD386,
  0xD386, 0xD386, 0xD366, 0xD366, 0xD366, 0xD365, 0xD365, 0xD365, 0xD365, 0xD365, 0xD365, 0xD365,
  0xD365, 0xD365, 0xD365, 0xD365, 0xCB65, 0xCB65, 0xCB65, 0xCB65, 0xCB65, 0xCB65, 0xCB65, 0xCB65,
  0xCB65, 0xCB65, 0xCB65, 0xCB65, 0xCB65, 0xCB65, 0xCB65, 0xCB65, 0xCB65, 0xCB65, 0xCB65, 0xCB65,
  0xCB45, 0xCB45, 0xCB45, 0xCB45, 0xCB45, 0xCB45, 0xCB45, 0xCB45, 0xCB45, 0xCB45, 0xCB65, 0xCB65,
  0xCB45, 0xCB45, 0xCB45, 0xCB45, 0xCB45, 0xCB65, 0xCB65, 0xCB65, 0xCB65, 0xCB65, 0xCB65, 0xCB65,
  0xCB65, 0xD365, 0xD365, 0xD365, 0xD365, 0xD365, 0xD365, 0xD365, 0xD365, 0xD365, 0xD365, 0xD365,
  0xD365, 0xD365, 0xD365, 0xD365, 0xD365, 0xD366, 0xD386, 0xD386, 0xD386, 0xD386, 0xD386, 0xD386,
  0xD386, 0xD386, 0xD386, 0xD386, 0xD386, 0xD386, 0xD386, 0xD386, 0xD386, 0xD386, 0xD386, 0xD386,
  0xD386, 0xD386, 0xD386, 0xD386, 0xD386, 0xD386, 0xD386, 0xD386, 0xD386, 0xD386, 0xD386, 0xD386,
  0xD386, 0xD386, 0xD386, 0xD386, 0xDBA6, 0xDBA6, 0xDBA6, 0xDBA6, 0xDBA6, 0xDBA6, 0xDBA6, 0xDBA6,
  0xDBA6, 0xDBA6, 0xDBA6, 0xDBA6, 0xDBA6, 0xDBA6, 0xDBA6, 0xDBA6, 0xDBA6, 0xDBA6, 0xDBA6, 0xDBA6,
  0xDBA6, 0xDBA6, 0xDBA6, 0xDBA6, 0xDBA6, 0xDBA6, 0xDBA6, 0xDBA6, 0xDBA6, 0xDBA6, 0xDBA6, 0xDBC6,
  0xDBC6, 0xDBC6, 0xDBC6, 0xDBC6, 0xDBC6, 0xDBC6, 0xDBC6, 0xDBC6, 0xDBC6, 0xDBC6, 0xDBC6, 0xDBC6,
  0xDBC6, 0xDBC6, 0xDBC6, 0xDBC6, 0xDBC6, 0xDBC6, 0xDBC6, 0xDBC6, 0xDBC6, 0xDBC6, 0xDBC6, 0xDBC5,
  0xDBC5, 0xDBC5, 0xDBC5, 0xDBC5, 0xDBC5, 0xDBC5, 0xDBC5, 0xDBC5, 0xDBC5, 0xDBC5, 0xDBC6, 0xDBA6,
  0xDBA6, 0xDBA6, 0xDBA6, 0xDBA6, 0xDBA6, 0xDBA6, 0xDBA6, 0xDBA6, 0xDBA6, 0xDBA6, 0xDBA6, 0xDBA6,
  0xDBA6, 0xDBA6, 0xDBA6, 0xDBA6, 0xDBA6, 0xDBA6, 0xDBA6, 0xDBA6, 0xDBA6, 0xDBA6, 0xDBA6, 0xDBA6,
  0xDBA6, 0xDB86, 0xDB86, 0xDB86, 0xDB86, 0xDB86, 0xDB86, 0xDB86, 0xDB86, 0xDB86, 0xDBA6, 0xDB86,
  0xD386, 0xD386, 0xD386, 0xD386, 0xD386, 0xD386, 0xD386, 0xD386, 0xD386, 0xD386, 0xD386, 0xD386,
  0xD386, 0xD386, 0xD386, 0xD366, 0xD366, 0xD366, 0xD366, 0xD366, 0xD366, 0xD366, 0xD366, 0xD366,
  0xD366, 0xD366, 0xD366, 0xD366, 0xD365, 0xD365, 0xD365, 0xD365, 0xD365, 0xD365, 0xD365, 0xD365,
  0xD365, 0xD365, 0xD365, 0xD365, 0xCB65, 0xCB65, 0xCB65, 0xCB65, 0xCB65, 0xCB65, 0xCB65, 0xCB65,
  0xCB65, 0xCB65, 0xCB65, 0xCB65, 0xCB65, 0xCB65, 0xCB65, 0xCB65, 0xCB65, 0xCB65, 0xCB65, 0xCB45,
  0xCB45, 0xCB45, 0xCB45, 0xCB45, 0xCB45, 0xCB45, 0xCB45, 0xCB45, 0xCB45, 0xCB45, 0xCB45, 0xCB45,
  0xCB45, 0xCB45, 0xCB45, 0xCB45, 0xCB45, 0xCB45, 0xCB65, 0xCB65, 0xCB65, 0xCB65, 0xCB65, 0xCB65,
  0xCB65, 0xD365, 0xD365, 0xD365, 0xD365, 0xD365, 0xD365, 0xD365, 0xD365, 0xD365, 0xD365, 0xD365,
  0xD365, 0xD365, 0xD365, 0xD365, 0xD365, 0xD365, 0xD366, 0xD386, 0xD386, 0xD386, 0xD386, 0xD386,
  0xD366, 0xD366, 0xD366, 0xD366, 0xD366, 0xD366, 0xD366, 0xD366, 0xD366, 0xD366, 0xD366, 0xD366,
  0xD385, 0xD385, 0xD385, 0xD386, 0xD386, 0xD386, 0xD386, 0xD386, 0xD386, 0xD386, 0xD386, 0xD385,
  0xD385, 0xD385, 0xDB85, 0xDB85, 0xDB85, 0xDBA5, 0xDBA6, 0xDBA6, 0xDBA6, 0xDBA6, 0xDBA6, 0xDBA6,
  0xDBA6, 0xDBA6, 0xDBA6, 0xDBA6, 0xDBA6, 0xDBA6, 0xDBA6, 0xDBA6, 0xDBA6, 0xDBA6, 0xDBA6, 0xDBA6,
  0xDBA6, 0xDBA6, 0xDBA6, 0xDBA6, 0xDBA6, 0xDBA6, 0xDBA6, 0xDBA6, 0xDBA6, 0xDBA6, 0xDBA6, 0xDBC6,
  0xDBC6, 0xDBC6, 0xDBC6, 0xDBC6, 0xDBC6, 0xDBC6, 0xDBC6, 0xDBC6, 0xDBC6, 0xDBC6, 0xDBC6, 0xDBA6,
  0xDBA6, 0xDBA6, 0xDBA6, 0xDBA6, 0xDBA6, 0xDBA6, 0xDBA6, 0xDBA6, 0xDBA6, 0xDBA6, 0xDBC6, 0xDBC5,
  0xDBC5, 0xDBC5, 0xDBC5, 0xDBC5, 0xDBC5, 0xDBC5, 0xDBC5, 0xDBC5, 0xDBC5, 0xDBC5, 0xDBC5, 0xDBA6,
  0xDBA6, 0xDBA6, 0xDBA6, 0xDBA6, 0xDBA6, 0xDBA6, 0xDBA6, 0xDBA6, 0xDBA6, 0xDBA6, 0xDBA5, 0xDBA5,
  0xDBA5, 0xDBA5, 0xDBA5, 0xDBA5, 0xDBA5, 0xDBA5, 0xDBA5, 0xDBA5, 0xDBA5, 0xDBA5, 0xDBA6, 0xDBA6,
  0xDB86, 0xDB86, 0xDB86, 0xDB86, 0xDB86, 0xDB86, 0xDB86, 0xDB86, 0xDB86, 0xDB86, 0xDB86, 0xDB86,
  0xDB86, 0xDB86, 0xDB86, 0xD386, 0xD386, 0xD386, 0xD386, 0xD386, 0xD386, 0xD386, 0xD386, 0xD386,
  0xD386, 0xD386, 0xD386, 0xD366, 0xD366, 0xD366, 0xD366, 0xD366, 0xD366, 0xD366, 0xD366, 0xD366,
  0xD366, 0xD366, 0xD366, 0xD365, 0xD365, 0xD365, 0xD365, 0xD365, 0xD365, 0xD365, 0xD365, 0xD365,
  0xD365, 0xD365, 0xD365, 0xD365, 0xCB65, 0xCB65, 0xCB65, 0xCB65, 0xCB65, 0xCB65, 0xCB65, 0xCB65,
  0xCB65, 0xCB65, 0xCB65, 0xCB65, 0xCB65, 0xCB65, 0xCB65, 0xCB65, 0xCB65, 0xCB45, 0xCB45, 0xCB45,
  0xCB45, 0xCB45, 0xCB45, 0xCB45, 0xCB45, 0xCB45, 0xCB45, 0xCB45, 0xCB45, 0xCB45, 0xCB45, 0xCB45,
  0xCB45, 0xCB45, 0xCB45, 0xCB45, 0xCB45, 0xCB45, 0xCB45, 0xCB65, 0xCB65, 0xCB65, 0xCB65, 0xCB65,
  0xCB65, 0xCB65, 0xCB65, 0xCB65, 0xCB65, 0xCB65, 0xCB65, 0xCB65, 0xCB65, 0xCB65, 0xCB65, 0xCB65,
  0xD365, 0xD365, 0xD365, 0xD365, 0xD365, 0xD365, 0xD365, 0xD365, 0xD366, 0xD386, 0xD386, 0xD366,
  0xD366, 0xD366, 0xD366, 0xD366, 0xD366, 0xD366, 0xD366, 0xD366, 0xD366, 0xD366, 0xD366, 0xD366,
  0xD365, 0xD365, 0xD385, 0xD385, 0xD385, 0xD385, 0xD386, 0xD386, 0xD386, 0xD386, 0xD386, 0xD385,
  0xD385, 0xD385, 0xDB85, 0xDB85, 0xDB85, 0xDB85, 0xDBA5, 0xDBA5, 0xDBA5, 0xDBA5, 0xDBA5, 0xDBA6,
  0xDBA6, 0xDBA6, 0xDBA6, 0xDBA6, 0xDBA6, 0xDBA6, 0xDBA6, 0xDBA6, 0xDBA6, 0xDBA6, 0xDBA6, 0xDBA5,
  0xDBA5, 0xDBA5, 0xDBA5, 0xDBA5, 0xDBA5, 0xDBA5, 0xDBA5, 0xDBA5, 0xDBA5, 0xDBA5, 0xDBA5, 0xDBC6,
  0xDBC6, 0xDBC6, 0xDBC6, 0xDBC6, 0xDBC6, 0xDBC6, 0xDBC6, 0xDBC6, 0xDBC6, 0xDBC6, 0xDBC6, 0xDBA6,
  0xDBA6, 0xDBA6, 0xDBA6, 0xDBA6, 0xDBA6, 0xDBA6, 0xDBA6, 0xDBA6, 0xDBA6, 0xDBA6, 0xDBA5, 0xDBC5,
  0xDBC5, 0xDBC5, 0xDBC5, 0xDBC5, 0xDBC5, 0xDBC5, 0xDBC5, 0xDBC5, 0xDBC5, 0xDBC5, 0xDBC5, 0xDBC5,
  0xDBC5, 0xDBA5, 0xDBA5, 0xDBA5, 0xDBA5, 0xDBA5, 0xDBA5, 0xDBA5, 0xDBA5, 0xDBA5, 0xDBA5, 0xDBA5,
  0xDBA5, 0xDBA5, 0xDBA5, 0xDBA5, 0xDBA5, 0xDBA5, 0xDBA5, 0xDBA5, 0xDBA5, 0xDBA5, 0xDBA6, 0xDB86,
  0xDB86, 0xDB86, 0xDB86, 0xDB86, 0xDB86, 0xDB86, 0xDB86, 0xDB86, 0xDB86, 0xDB86, 0xDB86, 0xDB86,
  0xDB86, 0xDB86, 0xDB86, 0xDB86, 0xD386, 0xD386, 0xD386, 0xD386, 0xD386, 0xD386, 0xD386, 0xD386,
  0xD386, 0xD386, 0xD386, 0xD366, 0xD366, 0xD365, 0xD365, 0xD365, 0xD365, 0xD366, 0xD366, 0xD366,
  0xD365, 0xD365, 0xD365, 0xD365, 0xD365, 0xD365, 0xD365, 0xD365, 0xD365, 0xD365, 0xD365, 0xD365,
  0xD365, 0xD365, 0xD365, 0xD365, 0xCB65, 0xCB65, 0xCB65, 0xCB65, 0xCB65, 0xCB65, 0xD365, 0xD365,
  0xD365, 0xD365, 0xD365, 0xD365, 0xD365, 0xD365, 0xD365, 0xCB65, 0xCB45, 0xCB45, 0xCB45, 0xCB45,
  0xCB45, 0xCB45, 0xCB45, 0xCB45, 0xCB45, 0xCB45, 0xCB45, 0xCB45, 0xCB45, 0xCB45, 0xCB45, 0xCB45,
  0xCB45, 0xCB45, 0xCB45, 0xCB45, 0xCB45, 0xCB45, 0xCB45, 0xCB45, 0xCB65, 0xCB65, 0xCB65, 0xCB65,
  0xCB65, 0xCB65, 0xCB65, 0xCB65, 0xCB65, 0xCB65, 0xCB65, 0xCB65, 0xCB65, 0xCB65, 0xCB65, 0xCB65,
  0xCB65, 0xD365, 0xD365, 0xD365, 0xD365, 0xD365, 0xD365, 0xD365, 0xD365, 0xD365, 0xD365, 0xD365,
  0xD366, 0xD366, 0xD366, 0xD366, 0xD366, 0xD366, 0xD366, 0xD366, 0xD366, 0xD366, 0xD366, 0xD366,
  0xD365, 0xD365, 0xD365, 0xD365, 0xD365, 0xD385, 0xD386, 0xD386, 0xD386, 0xD386, 0xD386, 0xD385,
  0xD385, 0xD385, 0xD385, 0xDB85, 0xDB85, 0xDB85, 0xDB85, 0xDBA5, 0xDBA5, 0xDBA5, 0xDBA5, 0xDBA5,
  0xDBA6, 0xDBA6, 0xDBA6, 0xDBA6, 0xDBA6, 0xDBA6, 0xDBA6, 0xDBA6, 0xDBA6, 0xDBA6, 0xDBA5, 0xDBA5,
  0xDBA5, 0xDBA5, 0xDBA5, 0xDBA5, 0xDBA5, 0xDBA5, 0xDBA5, 0xDBA5, 0xDBA5, 0xDBA5, 0xDBA5, 0xDBC5,
  0xDBC5, 0xDBC5, 0xDBC5, 0xDBC5, 0xDBC5, 0xDBC5, 0xDBC5, 0xDBC5, 0xDBC5, 0xDBC5, 0xDBC5, 0xDBA5,
  0xDBA5, 0xDBA5, 0xDBA5, 0xDBA5, 0xDBA5, 0xDBA5, 0xDBA5, 0xDBA5, 0xDBA5, 0xDBA5, 0xDBC5, 0xDBC5,
  0xDBC5, 0xDBC5, 0xDBC5, 0xDBC5, 0xDBC5, 0xDBC5, 0xDBC5, 0xDBC5, 0xDBC5, 0xDBC5, 0xDBC5, 0xDBC5,
  0xDBC5, 0xDBC5, 0xDBA5, 0xDBA5, 0xDBA5, 0xDBA5, 0xDBA5, 0xDBA5, 0xDBA5, 0xDBA5, 0xDBA5, 0xDBA5,
  0xDBA5, 0xDBA5, 0xDBA5, 0xDBA5, 0xDBA5, 0xDBA5, 0xDBA5, 0xDBA5, 0xDBA5, 0xDBA5, 0xDB86, 0xDB86,
  0xDB86, 0xDB86, 0xDB86, 0xDB86, 0xDB86, 0xDB86, 0xDB86, 0xDB86, 0xDB86, 0xDB86, 0xDB86, 0xDB86,
  0xDB86, 0xDB86, 0xDB86, 0xDB86, 0xD386, 0xD386, 0xD386, 0xD386, 0xD386, 0xD386, 0xDB86, 0xD386,
  0xD386, 0xD386, 0xD386, 0xD366, 0xD366, 0xD365, 0xD365, 0xD365, 0xD365, 0xD365, 0xD365, 0xD365,
  0xD365, 0xD365, 0xD365, 0xD365, 0xD365, 0xD365, 0xD365, 0xD365, 0xD365, 0xD365, 0xD365, 0xD365,
  0xD365, 0xD365, 0xD365, 0xD365, 0xCB65, 0xCB65, 0xCB65, 0xCB65, 0xCB65, 0xCB45, 0xCB45, 0xCB45,
  0xCB45, 0xCB45, 0xCB45, 0xCB45, 0xCB45, 0xCB45, 0xCB45, 0xCB45, 0xCB45, 0xCB45, 0xCB45, 0xCB45,
  0xCB45, 0xCB45, 0xCB45, 0xCB45, 0xCB45, 0xCB45, 0xCB45, 0xCB45, 0xCB45, 0xCB45, 0xCB45, 0xCB45,
  0xCB45, 0xCB45, 0xCB45, 0xCB45, 0xCB45, 0xCB45, 0xCB45, 0xCB45, 0xCB45, 0xCB45, 0xCB45, 0xCB65,
  0xCB65, 0xCB65, 0xCB65, 0xCB65, 0xCB65, 0xCB65, 0xCB65, 0xCB65, 0xCB65, 0xCB65, 0xCB65, 0xCB65,
  0xCB65, 0xD365, 0xD365, 0xD365, 0xD365, 0xD365, 0xD365, 0xD365, 0xD365, 0xD365, 0xD365, 0xD365,
  0xD366, 0xD366, 0xD366, 0xD366, 0xD366, 0xD366, 0xD366, 0xD366, 0xD366, 0xD366, 0xD366, 0xD365,
  0xD365, 0xD365, 0xD365, 0xD365, 0xD365, 0xD365, 0xD386, 0xD386, 0xDB86, 0xDB86, 0xDB86, 0xDB85,
  0xDB85, 0xDB85, 0xDB85, 0xDB85, 0xDB85, 0xDB85, 0xDB85, 0xDB85, 0xDB85, 0xDB85, 0xDBA5, 0xDBA5,
  0xDBA5, 0xDBA5, 0xDBA5, 0xDBA5, 0xDBA5, 0xDBA5, 0xDBA5, 0xDBA5, 0xDBA5, 0xDBA5, 0xDBA5, 0xDBA5,
  0xDBA5, 0xDBA5, 0xDBA5, 0xDBA5, 0xDBA5, 0xDBA5, 0xDBA5, 0xDBA5, 0xDBA5, 0xDBA5, 0xDBA5, 0xDBC5,
  0xDBC5, 0xDBC5, 0xDBC5, 0xDBC5, 0xDBC5, 0xDBC5, 0xDBC5, 0xDBC5, 0xDBC5, 0xDBC5, 0xDBA5, 0xDBA5,
  0xDBA5, 0xDBA5, 0xDBA5, 0xDBA5, 0xDBA5, 0xDBA5, 0xDBA5, 0xDBA5, 0xDBA5, 0xDBA5, 0xDBA5, 0xDBA5,
  0xDBA5, 0xDBA5, 0xDBA5, 0xDBA5, 0xDBA5, 0xDBA5, 0xDBA5, 0xDBA5, 0xDBA5, 0xDBA5, 0xDBC5, 0xDBC5,
  0xDBC5, 0xDBC5, 0xDBA5, 0xDBA5, 0xDBA5, 0xDBA5, 0xDBA5, 0xDBA5, 0xDBA5, 0xDBA5, 0xDBA5, 0xDBA5,
  0xDBA5, 0xDBA5, 0xDBA5, 0xDBA5, 0xDBA5, 0xDBA5, 0xDBA5, 0xDBA5, 0xDBA5, 0xDBA5, 0xDB86, 0xDB86,
  0xDB86, 0xDB86, 0xDB86, 0xDB86, 0xDB86, 0xDB86, 0xDB86, 0xDB86, 0xDB86, 0xDB86, 0xDB86, 0xDB86,
  0xDB86, 0xDB86, 0xDB86, 0xDB86, 0xDB86, 0xDB86, 0xDB86, 0xDB86, 0xDB86, 0xDB86, 0xDB86, 0xDB86,
  0xDB86, 0xDB86, 0xD366, 0xD366, 0xD366, 0xD365, 0xD365, 0xD365, 0xD365, 0xD365, 0xD365, 0xD365,
  0xD365, 0xD365, 0xD365, 0xD365, 0xD365, 0xD365, 0xD365, 0xD365, 0xD365, 0xD365, 0xD365, 0xD365,
  0xD365, 0xD365, 0xD365, 0xD365, 0xCB65, 0xCB65, 0xCB65, 0xCB65, 0xCB65, 0xD345, 0xD345, 0xD345,
  0xD345, 0xD345, 0xD345, 0xD345, 0xD345, 0xD345, 0xD345, 0xD345, 0xCB45, 0xCB45, 0xCB45, 0xCB45,
  0xCB45, 0xCB45, 0xCB45, 0xCB45, 0xCB45, 0xCB45, 0xCB45, 0xCB45, 0xCB45, 0xCB45, 0xCB45, 0xCB45,
  0xCB45, 0xCB45, 0xCB45, 0xCB45, 0xCB45, 0xCB45, 0xCB45, 0xCB45, 0xCB45, 0xCB45, 0xCB45, 0xCB65,
  0xCB65, 0xCB65, 0xCB65, 0xCB65, 0xCB65, 0xCB65, 0xCB65, 0xCB65, 0xCB65, 0xCB65, 0xCB65, 0xCB65,
  0xCB65, 0xD365, 0xD365, 0xD365, 0xD365, 0xD365, 0xD365, 0xD365, 0xD365, 0xD365, 0xD365, 0xD365,
  0xD365, 0xD365, 0xD365, 0xD365, 0xD365, 0xD365, 0xD365, 0xD365, 0xD365, 0xD365, 0xD365, 0xD365,
  0xD365, 0xD365, 0xD365, 0xD365, 0xD365, 0xD365, 0xD365, 0xDB66, 0xDB66, 0xDB66, 0xDB66, 0xDB85,
  0xDB85, 0xDB85, 0xDB85, 0xDB85, 0xDB85, 0xDB85, 0xDB85, 0xDB85, 0xDB85, 0xDB85, 0xDB85, 0xDBA5,
  0xDBA5, 0xDBA5, 0xDBA5, 0xDBA5, 0xDBA5, 0xDBA5, 0xDBA5, 0xDBA5, 0xDBA5, 0xDBA5, 0xDBA5, 0xDBA5,
  0xDBA5, 0xDBA5, 0xDBA5, 0xDBA5, 0xDBA5, 0xDBA5, 0xDBA5, 0xDBA5, 0xDBA5, 0xDBA5, 0xDBA5, 0xDBC5,
  0xDBC5, 0xDBC5, 0xDBC5, 0xDBC5, 0xDBC5, 0xDBC5, 0xDBC5, 0xDBC5, 0xDBC5, 0xDBC5, 0xDBA5, 0xDBA5,
  0xDBA5, 0xDBA5, 0xDBA5, 0xDBA5, 0xDBA5, 0xDBA5, 0xDBA5, 0xDBA5, 0xDBA5, 0xDBA5, 0xDBA5, 0xDBA5,
  0xDBA5, 0xDBA5, 0xDBA5, 0xDBA5, 0xDBA5, 0xDBA5, 0xDBA5, 0xDBA5, 0xDBA5, 0xDBA5, 0xDBC5, 0xDBC5,
  0xDBC5, 0xDBC5, 0xDBA5, 0xDBA5, 0xDBA5, 0xDBA5, 0xDBA5, 0xDBA5, 0xDBA5, 0xDBA5, 0xDBA5, 0xDBA5,
  0xDBA5, 0xDBA5, 0xDBA5, 0xDBA5, 0xDBA5, 0xDBA5, 0xDBA5, 0xDBA5, 0xDBA5, 0xDBA5, 0xDB86, 0xDB86,
  0xDB86, 0xDB86, 0xDB86, 0xDB86, 0xDB86, 0xDB86, 0xDB86, 0xDB86, 0xDB86, 0xDB86, 0xDB86, 0xDB86,
  0xDB86, 0xDB86, 0xDB86, 0xDB86, 0xDB86, 0xDB86, 0xDB86, 0xDB86, 0xDB86, 0xDB86, 0xDB86, 0xDB86,
  0xDB86, 0xDB86, 0xDB66, 0xD366, 0xD366, 0xD365, 0xD365, 0xD365, 0xD365, 0xD365, 0xD365, 0xD365,
  0xD365, 0xD365, 0xD365, 0xD365, 0xD365, 0xD365, 0xD365, 0xD365, 0xD365, 0xD365, 0xD365, 0xD365,
  0xD365, 0xD365, 0xD365, 0xD365, 0xCB65, 0xCB65, 0xCB65, 0xCB65, 0xD365, 0xD345, 0xD345, 0xD345,
  0xD345, 0xD345, 0xD345, 0xD345, 0xD345, 0xD345, 0xD345, 0xD345, 0xCB45, 0xCB45, 0xCB45, 0xCB45,
  0xCB25, 0xCB25, 0xCB45, 0xCB45, 0xCB45, 0xCB45, 0xCB45, 0xCB45, 0xCB45, 0xCB45, 0xCB45, 0xCB45,
  0xCB45, 0xCB45, 0xCB45, 0xCB45, 0xCB45, 0xCB45, 0xCB45, 0xCB45, 0xCB45, 0xCB45, 0xCB45, 0xCB45,
  0xCB65, 0xCB65, 0xCB65, 0xCB65, 0xCB65, 0xCB65, 0xCB65, 0xCB65, 0xCB65, 0xD365, 0xD365, 0xD365,
  0xD365, 0xD365, 0xD365, 0xD365, 0xD365, 0xD365, 0xD365, 0xD365, 0xD365, 0xD365, 0xD365, 0xD365,
  0xD365, 0xD365, 0xD365, 0xD365, 0xD365, 0xD365, 0xD365, 0xD365, 0xD365, 0xD365, 0xD365, 0xD365,
  0xD365, 0xD365, 0xD365, 0xD365, 0xD365, 0xD365, 0xD365, 0xDB65, 0xDB65, 0xDB65, 0xDB65, 0xDB85,
  0xDB85, 0xDB85, 0xDB85, 0xDB85, 0xDB85, 0xDB85, 0xDB85, 0xDB85, 0xDB85, 0xDB85, 0xDB85, 0xDBA5,
  0xDBA5, 0xDBA5, 0xDBA5, 0xDBA5, 0xDBA5, 0xDBA5, 0xDBA5, 0xDBA5, 0xDBA5, 0xDBA5, 0xDBA5, 0xDBA5,
  0xDBA5, 0xDBA5, 0xDBA5, 0xDBA5, 0xDBA5, 0xDBA5, 0xDBA5, 0xDBA5, 0xDBA5, 0xDBA5, 0xDBA5, 0xDBA5,
  0xDBA5, 0xDBA5, 0xDBA5, 0xDBA5, 0xDBA5, 0xDBA5, 0xDBA5, 0xDBA5, 0xDBA5, 0xDBA5, 0xDBA5, 0xDBA5,
  0xDBA5, 0xDBA5, 0xDBA5, 0xDBA5, 0xDBA5, 0xDBA5, 0xDBA5, 0xDBA5, 0xDBA5, 0xDBA5, 0xDBC5, 0xDBC5,
  0xDBC5, 0xDBC5, 0xDBC5, 0xDBA5, 0xDBA5, 0xDBA5, 0xDBA5, 0xDBA5, 0xDBA5, 0xDBA5, 0xDBA5, 0xDBA5,
  0xDBA5, 0xDBA5, 0xDBA5, 0xDBA5, 0xDBA5, 0xDBA5, 0xDBA5, 0xDBA5, 0xDBA5, 0xDBA5, 0xDBA5, 0xDBA5,
  0xDBA5, 0xDBA5, 0xDBA5, 0xDBA5, 0xDBA5, 0xDBA5, 0xDBA5, 0xDBA5, 0xDBA5, 0xDBA5, 0xDB86, 0xDB86,
  0xDB86, 0xDB86, 0xDB86, 0xDB86, 0xDB86, 0xDB85, 0xDB85, 0xDB85, 0xDB86, 0xDB86, 0xDB86, 0xDB86,
  0xDB86, 0xDB86, 0xDB86, 0xDB86, 0xDB86, 0xDB86, 0xDB86, 0xDB86, 0xD385, 0xDB86, 0xDB86, 0xDB86,
  0xDB86, 0xD386, 0xD366, 0xD366, 0xD365, 0xD365, 0xD365, 0xD365, 0xD365, 0xD365, 0xD365, 0xD365,
  0xD365, 0xD365, 0xD365, 0xD365, 0xD365, 0xD345, 0xD345, 0xD345, 0xD365, 0xD365, 0xD365, 0xD365,
  0xD365, 0xD365, 0xD365, 0xD365, 0xD365, 0xD365, 0xD365, 0xD365, 0xD365, 0xD345, 0xCB45, 0xCB45,
  0xCB45, 0xCB45, 0xCB45, 0xCB45, 0xCB45, 0xCB45, 0xCB45, 0xCB45, 0xCB45, 0xCB45, 0xCB45, 0xCB45,
  0xCB25, 0xCB25, 0xCB25, 0xCB45, 0xCB45, 0xCB45, 0xCB45, 0xCB45, 0xCB45, 0xCB45, 0xCB45, 0xCB45,
  0xCB45, 0xCB45, 0xCB45, 0xCB45, 0xCB45, 0xCB45, 0xCB45, 0xCB45, 0xCB45, 0xCB45, 0xCB45, 0xCB45,
  0xCB45, 0xCB45, 0xCB45, 0xCB45, 0xCB45, 0xD345, 0xD345, 0xD345, 0xD345, 0xD345, 0xD345, 0xD345,
  0xD345, 0xD345, 0xD345, 0xD345, 0xD365, 0xD365, 0xD365, 0xD365, 0xD365, 0xD365, 0xD365, 0xD365,
  0xD365, 0xD365, 0xD365, 0xD365, 0xD365, 0xD365, 0xD365, 0xD365, 0xD365, 0xD365, 0xD365, 0xD365,
  0xDB65, 0xDB65, 0xDB65, 0xDB65, 0xDB65, 0xDB65, 0xDB65, 0xDB65, 0xDB65, 0xDB65, 0xDB65, 0xDB85,
  0xD385, 0xD385, 0xD385, 0xD385, 0xD385, 0xDB85, 0xDB85, 0xDB85, 0xDB85, 0xDB85, 0xDBA5, 0xDBA5,
  0xDBA5, 0xDBA5, 0xDBA5, 0xDBA5, 0xDBA5, 0xDBA5, 0xDBA5, 0xDBA5, 0xDBA5, 0xDBA5, 0xDBA5, 0xDBA5,
  0xDBA5, 0xDBA5, 0xDBA5, 0xDBA5, 0xDBA5, 0xDBA5, 0xDBA5, 0xDBA5, 0xDBA5, 0xDBA5, 0xDBA5, 0xDBA5,
  0xDBA5, 0xDBA5, 0xDBA5, 0xDBA5, 0xDBA5, 0xDBA5, 0xDBA5, 0xDBA5, 0xDBA5, 0xDBA5, 0xDBA5, 0xDBA5,
  0xDBA5, 0xDBA5, 0xDBA5, 0xDBA5, 0xDBA5, 0xDBA5, 0xDBA5, 0xDBA5, 0xDBA5, 0xDBA5, 0xDBC5, 0xDBC5,
  0xDBC5, 0xDBC5, 0xDBC5, 0xDBC5, 0xDBA5, 0xDBA5, 0xDBA5, 0xDBA5, 0xDBA5, 0xDBA5, 0xDBA5, 0xDBA5,
  0xDBA5, 0xDBA5, 0xDBA5, 0xDBA5, 0xDBA5, 0xDBA5, 0xDBA5, 0xDBA5, 0xDBA5, 0xDBA5, 0xDBA5, 0xDBA5,
  0xDBA5, 0xDBA5, 0xDBA5, 0xDBA5, 0xDBA5, 0xDBA5, 0xDBA5, 0xDBA5, 0xDBA5, 0xDBA5, 0xDB86, 0xDB86,
  0xDB86, 0xDB86, 0xDB86, 0xDB85, 0xDB85, 0xDB85, 0xDB85, 0xDB85, 0xDB65, 0xDB85, 0xDB86, 0xDB85,
  0xDB85, 0xDB85, 0xDB85, 0xD385, 0xD385, 0xD385, 0xD385, 0xD385, 0xD385, 0xD365, 0xD366, 0xD366,
  0xD366, 0xD365, 0xD365, 0xD365, 0xD365, 0xD365, 0xD365, 0xD365, 0xD365, 0xD365, 0xD365, 0xD365,
  0xD365, 0xD365, 0xD365, 0xD365, 0xD345, 0xD345, 0xD345, 0xD345, 0xD345, 0xD345, 0xD365, 0xD345,
  0xD345, 0xD345, 0xD345, 0xD345, 0xD345, 0xD345, 0xD345, 0xD345, 0xD345, 0xCB45, 0xCB45, 0xCB45,
  0xCB45, 0xCB45, 0xCB45, 0xCB45, 0xCB45, 0xCB45, 0xCB45, 0xCB45, 0xCB45, 0xCB45, 0xCB45, 0xCB45,
  0xCB25, 0xCB25, 0xCB25, 0xCB25, 0xCB45, 0xCB45, 0xCB45, 0xCB45, 0xCB45, 0xCB45, 0xCB45, 0xCB45,
  0xCB45, 0xCB45, 0xCB45, 0xCB45, 0xCB45, 0xCB45, 0xCB45, 0xCB45, 0xCB45, 0xCB45, 0xCB45, 0xCB45,
  0xCB45, 0xCB45, 0xCB45, 0xCB45, 0xD345, 0xD345, 0xD345, 0xD345, 0xD345, 0xD345, 0xD345, 0xD345,
  0xD345, 0xD345, 0xD345, 0xD345, 0xD365, 0xD365, 0xD365, 0xD365, 0xD365, 0xD365, 0xD365, 0xD365,
  0xD365, 0xD365, 0xD365, 0xD365, 0xD365, 0xD365, 0xD365, 0xD365, 0xD365, 0xD365, 0xD365, 0xD365,
  0xDB65, 0xDB65, 0xDB65, 0xDB65, 0xDB65, 0xDB65, 0xDB65, 0xDB65, 0xDB65, 0xDB65, 0xDB65, 0xDB85,
  0xDB85, 0xDB85, 0xDB85, 0xDB85, 0xDB85, 0xDB85, 0xDB85, 0xDB85, 0xDB85, 0xDB85, 0xDB85, 0xDBA5,
  0xDBA5, 0xDBA5, 0xDBA5, 0xDBA5, 0xDBA5, 0xDBA5, 0xDBA5, 0xDBA5, 0xDBA5, 0xDBA5, 0xDBA5, 0xDBA5,
  0xDBA5, 0xDBA5, 0xDBA5, 0xDBA5, 0xDBA5, 0xDBA5, 0xDBA5, 0xDBA5, 0xDBA5, 0xDBA5, 0xDBA5, 0xDBA5,
  0xDBA5, 0xDBA5, 0xDBA5, 0xDBA5, 0xDBA5, 0xDBA5, 0xDBA5, 0xDBA5, 0xDBA5, 0xDBA5, 0xDBA5, 0xDBA5,
  0xDBA5, 0xDBA5, 0xDBA5, 0xDBA5, 0xDBA5, 0xDBA5, 0xDBA5, 0xDBA5, 0xDBA5, 0xDBA5, 0xDBC5, 0xDBC6,
  0xDBC6, 0xDBC6, 0xDBC5, 0xDBA5, 0xDBA5, 0xDBA5, 0xDBA5, 0xDBA5, 0xDBA5, 0xDBA5, 0xDBA5, 0xDBA5,
  0xDBA5, 0xDBA5, 0xDBA5, 0xDBA5, 0xDBA5, 0xDBA5, 0xDBA5, 0xDBA5, 0xDBA5, 0xDBA5, 0xDBA5, 0xDBA5,
  0xDBA5, 0xDBA5, 0xDBA5, 0xDBA5, 0xDBA5, 0xDBA5, 0xDBA5, 0xDBA5, 0xDBA5, 0xDBA5, 0xDB86, 0xDB86,
  0xDB86, 0xDB86, 0xDB86, 0xDB85, 0xDB85, 0xDB85, 0xDB85, 0xDB85, 0xDB65, 0xDB85, 0xDB85, 0xDB85,
  0xDB85, 0xDB85, 0xDB85, 0xD385, 0xD385, 0xD385, 0xD385, 0xD365, 0xD365, 0xD365, 0xD365, 0xD365,
  0xD365, 0xD365, 0xD365, 0xD365, 0xD365, 0xD365, 0xD365, 0xD365, 0xD365, 0xD365, 0xD365, 0xD365,
  0xD365, 0xD365, 0xD365, 0xD365, 0xD345, 0xD345, 0xD345, 0xD345, 0xD345, 0xD345, 0xD345, 0xD345,
  0xD345, 0xD345, 0xD345, 0xD345, 0xD345, 0xD345, 0xD345, 0xD345, 0xD345, 0xCB45, 0xCB45, 0xCB45,
  0xCB45, 0xCB45, 0xCB45, 0xCB45, 0xCB45, 0xCB45, 0xCB45, 0xCB45, 0xCB45, 0xCB45, 0xCB45, 0xCB45,
  0xCB25, 0xCB25, 0xCB25, 0xCB25, 0xCB25, 0xCB45, 0xCB45, 0xCB45, 0xCB45, 0xCB45, 0xCB45, 0xCB45,
  0xCB45, 0xCB45, 0xCB45, 0xCB45, 0xCB45, 0xCB45, 0xCB45, 0xCB45, 0xCB45, 0xCB45, 0xCB45, 0xCB45,
  0xCB45, 0xCB45, 0xCB45, 0xCB45, 0xCB45, 0xCB45, 0xD345, 0xD345, 0xD345, 0xD345, 0xD345, 0xD345,
  0xD345, 0xD345, 0xD345, 0xD345, 0xD365, 0xD365, 0xD365, 0xD365, 0xD365, 0xD365, 0xD365, 0xD365,
  0xD365, 0xD365, 0xD365, 0xD365, 0xD365, 0xD365, 0xD365, 0xD365, 0xD365, 0xD365, 0xD365, 0xD365,
  0xDB65, 0xDB65, 0xDB65, 0xDB65, 0xDB65, 0xDB65, 0xDB65, 0xDB65, 0xDB65, 0xDB65, 0xDB65, 0xDB65,
  0xDB85, 0xDB85, 0xDB85, 0xDB85, 0xDB85, 0xDB85, 0xDB85, 0xDB85, 0xDB85, 0xDB85, 0xDB85, 0xDBA5,
  0xDBA5, 0xDBA5, 0xDBA5, 0xDBA5, 0xDBA5, 0xDBA5, 0xDBA5, 0xDBA5, 0xDBA5, 0xDBA5, 0xDBA5, 0xDBA5,
  0xDBA5, 0xDBA5, 0xDBA5, 0xDBA5, 0xDBA5, 0xDBA5, 0xDBA5, 0xDBA5, 0xDBA5, 0xDBA5, 0xDBA5, 0xDBA5,
  0xDBA5, 0xDBA5, 0xDBA5, 0xDBA5, 0xDBA5, 0xDBA5, 0xDBA5, 0xDBA5, 0xDBA5, 0xDBA5, 0xDBA5, 0xDBA5,
  0xDBA5, 0xDBA5, 0xDBA5, 0xDBA5, 0xDBA5, 0xDBA5, 0xDBA5, 0xDBA5, 0xDBA5, 0xDBA5, 0xDBA5, 0xDBC6,
  0xDBC6, 0xDBC6, 0xDBC5, 0xDBA5, 0xDBA5, 0xDBA5, 0xDBA5, 0xDBA5, 0xDBA5, 0xDBA5, 0xDBA5, 0xDBA5,
  0xDBA5, 0xDBA5, 0xDBA5, 0xDBA5, 0xDBA5, 0xDBA5, 0xDBA5, 0xDBA5, 0xDBA5, 0xDBA5, 0xDBA5, 0xDBA5,
  0xDBA5, 0xDBA5, 0xDBA5, 0xDBA5, 0xDBA5, 0xDBA5, 0xDBA5, 0xDBA5, 0xDBA5, 0xDBA5, 0xDB86, 0xDB86,
  0xDB85, 0xDB85, 0xDB85, 0xDB85, 0xDB85, 0xDB85, 0xDB85, 0xDB85, 0xDB85, 0xDB85, 0xDB85, 0xDB85,
  0xDB85, 0xDB85, 0xDB85, 0xDB85, 0xDB85, 0xD385, 0xD365, 0xD365, 0xD365, 0xD365, 0xD365, 0xD365,
  0xD365, 0xD365, 0xD365, 0xD365, 0xD365, 0xD365, 0xD365, 0xD365, 0xD365, 0xD365, 0xD365, 0xD365,
  0xD365, 0xD365, 0xD365, 0xD345, 0xD345, 0xD345, 0xD345, 0xD345, 0xD345, 0xD345, 0xD345, 0xD345,
  0xD345, 0xD345, 0xD345, 0xD345, 0xD345, 0xD345, 0xD345, 0xD345, 0xD345, 0xCB45, 0xCB45, 0xCB45,
  0xCB45, 0xCB45, 0xCB45, 0xCB45, 0xCB45, 0xCB45, 0xCB45, 0xCB45, 0xCB45, 0xCB45, 0xCB45, 0xCB45,
  0xCB25, 0xCB25, 0xCB25, 0xCB25, 0xCB25, 0xCB25, 0xCB25, 0xCB25, 0xCB25, 0xCB45, 0xCB45, 0xCB45,
  0xCB45, 0xCB25, 0xCB25, 0xCB25, 0xCB45, 0xCB45, 0xCB45, 0xCB45, 0xCB45, 0xCB45, 0xCB45, 0xCB45,
  0xCB45, 0xCB45, 0xCB45, 0xCB45, 0xCB45, 0xCB45, 0xCB45, 0xD345, 0xD345, 0xD345, 0xD345, 0xD345,
  0xD345, 0xD345, 0xD345, 0xD345, 0xD345, 0xD345, 0xD365, 0xD365, 0xD365, 0xD365, 0xD365, 0xD365,
  0xD365, 0xD365, 0xD365, 0xD365, 0xD365, 0xD365, 0xD365, 0xD365, 0xD365, 0xD365, 0xD365, 0xD365,
  0xDB65, 0xDB65, 0xDB65, 0xDB65, 0xDB65, 0xDB65, 0xDB65, 0xDB65, 0xDB65, 0xDB65, 0xDB65, 0xDB65,
  0xDB85, 0xDB85, 0xDB85, 0xDB85, 0xDB85, 0xDB85, 0xDB85, 0xDB85, 0xDB85, 0xDB85, 0xDB85, 0xDBA5,
  0xDBA5, 0xDBA5, 0xDBA5, 0xDBA5, 0xDBA5, 0xDBA5, 0xDBA5, 0xDBA5, 0xDBA5, 0xDBA5, 0xDBA5, 0xDBA5,
  0xDBA5, 0xDBA5, 0xDBA5, 0xDBA5, 0xDBA5, 0xDBA5, 0xDBA5, 0xDBA5, 0xDBA5, 0xDBA5, 0xDBA5, 0xDBA5,
  0xDBA5, 0xDBA5, 0xDBA5, 0xDBA5, 0xDBA5, 0xDBA5, 0xDBA5, 0xDBA5, 0xDBA5, 0xDBA5, 0xDBA5, 0xDBA5,
  0xDBA5, 0xDBA5, 0xDBA5, 0xDBA5, 0xDBA5, 0xDBA5, 0xDBA5, 0xDBA5, 0xDBA5, 0xDBA5, 0xDBA5, 0xDBC6,
  0xDBC6, 0xDBC6, 0xDBC5, 0xDBA5, 0xDBA5, 0xDBA5, 0xDBA5, 0xDBA5, 0xDBA5, 0xDBA5, 0xDBA5, 0xDBA5,
  0xDBA5, 0xDBA5, 0xDBA5, 0xDBA5, 0xDBA5, 0xDBA5, 0xDBA5, 0xDBA5, 0xDBA5, 0xDBA5, 0xDBA5, 0xDBA5,
  0xDBA5, 0xDBA5, 0xDBA5, 0xDBA5, 0xDBA5, 0xDBA5, 0xDBA5, 0xDBA5, 0xDBA5, 0xDBA5, 0xDB85, 0xDB85,
  0xDB85, 0xDB85, 0xDB85, 0xDB85, 0xDB85, 0xDB85, 0xDB85, 0xDB85, 0xDB85, 0xDB85, 0xDB85, 0xDB85,
  0xDB85, 0xDB85, 0xDB85, 0xDB85, 0xD385, 0xD365, 0xD365, 0xD365, 0xD365, 0xD365, 0xD365, 0xD365,
  0xD365, 0xD365, 0xD365, 0xD365, 0xD365, 0xD365, 0xD365, 0xD365, 0xD365, 0xD365, 0xD365, 0xD365,
  0xD365, 0xD365, 0xD365, 0xD345, 0xD345, 0xD345, 0xD345, 0xD345, 0xD345, 0xD345, 0xD345, 0xD345,
  0xD345, 0xD345, 0xD345, 0xD345, 0xD345, 0xD345, 0xD345, 0xD345, 0xD345, 0xCB45, 0xCB45, 0xCB45,
  0xCB45, 0xCB45, 0xCB45, 0xCB45, 0xCB45, 0xCB45, 0xCB45, 0xCB45, 0xCB45, 0xCB45, 0xCB45, 0xCB45,
  0xCB25, 0xCB25, 0xCB25, 0xCB25, 0xCB25, 0xCB25, 0xCB25, 0xCB25, 0xCB25, 0xCB25, 0xCB45, 0xCB45,
  0xCB25, 0xCB25, 0xCB25, 0xCB25, 0xCB25, 0xCB45, 0xCB45, 0xCB45, 0xCB45, 0xCB45, 0xCB45, 0xCB45,
  0xCB45, 0xCB45, 0xCB45, 0xCB45, 0xCB45, 0xCB45, 0xCB45, 0xD345, 0xD345, 0xD345, 0xD345, 0xD345,
  0xD345, 0xD345, 0xD345, 0xD345, 0xD345, 0xD345, 0xD365, 0xD365, 0xD365, 0xD365, 0xD365, 0xD365,
  0xD365, 0xD365, 0xD365, 0xD365, 0xD365, 0xD365, 0xD365, 0xD365, 0xD365, 0xD365, 0xD365, 0xD365,
  0xDB65, 0xDB65, 0xDB65, 0xDB65, 0xDB65, 0xDB65, 0xDB65, 0xDB65, 0xDB65, 0xDB65, 0xDB65, 0xDB65,
  0xDB85, 0xDB85, 0xDB85, 0xDB85, 0xDB85, 0xDB85, 0xDB85, 0xDB85, 0xDB85, 0xDB85, 0xDB85, 0xDB85,
  0xDB85, 0xDB85, 0xDB85, 0xDB85, 0xDB85, 0xDB85, 0xDB85, 0xDB85, 0xDB85, 0xDB85, 0xDB85, 0xDB85,
  0xDBA5, 0xDBA5, 0xDBA5, 0xDBA5, 0xDBA5, 0xDBA5, 0xDBA5, 0xDBA5, 0xDBA5, 0xDBA5, 0xDBA5, 0xDBA5,
  0xDBA5, 0xDBA5, 0xDBA5, 0xDBA5, 0xDBA5, 0xDBA5, 0xDBA5, 0xDBA5, 0xDBA5, 0xDBA5, 0xDBA5, 0xDBA5,
  0xDBA5, 0xDBA5, 0xDBA5, 0xDBA5, 0xDBA5, 0xDBA5, 0xDBA5, 0xDBA5, 0xDBA5, 0xDBA5, 0xDBA5, 0xDBA6,
  0xDBA6, 0xDBA6, 0xDBA5, 0xDBA5, 0xDBA5, 0xDBA5, 0xDBA5, 0xDBA5, 0xDBA5, 0xDBA5, 0xDBA5, 0xDBA5,
  0xDBA5, 0xDBA5, 0xDBA5, 0xDBA5, 0xDBA5, 0xDBA5, 0xDBA5, 0xDBA5, 0xDBA5, 0xDBA5, 0xDBA5, 0xDBA5,
  0xDBA5, 0xDBA5, 0xDBA5, 0xDBA5, 0xDBA5, 0xDBA5, 0xDBA5, 0xDBA5, 0xDBA5, 0xDBA5, 0xDB85, 0xDB85,
  0xDB85, 0xDB85, 0xDB85, 0xDB85, 0xDB85, 0xDB85, 0xDB85, 0xDB85, 0xDB85, 0xDB85, 0xDB85, 0xDB85,
  0xDB85, 0xDB85, 0xDB85, 0xDB65, 0xDB65, 0xDB65, 0xD365, 0xD365, 0xD365, 0xD365, 0xD365, 0xD365,
  0xD365, 0xD365, 0xD365, 0xD365, 0xD365, 0xD365, 0xD365, 0xD365, 0xD365, 0xD365, 0xD365, 0xD365,
  0xD365, 0xD345, 0xD345, 0xD345, 0xD345, 0xD345, 0xD345, 0xD345, 0xD345, 0xD345, 0xD345, 0xD345,
  0xD345, 0xD345, 0xD345, 0xD345, 0xD345, 0xD345, 0xD345, 0xD345, 0xD345, 0xCB45, 0xCB45, 0xCB45,
  0xCB45, 0xCB45, 0xCB45, 0xCB45, 0xCB45, 0xCB45, 0xCB45, 0xCB45, 0xCB45, 0xCB45, 0xCB45, 0xCB45,
  0xCB25, 0xCB25, 0xCB25, 0xCB25, 0xCB25, 0xCB25, 0xCB25, 0xCB25, 0xCB25, 0xCB25, 0xCB25, 0xCB25,
  0xCB25, 0xCB25, 0xCB25, 0xCB25, 0xCB25, 0xCB25, 0xCB45, 0xCB45, 0xCB45, 0xCB45, 0xCB45, 0xCB45,
  0xCB45, 0xCB45, 0xCB45, 0xCB45, 0xCB45, 0xCB45, 0xCB45, 0xCB45, 0xCB45, 0xD345, 0xD345, 0xD345,
  0xD345, 0xD345, 0xD345, 0xD345, 0xD345, 0xD345, 0xD345, 0xD365, 0xD365, 0xD365, 0xD365, 0xD365,
  0xD365, 0xD365, 0xD365, 0xD365, 0xD365, 0xD365, 0xD365, 0xD365, 0xD365, 0xD365, 0xD365, 0xD365,
  0xDB65, 0xDB65, 0xDB65, 0xDB65, 0xDB65, 0xDB65, 0xDB65, 0xDB65, 0xDB65, 0xDB65, 0xDB65, 0xDB65,
  0xDB85, 0xDB85, 0xDB85, 0xDB85, 0xDB85, 0xDB85, 0xDB85, 0xDB85, 0xDB85, 0xDB85, 0xDB85, 0xDB85,
  0xDB85, 0xDB85, 0xDB85, 0xDB85, 0xDB85, 0xDB85, 0xDB85, 0xDB85, 0xDB85, 0xDB85, 0xDB85, 0xDB85,
  0xDB85, 0xDB85, 0xDB85, 0xDB85, 0xDBA5, 0xDBA5, 0xDBA5, 0xDBA5, 0xDBA5, 0xDBA5, 0xDBA5, 0xDBA5,
  0xDBA5, 0xDBA5, 0xDBA5, 0xDBA5, 0xDBA5, 0xDBA5, 0xDBA5, 0xDBA5, 0xDBA5, 0xDBA5, 0xDBA5, 0xDBA5,
  0xDBA5, 0xDBA5, 0xDBA5, 0xDBA5, 0xDBA5, 0xDBA5, 0xDBA5, 0xDBA5, 0xDBA5, 0xDBA5, 0xE3A5, 0xE3A6,
  0xE3A6, 0xE3A6, 0xE3A5, 0xDBA5, 0xDBA5, 0xDBA5, 0xDBA5, 0xDBA5, 0xDBA5, 0xDBA5, 0xDBA5, 0xDBA5,
  0xDBA5, 0xDBA5, 0xDBA5, 0xDBA5, 0xDBA5, 0xDBA5, 0xDBA5, 0xDBA5, 0xDBA5, 0xDBA5, 0xDBA5, 0xDBA5,
  0xDBA5, 0xDBA5, 0xDBA5, 0xDBA5, 0xDBA5, 0xDBA5, 0xDBA5, 0xDBA5, 0xDBA5, 0xDBA5, 0xDB85, 0xDB85,
  0xDB85, 0xDB85, 0xDB85, 0xDB85, 0xDB85, 0xDB85, 0xDB85, 0xDB85, 0xDB85, 0xDB85, 0xDB85, 0xDB85,
  0xDB65, 0xDB65, 0xDB65, 0xDB65, 0xDB65, 0xDB65, 0xDB65, 0xDB65, 0xD365, 0xD365, 0xD365, 0xD365,
  0xD365, 0xD365, 0xD365, 0xD365, 0xD365, 0xD365, 0xD365, 0xD365, 0xD365, 0xD365, 0xD365, 0xD365,
  0xD365, 0xD345, 0xD345, 0xD345, 0xD345, 0xD345, 0xD345, 0xD345, 0xD345, 0xD345, 0xD345, 0xD345,
  0xD345, 0xD345, 0xD345, 0xD345, 0xD345, 0xD345, 0xD345, 0xD345, 0xD345, 0xCB45, 0xCB45, 0xCB45,
  0xCB45, 0xCB45, 0xCB45, 0xCB45, 0xCB45, 0xCB45, 0xCB45, 0xCB45, 0xCB45, 0xCB45, 0xCB45, 0xCB45,
  0xCB25, 0xCB25, 0xCB25, 0xCB25, 0xCB25, 0xCB25, 0xCB25, 0xCB25, 0xCB25, 0xCB25, 0xCB25, 0xCB25,
  0xCB25, 0xCB25, 0xCB25, 0xCB25, 0xCB25, 0xCB25, 0xCB25, 0xCB25, 0xCB45, 0xCB45, 0xCB45, 0xCB45,
  0xCB45, 0xCB45, 0xCB45, 0xCB45, 0xCB45, 0xCB45, 0xCB45, 0xCB45, 0xCB45, 0xCB45, 0xD345, 0xD345,
  0xD345, 0xD345, 0xD345, 0xD345, 0xD345, 0xD345, 0xD345, 0xD345, 0xD345, 0xD345, 0xD365, 0xD365,
  0xD365, 0xD365, 0xD365, 0xD365, 0xD365, 0xD365, 0xD365, 0xD365, 0xD365, 0xD365, 0xD365, 0xD365,
  0xDB65, 0xDB65, 0xDB65, 0xDB65, 0xDB65, 0xDB65, 0xDB65, 0xDB65, 0xDB65, 0xDB65, 0xDB65, 0xDB65,
  0xDB65, 0xDB65, 0xDB65, 0xDB85, 0xDB85, 0xDB85, 0xDB85, 0xDB85, 0xDB85, 0xDB85, 0xDB85, 0xDB85,
  0xDB85, 0xDB85, 0xDB85, 0xDB85, 0xDB85, 0xDB85, 0xDB85, 0xDB85, 0xDB85, 0xDB85, 0xDB85, 0xDB85,
  0xDB85, 0xDB85, 0xDB85, 0xDB85, 0xDB85, 0xDBA5, 0xDBA5, 0xDBA5, 0xDBA5, 0xDBA5, 0xDBA5, 0xDBA5,
  0xDBA5, 0xDBA5, 0xDBA5, 0xDBA5, 0xDBA5, 0xDBA5, 0xDBA5, 0xDBA5, 0xDBA5, 0xDBA5, 0xDBA5, 0xDBA5,
  0xDBA5, 0xDBA5, 0xDBA5, 0xDBA5, 0xDBA5, 0xDBA5, 0xDBA5, 0xDBA5, 0xDBA5, 0xDBA5, 0xE3A5, 0xE3A6,
  0xE3A6, 0xE3A6, 0xE3A5, 0xDBA5, 0xDBA5, 0xDBA5, 0xDBA5, 0xDBA5, 0xDBA5, 0xDBA5, 0xDBA5, 0xDBA5,
  0xDBA5, 0xDBA5, 0xDBA5, 0xDBA5, 0xDBA5, 0xDBA5, 0xDBA5, 0xDBA5, 0xDBA5, 0xDBA5, 0xDBA5, 0xDBA5,
  0xDBA5, 0xDBA5, 0xDBA5, 0xDBA5, 0xDBA5, 0xDBA5, 0xDBA5, 0xDBA5, 0xDBA5, 0xDBA5, 0xDB85, 0xDB85,
  0xDB85, 0xDB85, 0xDB85, 0xDB85, 0xDB85, 0xDB85, 0xDB85, 0xDB85, 0xDB85, 0xDB85, 0xDB85, 0xDB85,
  0xDB85, 0xDB65, 0xDB65, 0xDB65, 0xDB65, 0xD365, 0xD365, 0xD365, 0xD365, 0xD365, 0xD365, 0xD365,
  0xD365, 0xD365, 0xD365, 0xD365, 0xD365, 0xD365, 0xD365, 0xD365, 0xD365, 0xD365, 0xD345, 0xD345,
  0xD345, 0xD345, 0xD345, 0xD345, 0xD345, 0xD345, 0xD345, 0xD345, 0xD345, 0xD345, 0xD345, 0xD345,
  0xD345, 0xD345, 0xD345, 0xD345, 0xD345, 0xD345, 0xD345, 0xD345, 0xD345, 0xCB25, 0xCB25, 0xCB25,
  0xCB25, 0xCB25, 0xCB25, 0xCB25, 0xCB25, 0xCB25, 0xCB25, 0xCB25, 0xCB25, 0xCB25, 0xCB25, 0xCB25,
  0xCB25, 0xCB25, 0xCB25, 0xCB25, 0xCB25, 0xCB25, 0xCB25, 0xCB25, 0xCB25, 0xCB25, 0xCB25, 0xCB25,
  0xCB25, 0xCB25, 0xCB25, 0xCB25, 0xCB25, 0xCB25, 0xCB25, 0xCB25, 0xCB25, 0xCB25, 0xCB25, 0xCB25,
  0xCB25, 0xCB25, 0xCB25, 0xCB45, 0xCB45, 0xCB45, 0xCB45, 0xCB45, 0xCB45, 0xCB45, 0xCB45, 0xCB45,
  0xD345, 0xD345, 0xD345, 0xD345, 0xD345, 0xD345, 0xD345, 0xD345, 0xD345, 0xD345, 0xD345, 0xD365,
  0xD365, 0xD365, 0xD365, 0xD365, 0xD365, 0xD365, 0xD365, 0xD365, 0xD365, 0xD365, 0xD365, 0xD365,
  0xDB65, 0xDB65, 0xDB65, 0xDB65, 0xDB65, 0xDB65, 0xDB65, 0xDB65, 0xDB65, 0xDB65, 0xDB65, 0xDB65,
  0xDB65, 0xDB65, 0xDB65, 0xDB65, 0xDB65, 0xDB65, 0xDB85, 0xDB85, 0xDB85, 0xDB85, 0xDB85, 0xDB85,
  0xDB85, 0xDB85, 0xDB85, 0xDB85, 0xDB85, 0xDB85, 0xDB85, 0xDB85, 0xDB85, 0xDB85, 0xDB85, 0xDB85,
  0xDB85, 0xDB85, 0xDB85, 0xDB85, 0xDB85, 0xDB85, 0xDBA5, 0xDBA5, 0xDBA5, 0xDBA5, 0xDBA5, 0xDBA5,
  0xDBA5, 0xDBA5, 0xDBA5, 0xDBA5, 0xDBA5, 0xDBA5, 0xDBA5, 0xDBA5, 0xDBA5, 0xDBA5, 0xDBA5, 0xE3A5,
  0xE3A5, 0xE3A5, 0xE3A5, 0xE3A5, 0xE3A5, 0xE3A5, 0xE3A5, 0xE3A5, 0xE3A5, 0xE3A5, 0xE3A5, 0xE3A6,
  0xE3A6, 0xE3A6, 0xE3A5, 0xE3A5, 0xE3A5, 0xE3A5, 0xDBA5, 0xDBA5, 0xDBA5, 0xDBA5, 0xDBA5, 0xDBA5,
  0xDBA5, 0xDBA5, 0xDBA5, 0xDBA5, 0xDBA5, 0xDBA5, 0xDBA5, 0xDBA5, 0xDBA5, 0xDBA5, 0xDBA5, 0xDBA5,
  0xDBA5, 0xDBA5, 0xDBA5, 0xDBA5, 0xDBA5, 0xDBA5, 0xDBA5, 0xDBA5, 0xDBA5, 0xDBA5, 0xDB85, 0xDB85,
  0xDB85, 0xDB85, 0xDB85, 0xDB85, 0xDB85, 0xDB85, 0xDB85, 0xDB85, 0xDB85, 0xDB85, 0xDB65, 0xDB65,
  0xDB65, 0xDB65, 0xDB65, 0xDB65, 0xDB65, 0xDB65, 0xDB65, 0xDB65, 0xDB65, 0xDB65, 0xD365, 0xD365,
  0xD365, 0xD365, 0xD365, 0xD365, 0xD365, 0xD345, 0xD345, 0xD345, 0xD345, 0xD345, 0xD345, 0xD345,
  0xD345, 0xD345, 0xD345, 0xD345, 0xD345, 0xD345, 0xD345, 0xD345, 0xD345, 0xD345, 0xD345, 0xD345,
  0xD345, 0xD345, 0xD345, 0xD345, 0xD345, 0xD345, 0xD325, 0xD325, 0xD325, 0xD325, 0xCB25, 0xCB25,
  0xCB25, 0xCB25, 0xCB25, 0xCB25, 0xCB25, 0xCB25, 0xCB25, 0xCB25, 0xCB25, 0xCB25, 0xCB25, 0xCB25,
  0xCB05, 0xCB04, 0xCB25, 0xCB25, 0xCB25, 0xCB25, 0xCB25, 0xCB25, 0xCB25, 0xCB25, 0xCB25, 0xCB25,
  0xCB25, 0xCB25, 0xCB25, 0xCB25, 0xCB25, 0xCB25, 0xCB25, 0xCB25, 0xCB25, 0xCB25, 0xCB25, 0xCB25,
  0xCB25, 0xCB25, 0xCB25, 0xCB25, 0xCB45, 0xCB45, 0xCB45, 0xCB45, 0xCB45, 0xCB45, 0xCB45, 0xCB45,
  0xD345, 0xD345, 0xD345, 0xD345, 0xD345, 0xD345, 0xD345, 0xD345, 0xD345, 0xD345, 0xD345, 0xD345,
  0xD345, 0xD345, 0xD365, 0xD365, 0xD365, 0xD365, 0xD365, 0xD365, 0xD365, 0xD365, 0xD365, 0xD365,
  0xDB65, 0xDB65, 0xDB65, 0xDB65, 0xDB65, 0xDB65, 0xDB65, 0xDB65, 0xDB65, 0xDB65, 0xDB65, 0xDB65,
  0xDB65, 0xDB65, 0xDB65, 0xDB65, 0xDB65, 0xDB65, 0xDB65, 0xDB65, 0xDB65, 0xDB85, 0xDB85, 0xDB85,
  0xDB85, 0xDB85, 0xDB85, 0xDB85, 0xDB85, 0xDB85, 0xDB85, 0xDB85, 0xDB85, 0xDB85, 0xDB85, 0xDB85,
  0xDB85, 0xDB85, 0xDB85, 0xDB85, 0xDB85, 0xDB85, 0xDB85, 0xDB85, 0xDB85, 0xDB85, 0xDBA5, 0xDBA5,
  0xDBA5, 0xDBA5, 0xDBA5, 0xDBA5, 0xDBA5, 0xDBA5, 0xDBA5, 0xDBA5, 0xDBA5, 0xDBA5, 0xDBA5, 0xE3A5,
  0xE3A5, 0xE3A5, 0xE3A5, 0xE3A5, 0xE3A5, 0xE3A5, 0xE3A5, 0xE3A5, 0xE3A5, 0xE3A5, 0xE3A5, 0xE3A6,
  0xE3A6, 0xE3A6, 0xE3A5, 0xE3A5, 0xE3A5, 0xE3A5, 0xE3A5, 0xE3A5, 0xE3A5, 0xE3A5, 0xE3A5, 0xE3A5,
  0xE3A5, 0xE3A5, 0xE3A5, 0xE3A5, 0xE3A5, 0xE3A5, 0xE3A5, 0xE3A5, 0xE3A5, 0xDBA5, 0xDBA5, 0xDB85,
  0xDB85, 0xDB85, 0xDB85, 0xDB85, 0xDB85, 0xDB85, 0xDB85, 0xDB85, 0xDB85, 0xDB85, 0xDB85, 0xDB85,
  0xDB85, 0xDB85, 0xDB85, 0xDB85, 0xDB85, 0xDB85, 0xDB85, 0xDB85, 0xDB85, 0xDB85, 0xDB65, 0xDB65,
  0xDB65, 0xDB65, 0xDB65, 0xDB65, 0xDB65, 0xDB65, 0xDB65, 0xDB65, 0xDB65, 0xDB65, 0xDB65, 0xDB65,
  0xDB65, 0xDB65, 0xD365, 0xD345, 0xD345, 0xD345, 0xD345, 0xD345, 0xD345, 0xD345, 0xD345, 0xD345,
  0xD345, 0xD345, 0xD345, 0xD345, 0xD345, 0xD345, 0xD345, 0xD345, 0xD345, 0xD345, 0xD345, 0xD345,
  0xD345, 0xD345, 0xD345, 0xD345, 0xD345, 0xD325, 0xD325, 0xD325, 0xD325, 0xD325, 0xD325, 0xD325,
  0xD325, 0xD325, 0xD325, 0xD325, 0xD325, 0xD325, 0xD325, 0xD325, 0xCB25, 0xCB25, 0xCB25, 0xCB25,
  0xCB05, 0xCB04, 0xCB04, 0xCB05, 0xCB25, 0xCB25, 0xCB25, 0xCB25, 0xCB25, 0xCB25, 0xCB25, 0xCB25,
  0xCB25, 0xCB25, 0xCB25, 0xCB25, 0xCB25, 0xCB25, 0xCB25, 0xCB25, 0xCB25, 0xCB25, 0xCB25, 0xCB25,
  0xCB25, 0xCB25, 0xCB25, 0xCB25, 0xCB25, 0xCB45, 0xCB45, 0xCB45, 0xCB45, 0xCB45, 0xCB45, 0xCB45,
  0xD345, 0xD345, 0xD345, 0xD345, 0xD345, 0xD345, 0xD345, 0xD345, 0xD345, 0xD345, 0xD345, 0xD345,
  0xD345, 0xD345, 0xD345, 0xD365, 0xD365, 0xD365, 0xD365, 0xD365, 0xD365, 0xD365, 0xD365, 0xD365,
  0xDB65, 0xDB65, 0xDB65, 0xDB65, 0xDB65, 0xDB65, 0xDB65, 0xDB65, 0xDB65, 0xDB65, 0xDB65, 0xDB65,
  0xDB65, 0xDB65, 0xDB65, 0xDB65, 0xDB65, 0xDB65, 0xDB65, 0xDB65, 0xDB65, 0xDB65, 0xDB85, 0xDB85,
  0xDB85, 0xDB85, 0xDB85, 0xDB85, 0xDB85, 0xDB85, 0xDB85, 0xDB85, 0xDB85, 0xDB85, 0xDB85, 0xDB85,
  0xDB85, 0xDB85, 0xDB85, 0xDB85, 0xDB85, 0xDB85, 0xDB85, 0xDB85, 0xDB85, 0xDB85, 0xDBA5, 0xDBA5,
  0xDBA5, 0xDBA5, 0xDBA5, 0xDBA5, 0xDBA5, 0xDBA5, 0xDBA5, 0xDBA5, 0xDBA5, 0xDBA5, 0xDBA5, 0xE3A5,
  0xE3A5, 0xE3A5, 0xE3A5, 0xE3A5, 0xE3A5, 0xE3A5, 0xE3A5, 0xE3A5, 0xE3A5, 0xE3A5, 0xE3A5, 0xE3A6,
  0xE3A6, 0xE3A6, 0xE3A5, 0xE3A5, 0xE3A5, 0xE3A5, 0xE3A5, 0xE3A5, 0xE3A5, 0xE3A5, 0xE3A5, 0xE3A5,
  0xE3A5, 0xE3A5, 0xE3A5, 0xE3A5, 0xE3A5, 0xE3A5, 0xE3A5, 0xE3A5, 0xE3A5, 0xDBA5, 0xDB85, 0xDB85,
  0xDB85, 0xDB85, 0xDB85, 0xDB85, 0xDB85, 0xDB85, 0xDB85, 0xDB85, 0xDB85, 0xDB85, 0xDB85, 0xDB85,
  0xDB85, 0xDB85, 0xDB85, 0xDB85, 0xDB85, 0xDB85, 0xDB85, 0xDB85, 0xDB85, 0xDB85, 0xDB65, 0xDB65,
  0xDB65, 0xDB65, 0xDB65, 0xDB65, 0xDB65, 0xDB64, 0xDB64, 0xDB64, 0xDB65, 0xDB65, 0xDB65, 0xDB65,
  0xDB65, 0xD365, 0xD345, 0xD345, 0xD345, 0xD345, 0xD345, 0xD345, 0xD345, 0xD345, 0xD345, 0xD345,
  0xD345, 0xD345, 0xD345, 0xD345, 0xD345, 0xD345, 0xD345, 0xD345, 0xD345, 0xD345, 0xD345, 0xD345,
  0xD345, 0xD345, 0xD345, 0xD345, 0xD325, 0xD325, 0xD325, 0xD325, 0xD325, 0xCB25, 0xCB25, 0xCB25,
  0xCB25, 0xCB25, 0xCB25, 0xCB25, 0xCB25, 0xCB25, 0xCB25, 0xCB25, 0xCB25, 0xCB25, 0xCB25, 0xCB25,
  0xCB05, 0xCB04, 0xCB04, 0xCB04, 0xCB05, 0xCB25, 0xCB25, 0xCB25, 0xCB25, 0xCB25, 0xCB25, 0xCB25,
  0xCB25, 0xCB25, 0xCB25, 0xCB25, 0xCB25, 0xCB25, 0xCB25, 0xCB25, 0xCB25, 0xCB25, 0xCB25, 0xCB25,
  0xCB25, 0xCB25, 0xCB25, 0xCB25, 0xCB25, 0xCB25, 0xCB45, 0xCB45, 0xCB45, 0xCB45, 0xCB45, 0xCB45,
  0xD345, 0xD345, 0xD345, 0xD345, 0xD345, 0xD345, 0xD345, 0xD345, 0xD345, 0xD345, 0xD345, 0xD345,
  0xD345, 0xD345, 0xD345, 0xD365, 0xD365, 0xD365, 0xD365, 0xD365, 0xD365, 0xD365, 0xD365, 0xD365,
  0xDB65, 0xDB65, 0xDB65, 0xDB65, 0xDB65, 0xDB65, 0xDB65, 0xDB65, 0xDB65, 0xDB65, 0xDB65, 0xDB65,
  0xDB65, 0xDB65, 0xDB65, 0xDB65, 0xDB65, 0xDB65, 0xDB65, 0xDB65, 0xDB65, 0xDB65, 0xDB65, 0xDB85,
  0xDB85, 0xDB85, 0xDB85, 0xDB85, 0xDB85, 0xDB85, 0xDB85, 0xDB85, 0xDB85, 0xDB85, 0xDB85, 0xDB85,
  0xDB85, 0xDB85, 0xDB85, 0xDB85, 0xDB85, 0xDB85, 0xDB85, 0xDB85, 0xDB85, 0xDB85, 0xDBA5, 0xDBA5,
  0xDBA5, 0xDBA5, 0xDBA5, 0xDBA5, 0xDBA5, 0xDBA5, 0xDBA5, 0xDBA5, 0xDBA5, 0xDBA5, 0xDBA5, 0xE3A5,
  0xE3A5, 0xE3A5, 0xE3A5, 0xE3A5, 0xE3A5, 0xE3A5, 0xE3A5, 0xE3A5, 0xE3A5, 0xE3A5, 0xE3A5, 0xE3A6,
  0xE3A6, 0xE3A6, 0xE3A5, 0xE3A5, 0xE3A5, 0xE3A5, 0xE3A5, 0xE3A5, 0xE3A5, 0xE3A5, 0xE3A5, 0xE3A5,
  0xE3A5, 0xE3A5, 0xE3A5, 0xE3A5, 0xE3A5, 0xE3A5, 0xE3A5, 0xE3A5, 0xE3A5, 0xE3A5, 0xE385, 0xE385,
  0xE385, 0xE385, 0xE385, 0xE385, 0xE385, 0xE385, 0xE385, 0xE385, 0xE385, 0xDB85, 0xDB85, 0xDB85,
  0xDB85, 0xDB85, 0xDB85, 0xDB85, 0xDB85, 0xDB85, 0xDB85, 0xDB85, 0xDB85, 0xDB65, 0xDB65, 0xDB65,
  0xDB65, 0xDB65, 0xDB65, 0xDB65, 0xDB64, 0xDB64, 0xDB64, 0xDB64, 0xDB65, 0xDB65, 0xDB45, 0xDB45,
  0xDB45, 0xDB45, 0xDB45, 0xDB45, 0xD345, 0xD345, 0xD345, 0xD345, 0xD345, 0xD345, 0xD345, 0xD345,
  0xD345, 0xD345, 0xD345, 0xD345, 0xD345, 0xD345, 0xD345, 0xD345, 0xD345, 0xD345, 0xD345, 0xD345,
  0xD345, 0xD345, 0xD345, 0xD345, 0xD325, 0xD325, 0xD325, 0xD325, 0xD325, 0xCB25, 0xCB25, 0xCB25,
  0xCB25, 0xCB25, 0xCB25, 0xCB25, 0xCB25, 0xCB25, 0xCB25, 0xCB25, 0xCB25, 0xCB25, 0xCB25, 0xCB25,
  0xCB05, 0xCB04, 0xCB04, 0xCB04, 0xCB04, 0xCB25, 0xCB25, 0xCB25, 0xCB25, 0xCB25, 0xCB25, 0xCB25,
  0xCB25, 0xCB05, 0xCB05, 0xCB05, 0xCB25, 0xCB25, 0xCB25, 0xCB25, 0xCB25, 0xCB25, 0xCB25, 0xCB25,
  0xCB25, 0xCB25, 0xCB25, 0xCB25, 0xCB25, 0xCB25, 0xCB25, 0xCB25, 0xCB25, 0xCB25, 0xCB25, 0xD345,
  0xD325, 0xD345, 0xD345, 0xD345, 0xD345, 0xD345, 0xD345, 0xD345, 0xD345, 0xD345, 0xD345, 0xD345,
  0xD345, 0xD345, 0xD345, 0xD345, 0xD345, 0xD345, 0xD345, 0xD345, 0xD365, 0xD365, 0xD365, 0xDB65,
  0xDB65, 0xDB65, 0xDB65, 0xDB65, 0xDB65, 0xDB65, 0xDB65, 0xDB65, 0xDB65, 0xDB65, 0xDB65, 0xDB65,
  0xDB65, 0xDB65, 0xDB65, 0xDB65, 0xDB65, 0xDB65, 0xDB65, 0xDB65, 0xDB65, 0xDB65, 0xDB65, 0xDB85,
  0xDB85, 0xDB85, 0xDB85, 0xDB85, 0xDB85, 0xDB85, 0xDB85, 0xDB85, 0xDB85, 0xDB85, 0xDB85, 0xDB85,
  0xDB85, 0xDB85, 0xDB85, 0xDB85, 0xDB85, 0xDB85, 0xDB85, 0xDB85, 0xDB85, 0xDB85, 0xE3A5, 0xDBA5,
  0xDBA5, 0xDBA5, 0xDBA5, 0xDBA5, 0xDBA5, 0xDBA5, 0xDBA5, 0xDBA5, 0xDBA5, 0xDBA5, 0xE3A5, 0xE3A5,
  0xE3A5, 0xE3A5, 0xE3A5, 0xE3A5, 0xE3A5, 0xE3A5, 0xE3A5, 0xE3A5, 0xE3A5, 0xE3A5, 0xE3A5, 0xE3A5,
  0xE3A5, 0xE3A5, 0xE3A5, 0xE3A5, 0xE3A5, 0xE3A5, 0xE3A5, 0xE3A5, 0xE3A5, 0xE3A5, 0xE3A5, 0xE3A5,
  0xE3A5, 0xE3A5, 0xE3A5, 0xE3A5, 0xE3A5, 0xE3A5, 0xE3A5, 0xE3A5, 0xE3A5, 0xE3A5, 0xDB85, 0xDB85,
  0xDB85, 0xDB85, 0xDB85, 0xDB85, 0xDB85, 0xDB85, 0xDB85, 0xDB85, 0xDB85, 0xDB85, 0xDB85, 0xDB85,
  0xDB85, 0xDB85, 0xDB85, 0xDB85, 0xDB85, 0xDB85, 0xDB85, 0xDB85, 0xDB65, 0xDB65, 0xDB65, 0xDB65,
  0xDB65, 0xDB65, 0xDB65, 0xDB65, 0xDB64, 0xDB64, 0xDB64, 0xDB64, 0xDB65, 0xDB65, 0xDB45, 0xDB45,
  0xDB45, 0xDB45, 0xDB45, 0xDB45, 0xDB45, 0xDB45, 0xDB45, 0xDB45, 0xD345, 0xD345, 0xD345, 0xD345,
  0xD345, 0xD345, 0xD345, 0xD345, 0xD345, 0xD345, 0xD345, 0xD345, 0xD345, 0xD325, 0xD325, 0xD325,
  0xD325, 0xD325, 0xD325, 0xD325, 0xD325, 0xD325, 0xD325, 0xD325, 0xD325, 0xCB25, 0xCB24, 0xCB24,
  0xCB24, 0xCB24, 0xCB24, 0xCB24, 0xCB24, 0xCB24, 0xCB24, 0xCB24, 0xCB25, 0xCB25, 0xCB25, 0xCB25,
  0xCB05, 0xCB04, 0xCB04, 0xCB04, 0xCB04, 0xCB04, 0xCB04, 0xCB04, 0xCB04, 0xCB04, 0xCB04, 0xCB04,
  0xCB04, 0xCB04, 0xCB04, 0xCB05, 0xCB05, 0xCB05, 0xCB05, 0xCB05, 0xCB25, 0xCB25, 0xCB25, 0xCB25,
  0xCB25, 0xD324, 0xCB24, 0xCB04, 0xCB04, 0xCB04, 0xCB04, 0xCB24, 0xD325, 0xD325, 0xD325, 0xD325,
  0xD325, 0xD325, 0xD325, 0xD325, 0xD325, 0xD325, 0xD345, 0xD345, 0xD345, 0xD345, 0xD345, 0xD345,
  0xD345, 0xDB45, 0xDB45, 0xDB45, 0xDB45, 0xDB45, 0xDB45, 0xDB45, 0xDB45, 0xDB45, 0xDB45, 0xDB45,
  0xDB65, 0xDB65, 0xDB65, 0xDB65, 0xDB65, 0xDB65, 0xDB65, 0xDB65, 0xDB65, 0xDB65, 0xDB65, 0xDB65,
  0xDB65, 0xDB65, 0xDB65, 0xDB65, 0xDB65, 0xDB65, 0xDB65, 0xDB65, 0xDB65, 0xDB65, 0xDB65, 0xDB65,
  0xDB65, 0xDB65, 0xDB65, 0xDB65, 0xDB65, 0xDB85, 0xDB85, 0xDB85, 0xDB85, 0xDB85, 0xE385, 0xDB85,
  0xDBA5, 0xDBA5, 0xDBA5, 0xDBA5, 0xDBA5, 0xDBA5, 0xDBA5, 0xDBA5, 0xDBA5, 0xDBA5, 0xE3A5, 0xE385,
  0xE385, 0xE385, 0xE385, 0xE385, 0xE385, 0xE385, 0xE385, 0xE385, 0xE385, 0xE385, 0xE3A5, 0xE3A5,
  0xE3A5, 0xE3A5, 0xE3A5, 0xE3A5, 0xE3A5, 0xE3A5, 0xE3A5, 0xE3A5, 0xE3A5, 0xE3A5, 0xE3A5, 0xE3A5,
  0xE3A5, 0xE3A5, 0xE3A5, 0xE3A5, 0xE3A5, 0xE3A5, 0xE3A5, 0xE3A5, 0xE3A5, 0xE3A5, 0xE3A5, 0xE3A5,
  0xE3A5, 0xE3A5, 0xE3A5, 0xE3A5, 0xE3A5, 0xDBA5, 0xDBA5, 0xDBA5, 0xDBA5, 0xDBA5, 0xDB85, 0xDB85,
  0xDB85, 0xDB85, 0xDBA5, 0xDB85, 0xDB85, 0xDB85, 0xDB85, 0xDB85, 0xDB85, 0xDB85, 0xDB85, 0xDB65,
  0xDB65, 0xDB65, 0xDB65, 0xDB65, 0xDB65, 0xDB65, 0xDB64, 0xDB64, 0xDB64, 0xDB64, 0xDB65, 0xDB65,
  0xDB65, 0xDB65, 0xDB65, 0xDB65, 0xDB65, 0xDB65, 0xDB64, 0xDB64, 0xDB64, 0xDB65, 0xDB45, 0xDB45,
  0xDB45, 0xDB45, 0xDB45, 0xDB45, 0xDB45, 0xDB45, 0xDB45, 0xDB45, 0xDB45, 0xD345, 0xD344, 0xD344,
  0xD344, 0xD344, 0xD344, 0xD345, 0xD345, 0xD345, 0xD345, 0xD345, 0xD345, 0xD325, 0xD325, 0xD325,
  0xD325, 0xD325, 0xD325, 0xD325, 0xD325, 0xD325, 0xD325, 0xD324, 0xCB24, 0xCB04, 0xCB04, 0xCB04,
  0xCB04, 0xCB04, 0xCB04, 0xCB04, 0xCB04, 0xCB04, 0xCB04, 0xCB04, 0xCB05, 0xCB05, 0xD305, 0xCB05,
  0xCB05, 0xCB04, 0xCB04, 0xCB04, 0xCB04, 0xCB04, 0xCB04, 0xCB04, 0xCB04, 0xCB04, 0xCB04, 0xCB04,
  0xCB04, 0xCB04, 0xCB04, 0xCB04, 0xCB05, 0xCB05, 0xCB05, 0xCB05, 0xCB05, 0xCB25, 0xCB25, 0xCB25,
  0xCB25, 0xD324, 0xD324, 0xCB04, 0xCB04, 0xCB04, 0xCB04, 0xCB04, 0xD325, 0xD325, 0xD325, 0xD325,
  0xD325, 0xD325, 0xD325, 0xD325, 0xD325, 0xD325, 0xD345, 0xD345, 0xD345, 0xD345, 0xD345, 0xD345,
  0xD345, 0xDB45, 0xDB45, 0xDB45, 0xDB45, 0xDB45, 0xDB45, 0xDB45, 0xDB45, 0xDB45, 0xDB45, 0xDB45,
  0xDB65, 0xDB65, 0xDB65, 0xDB65, 0xDB65, 0xDB65, 0xDB65, 0xDB65, 0xDB65, 0xDB65, 0xDB65, 0xDB65,
  0xDB65, 0xDB65, 0xDB65, 0xDB65, 0xDB65, 0xDB65, 0xDB65, 0xDB65, 0xDB65, 0xDB65, 0xDB65, 0xDB65,
  0xDB65, 0xDB65, 0xDB65, 0xDB65, 0xDB65, 0xDB85, 0xDB85, 0xDB85, 0xDB85, 0xE385, 0xE385, 0xDBA5,
  0xDBA5, 0xDBA5, 0xDBA5, 0xDBA5, 0xDBA5, 0xDBA5, 0xDBA5, 0xDBA5, 0xDBA5, 0xDBA5, 0xE3A5, 0xE385,
  0xE385, 0xE385, 0xE385, 0xE385, 0xE385, 0xE385, 0xE385, 0xE385, 0xE385, 0xE385, 0xE3A5, 0xE3A5,
  0xE3A5, 0xE3A5, 0xE3A5, 0xE3A5, 0xE3A5, 0xE3A5, 0xE3A5, 0xE3A5, 0xE3A5, 0xE3A5, 0xE3A5, 0xE3A5,
  0xE3A5, 0xE3A5, 0xE3A5, 0xE3A5, 0xE3A5, 0xE3A5, 0xE3A5, 0xE3A5, 0xE3A5, 0xE3A5, 0xE3A5, 0xE3A5,
  0xE3A5, 0xE3A5, 0xE3A5, 0xE3A5, 0xE3A5, 0xDBA5, 0xDBA5, 0xDBA5, 0xDBA5, 0xDBA5, 0xDB85, 0xDB85,
  0xDB85, 0xDB85, 0xDBA5, 0xDB85, 0xDB85, 0xDB85, 0xDB85, 0xDB85, 0xDB85, 0xDB85, 0xDB85, 0xDB65,
  0xDB65, 0xDB65, 0xDB65, 0xDB65, 0xDB65, 0xDB65, 0xDB64, 0xDB64, 0xDB64, 0xDB64, 0xDB65, 0xDB65,
  0xDB65, 0xDB65, 0xDB65, 0xDB65, 0xDB65, 0xDB65, 0xDB64, 0xDB64, 0xDB64, 0xDB65, 0xDB45, 0xDB45,
  0xDB45, 0xDB45, 0xDB45, 0xDB45, 0xDB45, 0xDB45, 0xDB45, 0xDB45, 0xDB45, 0xD344, 0xD344, 0xD344,
  0xD344, 0xD344, 0xD344, 0xD345, 0xD345, 0xD345, 0xD345, 0xD345, 0xD345, 0xD325, 0xD325, 0xD325,
  0xD325, 0xD325, 0xD325, 0xD325, 0xD325, 0xD325, 0xD325, 0xD324, 0xCB04, 0xCB04, 0xCB04, 0xCB04,
  0xCB04, 0xCB04, 0xCB04, 0xCB04, 0xCB04, 0xCB04, 0xCB04, 0xCB04, 0xCB04, 0xD305, 0xD305, 0xCB05,
  0xCB05, 0xCB04, 0xCB04, 0xCB04, 0xCB04, 0xCB04, 0xCB04, 0xCB04, 0xCB04, 0xCB04, 0xCB04, 0xCB04,
  0xCB04, 0xCB04, 0xCB04, 0xCB04, 0xCB05, 0xCB05, 0xCB05, 0xCB05, 0xCB05, 0xCB05, 0xCB25, 0xCB25,
  0xCB25, 0xCB24, 0xCB04, 0xCB04, 0xCB04, 0xCB04, 0xCB04, 0xCB04, 0xD324, 0xD325, 0xD325, 0xD325,
  0xD325, 0xD325, 0xD325, 0xD325, 0xD325, 0xD325, 0xD325, 0xD325, 0xD325, 0xD325, 0xD325, 0xD325,
  0xD345, 0xDB45, 0xDB45, 0xDB45, 0xDB45, 0xDB45, 0xDB45, 0xDB45, 0xDB45, 0xDB45, 0xDB45, 0xDB45,
  0xDB65, 0xDB65, 0xDB65, 0xDB65, 0xDB65, 0xDB65, 0xDB65, 0xDB65, 0xDB65, 0xDB65, 0xDB65, 0xDB65,
  0xDB65, 0xDB65, 0xDB65, 0xDB65, 0xDB65, 0xDB65, 0xDB65, 0xDB65, 0xDB65, 0xDB65, 0xDB65, 0xDB65,
  0xDB65, 0xDB65, 0xDB65, 0xDB65, 0xDB65, 0xDB85, 0xDB85, 0xDB85, 0xDB85, 0xE385, 0xE385, 0xDB85,
  0xDB85, 0xDB85, 0xDB85, 0xDB85, 0xDB85, 0xDB85, 0xDB85, 0xDB85, 0xDB85, 0xDB85, 0xE385, 0xE385,
  0xE385, 0xE385, 0xE385, 0xE385, 0xE385, 0xE385, 0xE385, 0xE385, 0xE385, 0xE385, 0xE3A5, 0xE3A5,
  0xE3A5, 0xE3A5, 0xE3A5, 0xE3A5, 0xE3A5, 0xE3A5, 0xE3A5, 0xE3A5, 0xE3A5, 0xE3A5, 0xE3A5, 0xE3A5,
  0xE3A5, 0xE3A5, 0xE3A5, 0xE3A5, 0xE3A5, 0xE3A5, 0xE3A5, 0xE3A5, 0xE3A5, 0xE3A5, 0xE3A5, 0xE3A5,
  0xE3A5, 0xE3A5, 0xE3A5, 0xE3A5, 0xE3A5, 0xDBA5, 0xDB85, 0xDB85, 0xDB85, 0xDB85, 0xDB85, 0xDB85,
  0xDB85, 0xDB85, 0xDB85, 0xDB85, 0xDB85, 0xDB85, 0xDB85, 0xDB85, 0xDB85, 0xDB85, 0xDB85, 0xDB65,
  0xDB65, 0xDB65, 0xDB65, 0xDB65, 0xDB65, 0xDB65, 0xDB64, 0xDB64, 0xDB64, 0xDB64, 0xDB65, 0xDB65,
  0xDB65, 0xDB65, 0xDB65, 0xDB65, 0xDB65, 0xDB65, 0xDB64, 0xDB64, 0xDB64, 0xDB65, 0xDB45, 0xDB45,
  0xDB45, 0xDB45, 0xDB45, 0xDB45, 0xDB45, 0xDB45, 0xDB45, 0xDB45, 0xDB45, 0xD344, 0xD344, 0xD344,
  0xD344, 0xD344, 0xD344, 0xD345, 0xD345, 0xD345, 0xD345, 0xD345, 0xD345, 0xD325, 0xD325, 0xD325,
  0xD325, 0xD325, 0xD325, 0xD325, 0xD325, 0xD325, 0xD325, 0xD304, 0xCB04, 0xCB04, 0xCB04, 0xCB04,
  0xCB04, 0xCB04, 0xCB04, 0xCB04, 0xCB04, 0xCB04, 0xCB04, 0xCB04, 0xCB04, 0xCB05, 0xCB05, 0xCB05,
  0xCB05, 0xCB04, 0xCB04, 0xCB04, 0xCB04, 0xCB04, 0xCB04, 0xCB04, 0xCB04, 0xCB04, 0xCB04, 0xCB04,
  0xCB04, 0xCB04, 0xCB04, 0xCB04, 0xCB04, 0xCB04, 0xCB05, 0xCB05, 0xCB05, 0xCB05, 0xCB05, 0xCB25,
  0xCB25, 0xCB24, 0xCB04, 0xCB04, 0xCB04, 0xCB04, 0xCB04, 0xCB04, 0xD324, 0xD325, 0xD325, 0xD325,
  0xD325, 0xD325, 0xD325, 0xD325, 0xD325, 0xD325, 0xD325, 0xD325, 0xD325, 0xD325, 0xD325, 0xD325,
  0xD325, 0xDB45, 0xDB45, 0xDB45, 0xDB45, 0xDB45, 0xDB45, 0xDB45, 0xDB45, 0xDB45, 0xDB45, 0xDB45,
  0xDB65, 0xDB65, 0xDB65, 0xDB65, 0xDB65, 0xDB65, 0xDB65, 0xDB65, 0xDB65, 0xDB65, 0xDB65, 0xDB65,
  0xDB65, 0xDB65, 0xDB65, 0xDB65, 0xDB65, 0xDB65, 0xDB65, 0xDB65, 0xDB65, 0xDB65, 0xDB65, 0xDB65,
  0xDB65, 0xDB65, 0xDB65, 0xDB65, 0xDB65, 0xDB85, 0xDB85, 0xDB85, 0xDB85, 0xE385, 0xE385, 0xE385,
  0xE385, 0xE385, 0xE385, 0xE385, 0xE385, 0xE385, 0xE385, 0xE385, 0xE385, 0xE385, 0xE385, 0xE385,
  0xE385, 0xE385, 0xE385, 0xE385, 0xE385, 0xE385, 0xE385, 0xE385, 0xE385, 0xE385, 0xE3A5, 0xE3A5,
  0xE3A5, 0xE3A5, 0xE3A5, 0xE3A5, 0xE3A5, 0xE3A5, 0xE3A5, 0xE3A5, 0xE3A5, 0xE3A5, 0xE3A5, 0xE3A5,
  0xE3A5, 0xE3A5, 0xE3A5, 0xE3A5, 0xE3A5, 0xE3A5, 0xE3A5, 0xE3A5, 0xE3A5, 0xE3A5, 0xE3A5, 0xE3A5,
  0xE3A5, 0xE3A5, 0xE3A5, 0xE3A5, 0xE3A5, 0xE385, 0xE385, 0xE385, 0xE385, 0xE385, 0xDB85, 0xDB85,
  0xDB85, 0xDB85, 0xE385, 0xDB85, 0xDB85, 0xDB85, 0xDB85, 0xDB85, 0xDB85, 0xDB85, 0xDB65, 0xDB65,
  0xDB65, 0xDB65, 0xDB65, 0xDB65, 0xDB65, 0xDB65, 0xDB64, 0xDB64, 0xDB64, 0xDB64, 0xDB65, 0xDB65,
  0xDB65, 0xDB65, 0xDB65, 0xDB65, 0xDB65, 0xDB65, 0xDB64, 0xDB64, 0xDB64, 0xDB65, 0xDB45, 0xDB45,
  0xDB45, 0xDB45, 0xDB45, 0xDB45, 0xDB45, 0xDB45, 0xDB45, 0xDB45, 0xDB45, 0xDB44, 0xD344, 0xD344,
  0xD344, 0xD344, 0xD344, 0xD345, 0xD345, 0xD345, 0xD325, 0xD325, 0xD325, 0xD325, 0xD325, 0xD325,
  0xD325, 0xD325, 0xD325, 0xD325, 0xD325, 0xD325, 0xD305, 0xD304, 0xD304, 0xCB04, 0xCB04, 0xCB04,
  0xCB04, 0xCB04, 0xCB04, 0xCB04, 0xCB04, 0xCB04, 0xCB04, 0xCB04, 0xCB04, 0xCB05, 0xCB05, 0xCB05,
  0xCB05, 0xCB04, 0xCB04, 0xCB04, 0xCB04, 0xCB04, 0xCB04, 0xCB04, 0xCB04, 0xCB04, 0xCB04, 0xCB04,
  0xCB04, 0xCB04, 0xCB04, 0xCB04, 0xCB04, 0xCB04, 0xCB04, 0xCB05, 0xCB05, 0xCB05, 0xCB05, 0xCB05,
  0xCB05, 0xCB04, 0xCB04, 0xCB04, 0xCB04, 0xCB04, 0xCB04, 0xCB04, 0xCB04, 0xD325, 0xD325, 0xD325,
  0xD325, 0xD325, 0xD325, 0xD325, 0xD325, 0xD325, 0xD325, 0xD325, 0xD325, 0xD325, 0xD325, 0xD325,
  0xD325, 0xD345, 0xDB45, 0xDB45, 0xDB45, 0xDB45, 0xDB45, 0xDB45, 0xDB45, 0xDB45, 0xDB45, 0xDB45,
  0xDB45, 0xDB45, 0xDB45, 0xDB65, 0xDB65, 0xDB65, 0xDB65, 0xDB65, 0xDB65, 0xDB65, 0xDB65, 0xDB65,
  0xDB65, 0xDB65, 0xDB65, 0xDB65, 0xDB65, 0xDB65, 0xDB65, 0xDB65, 0xDB65, 0xDB65, 0xDB65, 0xDB65,
  0xDB65, 0xDB65, 0xDB65, 0xDB65, 0xDB65, 0xDB85, 0xDB85, 0xDB85, 0xDB85, 0xE385, 0xE385, 0xE385,
  0xE385, 0xE385, 0xE385, 0xE385, 0xE385, 0xE385, 0xE385, 0xE385, 0xE385, 0xE385, 0xE385, 0xE385,
  0xE385, 0xE385, 0xE385, 0xE385, 0xE385, 0xE385, 0xE385, 0xE385, 0xE385, 0xE385, 0xE3A5, 0xE3A5,
  0xE3A5, 0xE3A5, 0xE3A5, 0xE3A5, 0xE3A5, 0xE3A5, 0xE3A5, 0xE3A5, 0xE3A5, 0xE3A5, 0xE3A5, 0xE3A5,
  0xE3A5, 0xE3A5, 0xE3A5, 0xE3A5, 0xE3A5, 0xE3A5, 0xE3A5, 0xE3A5, 0xE3A5, 0xE3A5, 0xE3A5, 0xE3A5,
  0xE3A5, 0xE3A5, 0xE3A5, 0xE3A5, 0xE3A5, 0xE385, 0xE385, 0xE385, 0xE385, 0xE385, 0xDB85, 0xDB85,
  0xDB85, 0xE385, 0xE385, 0xDB85, 0xDB85, 0xDB85, 0xDB85, 0xDB85, 0xDB85, 0xDB85, 0xDB65, 0xDB65,
  0xDB65, 0xDB65, 0xDB65, 0xDB65, 0xDB65, 0xDB65, 0xDB64, 0xDB64, 0xDB64, 0xDB64, 0xDB65, 0xDB65,
  0xDB65, 0xDB65, 0xDB65, 0xDB65, 0xDB65, 0xDB65, 0xDB64, 0xDB64, 0xDB64, 0xDB65, 0xDB45, 0xDB45,
  0xDB45, 0xDB45, 0xDB45, 0xDB45, 0xDB45, 0xDB45, 0xDB45, 0xDB45, 0xDB45, 0xDB44, 0xD344, 0xD344,
  0xD344, 0xD344, 0xD344, 0xD345, 0xD345, 0xD345, 0xD325, 0xD325, 0xD325, 0xD325, 0xD325, 0xD325,
  0xD325, 0xD325, 0xD325, 0xD325, 0xD325, 0xD325, 0xD305, 0xD304, 0xD304, 0xCB04, 0xCB04, 0xCB04,
  0xCB04, 0xCB04, 0xCB04, 0xCB04, 0xCB04, 0xCB04, 0xCB04, 0xCB04, 0xCB04, 0xCB05, 0xCB05, 0xCB05,
  0xCAE4, 0xCB04, 0xCB04, 0xCB04, 0xCB04, 0xCB04, 0xCB04, 0xCB04, 0xCB04, 0xCB04, 0xCB04, 0xCB04,
  0xCB04, 0xCB04, 0xCB04, 0xCB04, 0xCB04, 0xCB04, 0xCB04, 0xCB04, 0xCB05, 0xCB05, 0xCB05, 0xCB05,
  0xCB04, 0xCB04, 0xCB04, 0xCB04, 0xCB04, 0xCB04, 0xCB04, 0xCB04, 0xCB04, 0xD325, 0xD325, 0xD325,
  0xD325, 0xD325, 0xD325, 0xD325, 0xD325, 0xD325, 0xD325, 0xD325, 0xD325, 0xD325, 0xD325, 0xD325,
  0xD325, 0xD325, 0xD345, 0xD345, 0xDB45, 0xDB45, 0xDB45, 0xDB45, 0xDB45, 0xDB45, 0xDB45, 0xDB45,
  0xDB45, 0xDB44, 0xDB45, 0xDB45, 0xDB65, 0xDB65, 0xDB65, 0xDB65, 0xDB65, 0xDB65, 0xDB65, 0xDB65,
  0xDB65, 0xDB65, 0xDB65, 0xDB65, 0xDB65, 0xDB65, 0xDB65, 0xDB65, 0xDB65, 0xDB65, 0xDB65, 0xDB65,
  0xDB65, 0xDB65, 0xDB65, 0xDB65, 0xDB65, 0xDB85, 0xDB85, 0xDB85, 0xDB85, 0xE385, 0xE385, 0xE385,
  0xE385, 0xE385, 0xE385, 0xE385, 0xE385, 0xE385, 0xE385, 0xE385, 0xE385, 0xE385, 0xE385, 0xE385,
  0xE385, 0xE385, 0xE385, 0xE385, 0xE385, 0xE385, 0xE385, 0xE385, 0xE385, 0xE385, 0xE3A5, 0xE3A5,
  0xE3A5, 0xE3A5, 0xE3A5, 0xE3A5, 0xE3A5, 0xE3A5, 0xE3A5, 0xE3A5, 0xE3A5, 0xE3A5, 0xE3A5, 0xE3A5,
  0xE3A5, 0xE3A5, 0xE3A5, 0xE3A5, 0xE3A5, 0xE3A5, 0xE3A5, 0xE3A5, 0xE3A5, 0xE3A5, 0xE3A5, 0xE3A5,
  0xE3A5, 0xE3A5, 0xE3A5, 0xE3A5, 0xE3A5, 0xE385, 0xE385, 0xE385, 0xE385, 0xE385, 0xE385, 0xDB85,
  0xE385, 0xE385, 0xE385, 0xE385, 0xE385, 0xDB85, 0xDB85, 0xDB85, 0xDB85, 0xDB85, 0xDB65, 0xDB65,
  0xDB65, 0xDB65, 0xDB65, 0xDB65, 0xDB65, 0xDB65, 0xDB64, 0xDB64, 0xDB64, 0xDB64, 0xDB65, 0xDB65,
  0xDB65, 0xDB65, 0xDB65, 0xDB65, 0xDB65, 0xDB65, 0xDB64, 0xDB64, 0xDB64, 0xDB65, 0xDB45, 0xDB45,
  0xDB45, 0xDB45, 0xDB45, 0xDB45, 0xDB45, 0xDB45, 0xDB45, 0xDB45, 0xDB44, 0xDB44, 0xD344, 0xD344,
  0xD344, 0xD344, 0xD344, 0xD345, 0xD325, 0xD325, 0xD325, 0xD325, 0xD325, 0xD325, 0xD325, 0xD325,
  0xD325, 0xD325, 0xD325, 0xD325, 0xD325, 0xD325, 0xD305, 0xD304, 0xD304, 0xCB04, 0xCB04, 0xCB04,
  0xCB04, 0xCB04, 0xCB04, 0xCB04, 0xCB04, 0xCB04, 0xCB04, 0xCB04, 0xCB04, 0xCB05, 0xCB05, 0xCB05,
  0xCAE4, 0xCAE4, 0xCAE4, 0xCAE4, 0xCAE4, 0xCAE4, 0xCAE4, 0xCAE4, 0xCAE4, 0xCAE4, 0xCAE4, 0xCAE4,
  0xCAE4, 0xCB04, 0xCB04, 0xCB04, 0xCB04, 0xCB04, 0xCB04, 0xCB04, 0xCB04, 0xCB05, 0xD305, 0xD305,
  0xCB04, 0xCB04, 0xCB04, 0xCB04, 0xCB04, 0xCB04, 0xCB04, 0xCB04, 0xCB04, 0xCB04, 0xD325, 0xD325,
  0xD325, 0xD305, 0xD305, 0xD325, 0xD325, 0xD325, 0xD325, 0xD325, 0xD325, 0xD325, 0xD325, 0xD325,
  0xD325, 0xD325, 0xD325, 0xD345, 0xD345, 0xDB45, 0xDB45, 0xDB45, 0xDB45, 0xDB45, 0xDB45, 0xDB45,
  0xDB45, 0xDB44, 0xDB44, 0xDB45, 0xDB45, 0xDB65, 0xDB65, 0xDB65, 0xDB65, 0xDB65, 0xDB65, 0xDB65,
  0xDB65, 0xDB65, 0xDB65, 0xDB65, 0xDB65, 0xDB65, 0xDB65, 0xDB65, 0xDB65, 0xDB65, 0xDB65, 0xDB65,
  0xDB65, 0xDB65, 0xDB65, 0xDB65, 0xDB65, 0xDB85, 0xDB85, 0xDB85, 0xDB85, 0xE385, 0xE385, 0xE385,
  0xE385, 0xE385, 0xE385, 0xE385, 0xE385, 0xE385, 0xE385, 0xE385, 0xE385, 0xE385, 0xE385, 0xE385,
  0xE385, 0xE385, 0xE385, 0xE385, 0xE385, 0xE385, 0xE385, 0xE385, 0xE385, 0xE385, 0xE3A5, 0xE3A5,
  0xE3A5, 0xE3A5, 0xE3A5, 0xE3A5, 0xE3A5, 0xE3A5, 0xE3A5, 0xE3A5, 0xE3A5, 0xE3A5, 0xE3A5, 0xE3A5,
  0xE3A5, 0xE3A5, 0xE3A5, 0xE3A5, 0xE3A5, 0xE3A5, 0xE3A5, 0xE3A5, 0xE3A5, 0xE3A5, 0xE3A5, 0xE3A5,
  0xE3A5, 0xE3A5, 0xE385, 0xE385, 0xE385, 0xE385, 0xE385, 0xE385, 0xE385, 0xE385, 0xE385, 0xE385,
  0xE385, 0xE385, 0xE385, 0xE385, 0xE385, 0xDB85, 0xDB85, 0xDB65, 0xDB65, 0xDB65, 0xDB65, 0xDB65,
  0xDB65, 0xDB65, 0xDB65, 0xDB65, 0xDB65, 0xDB65, 0xDB64, 0xDB64, 0xDB64, 0xDB64, 0xDB65, 0xDB65,
  0xDB65, 0xDB65, 0xDB65, 0xDB65, 0xDB65, 0xDB65, 0xDB64, 0xDB64, 0xDB64, 0xDB64, 0xDB65, 0xDB65,
  0xDB45, 0xDB44, 0xDB44, 0xDB44, 0xDB44, 0xDB44, 0xDB44, 0xDB44, 0xDB44, 0xDB44, 0xDB44, 0xDB44,
  0xD344, 0xD344, 0xD344, 0xD325, 0xD325, 0xD325, 0xD325, 0xD325, 0xD325, 0xD325, 0xD325, 0xD325,
  0xD325, 0xD325, 0xD305, 0xD305, 0xD305, 0xD305, 0xD305, 0xD304, 0xD304, 0xCB04, 0xCB04, 0xCB04,
  0xCB04, 0xCB04, 0xCB04, 0xCB04, 0xCB04, 0xCB04, 0xCB04, 0xCB04, 0xCB04, 0xCB05, 0xCB05, 0xCB05,
  0xCAE4, 0xCAE4, 0xCAE4, 0xCAE4, 0xCAE4, 0xCAE4, 0xCAE4, 0xCAE4, 0xCAE4, 0xCAE4, 0xCAE4, 0xCAE4,
  0xCAE4, 0xCAE4, 0xCAE4, 0xCAE4, 0xCB04, 0xCB04, 0xCB04, 0xCB04, 0xCB04, 0xCB05, 0xCB05, 0xCB04,
  0xCB04, 0xCB04, 0xCB04, 0xCB04, 0xCB04, 0xCB04, 0xCB04, 0xCB04, 0xCB04, 0xCB04, 0xD325, 0xD325,
  0xD305, 0xD305, 0xD305, 0xD305, 0xD325, 0xD325, 0xD325, 0xD325, 0xD325, 0xD325, 0xD325, 0xD325,
  0xD325, 0xD325, 0xD325, 0xD325, 0xD325, 0xD345, 0xDB45, 0xDB45, 0xDB45, 0xDB45, 0xDB45, 0xDB45,
  0xDB44, 0xDB44, 0xDB44, 0xDB44, 0xDB45, 0xDB45, 0xDB65, 0xDB65, 0xDB65, 0xDB65, 0xDB65, 0xDB65,
  0xDB65, 0xDB65, 0xDB65, 0xDB65, 0xDB65, 0xDB65, 0xDB65, 0xDB65, 0xDB65, 0xDB65, 0xDB65, 0xDB65,
  0xDB65, 0xDB65, 0xDB65, 0xDB65, 0xDB65, 0xDB85, 0xDB85, 0xDB85, 0xDB85, 0xE385, 0xE385, 0xE385,
  0xE385, 0xE385, 0xE385, 0xE385, 0xE385, 0xE385, 0xE385, 0xE385, 0xE385, 0xE385, 0xE385, 0xE385,
  0xE385, 0xE385, 0xE385, 0xE385, 0xE385, 0xE385, 0xE385, 0xE385, 0xE385, 0xE385, 0xE3A5, 0xE3A5,
  0xE3A5, 0xE3A5, 0xE3A5, 0xE3A5, 0xE3A5, 0xE3A5, 0xE3A5, 0xE3A5, 0xE3A5, 0xE3A5, 0xE3A5, 0xE3A5,
  0xE3A5, 0xE3A5, 0xE3A5, 0xE3A5, 0xE3A5, 0xE3A5, 0xE3A5, 0xE3A5, 0xE3A5, 0xE3A5, 0xE3A5, 0xE3A5,
  0xE3A5, 0xE3A5, 0xE385, 0xE385, 0xE385, 0xE385, 0xE385, 0xE385, 0xE385, 0xE385, 0xE385, 0xE385,
  0xE385, 0xE385, 0xE385, 0xE385, 0xE385, 0xE385, 0xDB85, 0xDB65, 0xDB65, 0xDB65, 0xDB65, 0xDB65,
  0xDB65, 0xDB65, 0xDB65, 0xDB65, 0xDB65, 0xDB65, 0xDB64, 0xDB64, 0xDB64, 0xDB64, 0xDB65, 0xDB65,
  0xDB65, 0xDB65, 0xDB65, 0xDB65, 0xDB65, 0xDB65, 0xDB64, 0xDB64, 0xDB64, 0xDB64, 0xDB64, 0xDB64,
  0xDB44, 0xDB44, 0xDB44, 0xDB44, 0xDB44, 0xDB44, 0xDB44, 0xDB44, 0xDB44, 0xDB44, 0xDB44, 0xDB44,
  0xDB44, 0xD344, 0xD344, 0xD325, 0xD325, 0xD325, 0xD325, 0xD325, 0xD325, 0xD325, 0xD325, 0xD325,
  0xD325, 0xD325, 0xD305, 0xD305, 0xD305, 0xD305, 0xD305, 0xD304, 0xD304, 0xCB04, 0xCB04, 0xCB04,
  0xCB04, 0xCB04, 0xCB04, 0xCB04, 0xCB04, 0xCB04, 0xCB04, 0xCB04, 0xCB04, 0xCB04, 0xCB05, 0xCB04,
  0xCAE4, 0xCAE4, 0xCAE4, 0xCAE4, 0xCAE4, 0xCAE4, 0xCAE4, 0xCAE4, 0xCAE4, 0xCAE4, 0xCAE4, 0xCAE4,
  0xCAE4, 0xCAE4, 0xCAE4, 0xCAE4, 0xCAE4, 0xCAE4, 0xCAE4, 0xCAE4, 0xCAE4, 0xD304, 0xD304, 0xCB04,
  0xCB04, 0xCB04, 0xCB04, 0xCB04, 0xCB04, 0xCB04, 0xCB04, 0xCB04, 0xCB04, 0xCB04, 0xCB24, 0xD324,
  0xD305, 0xD305, 0xD305, 0xD305, 0xD305, 0xD305, 0xD325, 0xD325, 0xD325, 0xD325, 0xD325, 0xD325,
  0xD325, 0xD325, 0xD325, 0xD325, 0xD325, 0xD345, 0xD345, 0xDB45, 0xDB45, 0xDB45, 0xDB45, 0xDB45,
  0xDB44, 0xDB44, 0xDB44, 0xDB44, 0xDB44, 0xDB44, 0xDB45, 0xDB65, 0xDB65, 0xDB65, 0xDB65, 0xDB65,
  0xDB65, 0xDB65, 0xDB65, 0xDB65, 0xDB65, 0xDB65, 0xDB65, 0xDB65, 0xDB65, 0xDB65, 0xDB65, 0xDB65,
  0xDB65, 0xDB65, 0xDB65, 0xDB65, 0xDB65, 0xDB85, 0xDB85, 0xDB85, 0xDB85, 0xE385, 0xE385, 0xE385,
  0xE385, 0xE385, 0xE385, 0xE385, 0xE385, 0xE385, 0xE385, 0xE385, 0xE385, 0xE385, 0xE385, 0xE385,
  0xE385, 0xE385, 0xE385, 0xE385, 0xE385, 0xE385, 0xE385, 0xE385, 0xE385, 0xE385, 0xE3A5, 0xE3A5,
  0xE3A5, 0xE3A5, 0xE3A5, 0xE3A5, 0xE3A5, 0xE3A5, 0xE3A5, 0xE3A5, 0xE3A5, 0xE3A5, 0xE3A5, 0xE3A5,
  0xE3A5, 0xE3A5, 0xE3A5, 0xE3A5, 0xE3A5, 0xE3A5, 0xE3A5, 0xE3A5, 0xE3A5, 0xE3A5, 0xE3A5, 0xE3A5,
  0xE3A5, 0xE385, 0xE385, 0xE385, 0xE385, 0xE385, 0xE385, 0xE385, 0xE385, 0xE385, 0xE385, 0xE385,
  0xE385, 0xE385, 0xE385, 0xE385, 0xE385, 0xE385, 0xE385, 0xDB65, 0xDB65, 0xDB65, 0xDB65, 0xDB65,
  0xDB65, 0xDB65, 0xDB65, 0xDB65, 0xDB65, 0xDB65, 0xDB64, 0xDB64, 0xDB64, 0xDB64, 0xDB65, 0xDB65,
  0xDB65, 0xDB65, 0xDB65, 0xDB65, 0xDB65, 0xDB65, 0xDB64, 0xDB64, 0xDB64, 0xDB64, 0xDB64, 0xDB64,
  0xDB44, 0xDB44, 0xDB44, 0xDB44, 0xDB44, 0xDB44, 0xDB44, 0xDB44, 0xDB44, 0xDB44, 0xDB44, 0xDB44,
  0xDB44, 0xDB44, 0xDB44, 0xDB25, 0xD325, 0xD325, 0xD325, 0xD325, 0xD325, 0xD325, 0xD325, 0xD325,
  0xD325, 0xD305, 0xD305, 0xD305, 0xD305, 0xD305, 0xD305, 0xD304, 0xD304, 0xCB04, 0xCB04, 0xCB04,
  0xCB04, 0xCB04, 0xCB04, 0xCB04, 0xCB04, 0xCB04, 0xCB04, 0xCB04, 0xCB04, 0xCB04, 0xCB04, 0xCB04,
  0xCAE4, 0xCAE4, 0xCAE4, 0xCAE4, 0xCAE4, 0xCAE4, 0xCAE4, 0xCAE4, 0xCAE4, 0xCAE4, 0xCAE4, 0xCAE4,
  0xCAE4, 0xCAE4, 0xCAE4, 0xCAE4, 0xCAE4, 0xCAE4, 0xCAE4, 0xCAE4, 0xCAE4, 0xD304, 0xD304, 0xD304,
  0xCB04, 0xCB04, 0xCB04, 0xCB04, 0xCB04, 0xCB04, 0xCB04, 0xCB04, 0xCB04, 0xCB04, 0xCB04, 0xD324,
  0xD304, 0xD304, 0xD305, 0xD305, 0xD305, 0xD305, 0xD305, 0xD305, 0xD325, 0xD325, 0xD325, 0xD325,
  0xD325, 0xD325, 0xD325, 0xD325, 0xD325, 0xD325, 0xD345, 0xD345, 0xD345, 0xDB45, 0xDB45, 0xDB45,
  0xDB44, 0xDB44, 0xDB44, 0xDB44, 0xDB44, 0xDB44, 0xDB44, 0xDB45, 0xDB65, 0xDB65, 0xDB65, 0xDB65,
  0xDB65, 0xDB65, 0xDB65, 0xDB65, 0xDB65, 0xDB65, 0xDB65, 0xDB65, 0xDB65, 0xDB65, 0xDB65, 0xDB65,
  0xDB65, 0xDB65, 0xDB65, 0xDB65, 0xDB65, 0xDB85, 0xDB85, 0xDB85, 0xDB85, 0xE385, 0xE385, 0xE385,
  0xE385, 0xE385, 0xE385, 0xE385, 0xE385, 0xE385, 0xE385, 0xE385, 0xE385, 0xE385, 0xE385, 0xE385,
  0xE385, 0xE385, 0xE385, 0xE385, 0xE385, 0xE385, 0xE385, 0xE385, 0xE385, 0xE385, 0xE3A5, 0xE3A5,
  0xE3A5, 0xE3A5, 0xE3A5, 0xE3A5, 0xE3A5, 0xE3A5, 0xE3A5, 0xE3A5, 0xE3A5, 0xE3A5, 0xE3A5, 0xE3A5,
  0xE3A5, 0xE3A5, 0xE3A5, 0xE3A5, 0xE3A5, 0xE3A5, 0xE3A5, 0xE3A5, 0xE3A5, 0xE3A5, 0xE3A5, 0xE3A5,
  0xE3A5, 0xE385, 0xE385, 0xE385, 0xE385, 0xE385, 0xE385, 0xE385, 0xE385, 0xE385, 0xE385, 0xE385,
  0xE385, 0xE385, 0xE385, 0xE385, 0xE385, 0xE385, 0xE365, 0xE365, 0xE365, 0xDB65, 0xDB65, 0xDB65,
  0xDB65, 0xDB65, 0xDB65, 0xDB65, 0xDB65, 0xDB65, 0xDB64, 0xDB64, 0xDB64, 0xDB64, 0xDB65, 0xDB65,
  0xDB65, 0xDB65, 0xDB65, 0xDB65, 0xDB65, 0xDB65, 0xDB64, 0xDB64, 0xDB64, 0xDB64, 0xDB64, 0xDB64,
  0xDB44, 0xDB44, 0xDB44, 0xDB44, 0xDB44, 0xDB44, 0xDB44, 0xDB44, 0xDB44, 0xDB44, 0xDB44, 0xDB44,
  0xDB44, 0xDB44, 0xDB24, 0xDB25, 0xDB25, 0xDB25, 0xDB25, 0xDB25, 0xD325, 0xD325, 0xD325, 0xD325,
  0xD325, 0xD305, 0xD305, 0xD305, 0xD305, 0xD305, 0xD305, 0xD304, 0xD304, 0xD304, 0xCB04, 0xCB04,
  0xCB04, 0xCB04, 0xCB04, 0xCB04, 0xCB04, 0xCB04, 0xCB04, 0xCB04, 0xCB04, 0xCB04, 0xCB04, 0xCB04,
  0xCAC4, 0xCAE4, 0xCAE4, 0xCAE4, 0xCAE4, 0xCAE4, 0xCAE4, 0xCAE4, 0xCAE4, 0xCAE4, 0xCAE4, 0xCAE4,
  0xCAE4, 0xCAE4, 0xCAE4, 0xCAE4, 0xCAE4, 0xCAE4, 0xCAE4, 0xCAE4, 0xCAE4, 0xD304, 0xD304, 0xD304,
  0xCB04, 0xCB04, 0xCB04, 0xCB04, 0xCB04, 0xCB04, 0xCB04, 0xCB04, 0xCB04, 0xCB04, 0xCB04, 0xD304,
  0xD304, 0xD304, 0xD305, 0xD305, 0xD305, 0xD305, 0xD305, 0xD305, 0xD325, 0xD325, 0xD325, 0xD325,
  0xD325, 0xD325, 0xD325, 0xD325, 0xD325, 0xD325, 0xD345, 0xD345, 0xD345, 0xD345, 0xDB45, 0xDB45,
  0xDB44, 0xDB44, 0xDB44, 0xDB44, 0xDB44, 0xDB44, 0xDB44, 0xDB44, 0xDB45, 0xDB65, 0xDB65, 0xDB65,
  0xDB65, 0xDB65, 0xDB65, 0xDB65, 0xDB65, 0xDB65, 0xDB65, 0xDB65, 0xDB65, 0xDB65, 0xDB65, 0xDB65,
  0xDB65, 0xDB65, 0xDB65, 0xDB65, 0xDB65, 0xDB85, 0xDB85, 0xDB85, 0xDB85, 0xE385, 0xE385, 0xE385,
  0xE385, 0xE385, 0xE385, 0xE385, 0xE385, 0xE385, 0xE385, 0xE385, 0xE385, 0xE385, 0xE385, 0xE385,
  0xE385, 0xE385, 0xE385, 0xE385, 0xE385, 0xE385, 0xE385, 0xE385, 0xE385, 0xE385, 0xE3A5, 0xE3A5,
  0xE3A5, 0xE3A5, 0xE3A5, 0xE3A5, 0xE3A5, 0xE3A5, 0xE3A5, 0xE3A5, 0xE3A5, 0xE3A5, 0xE3A5, 0xE3A5,
  0xE3A5, 0xE3A5, 0xE3A5, 0xE3A5, 0xE3A5, 0xE3A5, 0xE3A5, 0xE3A5, 0xE3A5, 0xE3A5, 0xE3A5, 0xE3A5,
  0xE3A5, 0xE385, 0xE385, 0xE385, 0xE385, 0xE385, 0xE385, 0xE385, 0xE385, 0xE385, 0xE385, 0xE385,
  0xE385, 0xE385, 0xE385, 0xE385, 0xE385, 0xE385, 0xE365, 0xE365, 0xE365, 0xDB65, 0xDB65, 0xDB65,
  0xDB65, 0xDB65, 0xDB65, 0xDB65, 0xDB65, 0xDB65, 0xDB64, 0xDB64, 0xDB64, 0xDB64, 0xDB65, 0xDB65,
  0xDB65, 0xDB65, 0xDB65, 0xDB65, 0xDB65, 0xDB65, 0xDB64, 0xDB64, 0xDB64, 0xDB64, 0xDB64, 0xDB64,
  0xDB44, 0xDB44, 0xDB44, 0xDB44, 0xDB44, 0xDB44, 0xDB44, 0xDB44, 0xDB44, 0xDB44, 0xDB44, 0xDB44,
  0xDB44, 0xDB44, 0xDB24, 0xDB25, 0xDB25, 0xDB25, 0xDB25, 0xDB25, 0xDB25, 0xD325, 0xD325, 0xD325,
  0xD325, 0xD305, 0xD305, 0xD305, 0xD305, 0xD305, 0xD305, 0xD304, 0xD304, 0xD304, 0xCB04, 0xCB04,
  0xCB04, 0xCB04, 0xCB04, 0xCB04, 0xCB04, 0xCB04, 0xCB04, 0xCB04, 0xCB04, 0xCB04, 0xCB04, 0xCB04,
  0xCAC4, 0xCAC4, 0xCAC4, 0xCAC4, 0xCAC4, 0xCAC4, 0xCAC4, 0xCAE4, 0xCAE4, 0xCAE4, 0xCAE4, 0xCAE4,
  0xCAE4, 0xCAE4, 0xCAE4, 0xCAE4, 0xCAE4, 0xCAE4, 0xCAE4, 0xCAE4, 0xCAE4, 0xCAE4, 0xD2E4, 0xD2E4,
  0xCB04, 0xCB04, 0xCB04, 0xCB04, 0xCB04, 0xCB04, 0xCB04, 0xCB04, 0xCB04, 0xD304, 0xD304, 0xD304,
  0xD304, 0xD304, 0xD304, 0xD304, 0xD304, 0xD304, 0xD304, 0xD304, 0xD304, 0xD304, 0xD304, 0xD305,
  0xD325, 0xD325, 0xD325, 0xD325, 0xD325, 0xD325, 0xD325, 0xD325, 0xD325, 0xD345, 0xD345, 0xDB45,
  0xDB44, 0xDB44, 0xDB44, 0xDB44, 0xDB44, 0xDB44, 0xDB44, 0xDB44, 0xDB64, 0xDB65, 0xDB65, 0xDB65,
  0xDB64, 0xDB64, 0xDB64, 0xDB65, 0xDB65, 0xDB65, 0xDB65, 0xDB65, 0xDB65, 0xDB65, 0xDB65, 0xDB65,
  0xDB65, 0xDB85, 0xDB85, 0xDB85, 0xDB85, 0xDB85, 0xDB85, 0xDB85, 0xDB85, 0xDB85, 0xE385, 0xE385,
  0xE385, 0xE385, 0xE385, 0xE385, 0xE385, 0xE385, 0xE385, 0xE385, 0xE385, 0xE385, 0xE385, 0xE385,
  0xE385, 0xE385, 0xE385, 0xE385, 0xE385, 0xE385, 0xE385, 0xE385, 0xE385, 0xE385, 0xE3A5, 0xE3A5,
  0xE3A5, 0xE3A5, 0xE3A5, 0xE3A5, 0xE3A5, 0xE3A5, 0xE3A5, 0xE3A5, 0xE3A5, 0xE3A5, 0xE3A5, 0xE3A5,
  0xE3A5, 0xE3A5, 0xE3A5, 0xE3A5, 0xE3A5, 0xE3A5, 0xE3A5, 0xE3A5, 0xE3A5, 0xE3A5, 0xE3A5, 0xE3A5,
  0xE3A5, 0xE3A5, 0xE3A5, 0xE3A5, 0xE3A5, 0xE385, 0xE385, 0xE385, 0xE385, 0xE385, 0xE385, 0xE385,
  0xE385, 0xE385, 0xE385, 0xE385, 0xE385, 0xE385, 0xE385, 0xE385, 0xE385, 0xE385, 0xDB65, 0xDB65,
  0xDB65, 0xDB65, 0xDB65, 0xDB65, 0xDB65, 0xDB65, 0xDB64, 0xDB64, 0xDB64, 0xDB64, 0xDB65, 0xDB65,
  0xDB65, 0xDB65, 0xDB64, 0xDB64, 0xDB64, 0xDB64, 0xDB64, 0xDB44, 0xDB44, 0xDB44, 0xDB44, 0xDB44,
  0xDB44, 0xDB44, 0xDB44, 0xDB44, 0xDB44, 0xDB44, 0xDB44, 0xDB44, 0xDB44, 0xDB44, 0xDB44, 0xD344,
  0xD324, 0xD324, 0xD324, 0xD324, 0xD324, 0xD324, 0xD324, 0xD325, 0xD325, 0xD325, 0xD325, 0xD325,
  0xD325, 0xD304, 0xD304, 0xD304, 0xD304, 0xD304, 0xD304, 0xD304, 0xD304, 0xCB04, 0xCB04, 0xCB04,
  0xCB04, 0xCB04, 0xCB04, 0xCB04, 0xCB04, 0xCB04, 0xD304, 0xD304, 0xD304, 0xCB04, 0xCAE4, 0xCAE4,
  0xCAC4, 0xCAC4, 0xCAC4, 0xCAC4, 0xCAC4, 0xCAC4, 0xCAC4, 0xCAC4, 0xCAE4, 0xCAE4, 0xCAE4, 0xCAE4,
  0xCAE4, 0xCAE4, 0xCAE4, 0xCAE4, 0xCAE4, 0xCAE4, 0xCAE4, 0xCAE4, 0xCAE4, 0xCAE4, 0xCAE4, 0xCAE4,
  0xCAE4, 0xCAE4, 0xCAE4, 0xCAE4, 0xCB04, 0xD304, 0xD304, 0xD304, 0xD304, 0xD304, 0xD304, 0xD304,
  0xD304, 0xD304, 0xD304, 0xD304, 0xD304, 0xD304, 0xD304, 0xD304, 0xD304, 0xD304, 0xD304, 0xD304,
  0xD325, 0xD325, 0xD325, 0xD324, 0xD324, 0xD324, 0xD324, 0xD324, 0xD324, 0xD324, 0xD344, 0xDB44,
  0xDB44, 0xDB44, 0xDB44, 0xDB44, 0xDB44, 0xDB44, 0xDB44, 0xDB44, 0xDB64, 0xDB64, 0xDB65, 0xDB64,
  0xDB64, 0xDB64, 0xDB64, 0xDB64, 0xDB64, 0xDB64, 0xDB64, 0xDB65, 0xDB65, 0xDB65, 0xDB65, 0xDB65,
  0xDB85, 0xDB85, 0xDB85, 0xDB85, 0xDB85, 0xDB85, 0xDB85, 0xDB85, 0xDB85, 0xDB85, 0xDB85, 0xE385,
  0xE385, 0xE385, 0xE385, 0xE385, 0xE385, 0xE385, 0xE385, 0xE385, 0xE385, 0xE385, 0xE385, 0xE385,
  0xE385, 0xE385, 0xE385, 0xE385, 0xE385, 0xE385, 0xE385, 0xE385, 0xE385, 0xE385, 0xE3A5, 0xE3A5,
  0xE3A5, 0xE3A5, 0xE3A5, 0xE3A5, 0xE3A5, 0xE3A5, 0xE3A5, 0xE3A5, 0xE3A5, 0xE3A5, 0xE3A5, 0xE3A5,
  0xE3A5, 0xE3A5, 0xE3A5, 0xE3A5, 0xE3A5, 0xE3A5, 0xE3A5, 0xE3A5, 0xE3A5, 0xE3A5, 0xE3A5, 0xE3A5,
  0xE3A5, 0xE3A5, 0xE3A5, 0xE3A5, 0xE3A5, 0xE3A5, 0xE3A5, 0xE3A5, 0xE3A5, 0xE3A5, 0xE385, 0xE385,
  0xE385, 0xE385, 0xE385, 0xE385, 0xE385, 0xE385, 0xE385, 0xE385, 0xE385, 0xE385, 0xDB65, 0xDB65,
  0xDB65, 0xDB65, 0xDB65, 0xDB65, 0xDB65, 0xDB65, 0xDB64, 0xDB64, 0xDB64, 0xDB64, 0xDB64, 0xDB64,
  0xDB64, 0xDB64, 0xDB64, 0xDB64, 0xDB64, 0xDB64, 0xDB44, 0xDB44, 0xDB44, 0xDB44, 0xDB44, 0xDB44,
  0xDB44, 0xDB44, 0xDB44, 0xDB44, 0xDB44, 0xDB44, 0xDB44, 0xDB44, 0xDB44, 0xD344, 0xD324, 0xD324,
  0xD324, 0xD324, 0xD324, 0xD324, 0xD324, 0xD324, 0xD324, 0xD324, 0xD324, 0xD304, 0xD304, 0xD304,
  0xD304, 0xD304, 0xD304, 0xD304, 0xD304, 0xD304, 0xD304, 0xD304, 0xD304, 0xCB04, 0xD304, 0xD304,
  0xD304, 0xD304, 0xD304, 0xD304, 0xD304, 0xD304, 0xD304, 0xD304, 0xD304, 0xD2E4, 0xD2E4, 0xD2E4,
  0xCAC4, 0xCAC4, 0xCAC4, 0xCAC4, 0xCAC4, 0xCAC4, 0xCAC4, 0xCAC4, 0xCAC4, 0xCAE4, 0xCAE4, 0xCAE4,
  0xCAE4, 0xCAE4, 0xCAE4, 0xCAE4, 0xCAE4, 0xCAE4, 0xCAE4, 0xCAE4, 0xCAE4, 0xCAE4, 0xCAE4, 0xCAE4,
  0xCAE4, 0xCAE4, 0xCAE4, 0xCAE4, 0xD304, 0xD304, 0xD304, 0xD304, 0xD304, 0xD304, 0xD304, 0xD304,
  0xD304, 0xD304, 0xD304, 0xD304, 0xD304, 0xD304, 0xD304, 0xD304, 0xD304, 0xD304, 0xD304, 0xD304,
  0xD304, 0xD325, 0xD325, 0xD324, 0xD324, 0xD324, 0xD324, 0xD324, 0xD324, 0xD324, 0xDB24, 0xDB24,
  0xDB44, 0xDB44, 0xDB44, 0xDB44, 0xDB44, 0xDB44, 0xDB44, 0xDB44, 0xDB64, 0xDB64, 0xDB65, 0xDB64,
  0xDB64, 0xDB64, 0xDB64, 0xDB64, 0xDB64, 0xDB64, 0xDB64, 0xDB65, 0xDB65, 0xDB65, 0xDB65, 0xDB65,
  0xDB85, 0xDB85, 0xDB85, 0xDB85, 0xDB85, 0xDB85, 0xDB85, 0xDB85, 0xDB85, 0xDB85, 0xDB85, 0xE385,
  0xE385, 0xE385, 0xE385, 0xE385, 0xE385, 0xE385, 0xE385, 0xE385, 0xE385, 0xE385, 0xE385, 0xE385,
  0xE385, 0xE385, 0xE385, 0xE385, 0xE385, 0xE385, 0xE385, 0xE385, 0xE385, 0xE385, 0xE3A5, 0xE3A5,
  0xE3A5, 0xE3A5, 0xE3A5, 0xE3A5, 0xE3A5, 0xE3A5, 0xE3A5, 0xE3A5, 0xE3A5, 0xE3A5, 0xE3A5, 0xE3A5,
  0xE3A5, 0xE3A5, 0xE3A5, 0xE3A5, 0xE3A5, 0xE3A5, 0xE3A5, 0xE3A5, 0xE3A5, 0xE3A5, 0xE3A5, 0xE3A5,
  0xE3A5, 0xE3A5, 0xE3A5, 0xE3A5, 0xE3A5, 0xE3A5, 0xE3A5, 0xE3A5, 0xE3A5, 0xE3A5, 0xE385, 0xE385,
  0xE385, 0xE385, 0xE385, 0xE385, 0xE385, 0xE385, 0xE385, 0xE385, 0xE385, 0xE385, 0xE365, 0xDB65,
  0xDB65, 0xDB65, 0xDB65, 0xDB65, 0xDB65, 0xDB65, 0xDB64, 0xDB64, 0xDB64, 0xDB64, 0xDB64, 0xDB64,
  0xDB64, 0xDB64, 0xDB64, 0xDB64, 0xDB64, 0xDB64, 0xDB44, 0xDB44, 0xDB44, 0xDB44, 0xDB44, 0xDB44,
  0xDB44, 0xDB44, 0xDB44, 0xDB44, 0xDB44, 0xDB44, 0xDB44, 0xDB44, 0xDB44, 0xD324, 0xD324, 0xD324,
  0xD324, 0xD324, 0xD324, 0xD324, 0xD324, 0xD324, 0xD324, 0xD304, 0xD304, 0xD304, 0xD304, 0xD304,
  0xD304, 0xD304, 0xD304, 0xD304, 0xD304, 0xD304, 0xD304, 0xD304, 0xD304, 0xD304, 0xD304, 0xD304,
  0xD304, 0xD304, 0xD304, 0xD304, 0xD304, 0xD304, 0xD304, 0xD304, 0xD304, 0xD2E4, 0xD2E4, 0xD2E4,
  0xCAC4, 0xCAC4, 0xCAC4, 0xCAC4, 0xCAC4, 0xCAC4, 0xCAC4, 0xCAC4, 0xCAC4, 0xCAE4, 0xCAE4, 0xCAE4,
  0xCAE4, 0xCAE4, 0xCAE4, 0xCAE4, 0xCAE4, 0xCAE4, 0xCAE4, 0xCAE4, 0xCAE4, 0xCAE4, 0xCAE4, 0xCAE4,
  0xCAE4, 0xCAE4, 0xCAE4, 0xCAE4, 0xD304, 0xD304, 0xD304, 0xD304, 0xD304, 0xD304, 0xD304, 0xD304,
  0xD304, 0xD304, 0xD304, 0xD304, 0xD304, 0xD304, 0xD304, 0xD304, 0xD304, 0xD304, 0xD304, 0xD304,
  0xD304, 0xD325, 0xD324, 0xD324, 0xD324, 0xD324, 0xD324, 0xDB24, 0xDB24, 0xDB24, 0xDB24, 0xDB24,
  0xDB44, 0xDB44, 0xDB44, 0xDB44, 0xDB44, 0xDB44, 0xDB44, 0xDB44, 0xDB64, 0xDB64, 0xDB65, 0xDB64,
  0xDB64, 0xDB64, 0xDB64, 0xDB64, 0xDB64, 0xDB64, 0xDB64, 0xDB65, 0xDB65, 0xDB65, 0xDB65, 0xDB65,
  0xDB65, 0xDB85, 0xDB85, 0xDB85, 0xDB85, 0xDB85, 0xDB85, 0xDB85, 0xDB85, 0xDB85, 0xE385, 0xE385,
  0xE385, 0xE385, 0xE385, 0xE385, 0xE385, 0xE385, 0xE385, 0xE385, 0xE385, 0xE385, 0xE385, 0xE385,
  0xE385, 0xE385, 0xE385, 0xE385, 0xE385, 0xE385, 0xE385, 0xE385, 0xE385, 0xE385, 0xE3A5, 0xE3A5,
  0xE3A5, 0xE3A5, 0xE3A5, 0xE3A5, 0xE3A5, 0xE3A5, 0xE3A5, 0xE3A5, 0xE3A5, 0xE3A5, 0xE3A5, 0xE3A5,
  0xE3A5, 0xE3A5, 0xE3A5, 0xE3A5, 0xE3A5, 0xE3A5, 0xE3A5, 0xE3A5, 0xE3A5, 0xE3A5, 0xE3A5, 0xE3A5,
  0xE3A5, 0xE3A5, 0xE3A5, 0xE3A5, 0xE3A5, 0xE3A5, 0xE3A5, 0xE3A5, 0xE3A5, 0xE3A5, 0xE385, 0xE385,
  0xE385, 0xE385, 0xE385, 0xE385, 0xE385, 0xE385, 0xE385, 0xE385, 0xE385, 0xE385, 0xE365, 0xE365,
  0xE365, 0xE365, 0xE365, 0xDB65, 0xDB65, 0xDB65, 0xDB64, 0xDB64, 0xDB64, 0xDB64, 0xDB64, 0xDB64,
  0xDB64, 0xDB64, 0xDB64, 0xDB64, 0xDB64, 0xDB64, 0xDB44, 0xDB44, 0xDB44, 0xDB44, 0xDB44, 0xDB44,
  0xDB44, 0xDB44, 0xDB44, 0xDB44, 0xDB44, 0xDB44, 0xDB44, 0xDB44, 0xDB44, 0xDB24, 0xD324, 0xD324,
  0xD324, 0xD324, 0xD324, 0xD324, 0xD324, 0xD324, 0xD324, 0xD304, 0xD304, 0xD304, 0xD304, 0xD304,
  0xD304, 0xD304, 0xD304, 0xD304, 0xD304, 0xD304, 0xD304, 0xD304, 0xD304, 0xD304, 0xD304, 0xD304,
  0xD304, 0xD304, 0xD304, 0xD304, 0xD304, 0xD304, 0xD304, 0xD304, 0xD304, 0xD2E4, 0xD2E4, 0xD2E4,
  0xCAC4, 0xCAC4, 0xCAC4, 0xCAC4, 0xCAC4, 0xCAC4, 0xCAC4, 0xCAC4, 0xCAC4, 0xCAE4, 0xCAE4, 0xCAE4,
  0xCAE4, 0xCAE4, 0xCAE4, 0xCAE4, 0xCAE4, 0xCAE4, 0xCAE4, 0xCAE4, 0xCAE4, 0xCAE4, 0xCAE4, 0xCAE4,
  0xCAE4, 0xCAE4, 0xCAE4, 0xCAE4, 0xD304, 0xD304, 0xD304, 0xD304, 0xD304, 0xD304, 0xD304, 0xD304,
  0xD304, 0xD304, 0xD304, 0xD304, 0xD304, 0xD304, 0xD304, 0xD304, 0xD304, 0xD304, 0xD304, 0xD304,
  0xD304, 0xD325, 0xD324, 0xD324, 0xD324, 0xD324, 0xD324, 0xD324, 0xDB24, 0xDB24, 0xDB24, 0xDB24,
  0xDB44, 0xDB44, 0xDB44, 0xDB44, 0xDB44, 0xDB44, 0xDB44, 0xDB44, 0xDB64, 0xDB64, 0xDB65, 0xDB64,
  0xDB64, 0xDB64, 0xDB64, 0xDB64, 0xDB64, 0xDB64, 0xDB64, 0xDB65, 0xDB65, 0xDB65, 0xDB65, 0xDB65,
  0xDB65, 0xDB65, 0xDB65, 0xDB65, 0xDB65, 0xDB85, 0xDB85, 0xDB85, 0xDB85, 0xE385, 0xE385, 0xE385,
  0xE385, 0xE385, 0xE385, 0xE385, 0xE385, 0xE385, 0xE385, 0xE385, 0xE385, 0xE385, 0xE385, 0xE3A5,
  0xE3A5, 0xE3A5, 0xE3A5, 0xE3A5, 0xE3A5, 0xE3A5, 0xE3A5, 0xE3A5, 0xE3A5, 0xE3A5, 0xE3A5, 0xE3A5,
  0xE3A5, 0xE3A5, 0xE3A5, 0xE3A5, 0xE3A5, 0xE3A5, 0xE3A5, 0xE3A5, 0xE3A5, 0xE3A5, 0xE3A5, 0xE3A5,
  0xE3A5, 0xE3A5, 0xE3A5, 0xE3A5, 0xE3A5, 0xE3A5, 0xE3A5, 0xE3A5, 0xE3A5, 0xE3A5, 0xE3A5, 0xE3A5,
  0xE3A5, 0xE3A5, 0xE3A5, 0xE3A5, 0xE3A5, 0xE3A5, 0xE3A5, 0xE3A5, 0xE3A5, 0xE3A5, 0xE385, 0xE385,
  0xE385, 0xE385, 0xE385, 0xE385, 0xE385, 0xE385, 0xE385, 0xE385, 0xE385, 0xE385, 0xE365, 0xE365,
  0xE365, 0xE365, 0xE365, 0xDB65, 0xDB65, 0xDB65, 0xDB64, 0xDB64, 0xDB64, 0xDB64, 0xDB64, 0xDB64,
  0xDB64, 0xDB64, 0xDB64, 0xDB64, 0xDB64, 0xDB64, 0xDB44, 0xDB44, 0xDB44, 0xDB44, 0xDB44, 0xDB44,
  0xDB44, 0xDB44, 0xDB44, 0xDB44, 0xDB44, 0xDB44, 0xDB44, 0xDB44, 0xDB44, 0xDB24, 0xD324, 0xD324,
  0xD324, 0xD324, 0xD324, 0xD324, 0xD324, 0xD324, 0xD324, 0xD304, 0xD304, 0xD304, 0xD304, 0xD304,
  0xD304, 0xD304, 0xD304, 0xD304, 0xD304, 0xD304, 0xD304, 0xD304, 0xD304, 0xD304, 0xD304, 0xD304,
  0xD304, 0xD304, 0xD304, 0xD304, 0xD304, 0xD304, 0xD304, 0xD304, 0xD2E4, 0xD2E4, 0xD2E4, 0xD2E4,
  0xCAC4, 0xCAC4, 0xCAC4, 0xCAC4, 0xCAC4, 0xCAC4, 0xCAC4, 0xCAC4, 0xCAC4, 0xCAC4, 0xCAC4, 0xCAE4,
  0xCAE4, 0xCAE4, 0xCAE4, 0xCAE4, 0xCAE4, 0xCAE4, 0xCAE4, 0xCAE4, 0xCAE4, 0xCAE4, 0xCAE4, 0xCAE4,
  0xCAE4, 0xCAE4, 0xCAE4, 0xCAE4, 0xD304, 0xD304, 0xD304, 0xD304, 0xD304, 0xD304, 0xD304, 0xD304,
  0xD304, 0xD304, 0xD304, 0xD304, 0xD304, 0xD304, 0xD304, 0xD304, 0xD304, 0xD304, 0xD304, 0xD304,
  0xD304, 0xD305, 0xD304, 0xD324, 0xD324, 0xD324, 0xDB24, 0xDB24, 0xDB24, 0xDB24, 0xDB24, 0xDB24,
  0xDB44, 0xDB44, 0xDB44, 0xDB44, 0xDB44, 0xDB44, 0xDB44, 0xDB44, 0xDB44, 0xDB64, 0xDB65, 0xDB64,
  0xDB64, 0xDB64, 0xDB64, 0xDB64, 0xDB64, 0xDB64, 0xDB64, 0xDB65, 0xDB65, 0xDB65, 0xDB65, 0xDB65,
  0xDB65, 0xDB65, 0xDB65, 0xDB65, 0xDB65, 0xDB85, 0xDB85, 0xDB85, 0xDB85, 0xE385, 0xE385, 0xE385,
  0xE385, 0xE385, 0xE385, 0xE385, 0xE385, 0xE385, 0xE385, 0xE3A5, 0xE3A5, 0xE3A5, 0xE3A5, 0xE3A5,
  0xE3A5, 0xE3A5, 0xE3A5, 0xE3A5, 0xE3A5, 0xE3A5, 0xE3A5, 0xE3A5, 0xE3A5, 0xE3A5, 0xE3A5, 0xE3A5,
  0xE3A5, 0xE3A5, 0xE3A5, 0xE3A5, 0xE3A5, 0xE3A5, 0xE3A5, 0xE3A5, 0xE3A5, 0xE3A5, 0xE3A5, 0xE3A5,
  0xE3A5, 0xE3A5, 0xE3A5, 0xE3A5, 0xE3A5, 0xE3A5, 0xE3A5, 0xE3A5, 0xE3A5, 0xE3A5, 0xE3A5, 0xE3A5,
  0xE3A5, 0xE3A5, 0xE3A5, 0xE3A5, 0xE3A5, 0xE3A5, 0xE3A5, 0xE3A5, 0xE3A5, 0xE3A5, 0xE385, 0xE385,
  0xE385, 0xE385, 0xE385, 0xE385, 0xE385, 0xE385, 0xE385, 0xE385, 0xE385, 0xE385, 0xE365, 0xE365,
  0xE365, 0xE365, 0xE365, 0xE365, 0xE365, 0xE365, 0xDB64, 0xDB64, 0xDB64, 0xDB64, 0xDB64, 0xDB64,
  0xDB64, 0xDB64, 0xDB64, 0xDB64, 0xDB64, 0xDB64, 0xDB44, 0xDB44, 0xDB44, 0xDB44, 0xDB44, 0xDB44,
  0xDB44, 0xDB44, 0xDB44, 0xDB44, 0xDB44, 0xDB44, 0xDB44, 0xDB44, 0xDB44, 0xDB24, 0xDB24, 0xDB24,
  0xDB24, 0xDB24, 0xDB24, 0xD324, 0xD324, 0xD324, 0xD304, 0xD304, 0xD304, 0xD304, 0xD304, 0xD304,
  0xD304, 0xD304, 0xD304, 0xD304, 0xD304, 0xD304, 0xD304, 0xD304, 0xD304, 0xD304, 0xD304, 0xD304,
  0xD304, 0xD304, 0xD304, 0xD304, 0xD304, 0xD304, 0xD304, 0xD2E4, 0xD2E4, 0xD2E4, 0xD2E4, 0xCAE4,
  0xCAC4, 0xCAC4, 0xCAC4, 0xCAC4, 0xCAC4, 0xCAC4, 0xCAC4, 0xCAC4, 0xCAC4, 0xCAC4, 0xCAC4, 0xCAC4,
  0xCAE4, 0xCAE4, 0xCAE4, 0xCAE4, 0xCAE4, 0xCAE4, 0xCAE4, 0xCAE4, 0xCAE4, 0xCAE4, 0xCAE4, 0xCAE4,
  0xCAE4, 0xCAE4, 0xCAE4, 0xCAE4, 0xD304, 0xD304, 0xD304, 0xD304, 0xD304, 0xD304, 0xD304, 0xD304,
  0xD304, 0xD304, 0xD304, 0xD304, 0xD304, 0xD304, 0xD304, 0xD304, 0xD304, 0xD304, 0xD304, 0xD304,
  0xD304, 0xD304, 0xD304, 0xD304, 0xD304, 0xD324, 0xDB24, 0xDB24, 0xDB24, 0xDB24, 0xDB24, 0xDB24,
  0xDB44, 0xDB44, 0xDB44, 0xDB44, 0xDB44, 0xDB44, 0xDB44, 0xDB44, 0xDB44, 0xDB44, 0xDB65, 0xDB64,
  0xDB64, 0xDB64, 0xDB64, 0xDB64, 0xDB64, 0xDB64, 0xDB64, 0xDB65, 0xDB65, 0xDB65, 0xDB65, 0xDB65,
  0xDB65, 0xDB65, 0xDB65, 0xDB65, 0xDB65, 0xE385, 0xE385, 0xE385, 0xE385, 0xE385, 0xE385, 0xE385,
  0xE385, 0xE385, 0xE385, 0xE385, 0xE385, 0xE385, 0xE3A5, 0xE3A5, 0xE3A5, 0xE3A5, 0xE3A5, 0xE3A5,
  0xE3A5, 0xE3A5, 0xE3A5, 0xE3A5, 0xE3A5, 0xE3A5, 0xE3A5, 0xE3A5, 0xE3A5, 0xE3A5, 0xE3A5, 0xE3A5,
  0xE3A5, 0xE3A5, 0xE3A5, 0xE3A5, 0xE3A5, 0xE3A5, 0xE3A5, 0xE3A5, 0xE3A5, 0xE3A5, 0xE3A5, 0xE3A5,
  0xE3A5, 0xE3A5, 0xE3A5, 0xE3A5, 0xE3A5, 0xE3A5, 0xE3A5, 0xE3A5, 0xE3A5, 0xE3A5, 0xE3A5, 0xE3A5,
  0xE3A5, 0xE3A5, 0xE3A5, 0xE3A5, 0xE3A5, 0xE3A5, 0xE3A5, 0xE3A5, 0xE3A5, 0xE3A5, 0xE3A5, 0xE385,
  0xE385, 0xE385, 0xE385, 0xE385, 0xE385, 0xE385, 0xE385, 0xE385, 0xE385, 0xE385, 0xE365, 0xE365,
  0xE365, 0xE365, 0xE365, 0xE365, 0xE365, 0xE365, 0xE364, 0xDB64, 0xDB64, 0xDB64, 0xDB64, 0xDB64,
  0xDB64, 0xDB64, 0xDB64, 0xDB64, 0xDB64, 0xDB64, 0xDB44, 0xDB44, 0xDB44, 0xDB44, 0xDB44, 0xDB44,
  0xDB44, 0xDB44, 0xDB44, 0xDB44, 0xDB44, 0xDB44, 0xDB44, 0xDB44, 0xDB44, 0xDB24, 0xDB24, 0xDB24,
  0xDB24, 0xDB24, 0xDB24, 0xD324, 0xD324, 0xD324, 0xD304, 0xD304, 0xD304, 0xD304, 0xD304, 0xD304,
  0xD304, 0xD304, 0xD304, 0xD304, 0xD304, 0xD304, 0xD304, 0xD304, 0xD304, 0xD304, 0xD304, 0xD304,
  0xD304, 0xD304, 0xD304, 0xD304, 0xD304, 0xD2E4, 0xD2E4, 0xD2E4, 0xCAE4, 0xCAE4, 0xCAE4, 0xCAE4,
  0xCAC4, 0xCAC4, 0xCAC4, 0xCAC4, 0xCAC4, 0xCAC4, 0xCAC4, 0xCAC4, 0xCAC4, 0xCAC4, 0xCAC4, 0xCAC4,
  0xCAC4, 0xCAC4, 0xCAC4, 0xCAC4, 0xCAE4, 0xCAE4, 0xCAE4, 0xCAE4, 0xCAE4, 0xCAE4, 0xCAE4, 0xCAE4,
  0xCAE4, 0xCAE4, 0xCAE4, 0xCAE4, 0xD304, 0xD304, 0xD304, 0xD304, 0xD304, 0xD304, 0xD304, 0xD304,
  0xD304, 0xD304, 0xD304, 0xD304, 0xD304, 0xD304, 0xD304, 0xD304, 0xD304, 0xD304, 0xD304, 0xD304,
  0xD304, 0xD304, 0xD304, 0xD304, 0xD304, 0xD304, 0xD324, 0xDB24, 0xDB24, 0xDB24, 0xDB24, 0xDB24,
  0xDB24, 0xDB44, 0xDB44, 0xDB44, 0xDB44, 0xDB44, 0xDB44, 0xDB44, 0xDB44, 0xDB44, 0xDB65, 0xDB64,
  0xDB64, 0xDB64, 0xDB64, 0xDB64, 0xDB64, 0xDB64, 0xDB64, 0xDB65, 0xDB65, 0xDB65, 0xDB65, 0xDB65,
  0xDB65, 0xE365, 0xE365, 0xE365, 0xE365, 0xE365, 0xE385, 0xE385, 0xE385, 0xE385, 0xE385, 0xE385,
  0xE385, 0xE385, 0xE385, 0xE385, 0xE385, 0xE3A5, 0xE3A5, 0xE3A5, 0xE3A5, 0xE3A5, 0xE3A5, 0xE3A5,
  0xE3A5, 0xE3A5, 0xE3A5, 0xE3A5, 0xE3A5, 0xE3A5, 0xE3A5, 0xE3A5, 0xE3A5, 0xE3A5, 0xE3A5, 0xE3A5,
  0xE3A5, 0xE3A5, 0xE3A5, 0xE3A5, 0xE3A5, 0xE3A5, 0xE3A5, 0xE3A5, 0xE3A5, 0xE3A5, 0xE3A5, 0xE3A5,
  0xE3A5, 0xE3A5, 0xE3A5, 0xE3A5, 0xE3A5, 0xE3A5, 0xE3A5, 0xE3A5, 0xE3A5, 0xE3A5, 0xE3A5, 0xE3A5,
  0xE3A5, 0xE3A5, 0xE3A5, 0xE3A5, 0xE3A5, 0xE3A5, 0xE3A5, 0xE3A5, 0xE3A5, 0xE3A5, 0xE3A5, 0xE385,
  0xE385, 0xE385, 0xE385, 0xE385, 0xE385, 0xE385, 0xE384, 0xE384, 0xE384, 0xE385, 0xE365, 0xE365,
  0xE365, 0xE365, 0xE365, 0xE365, 0xE365, 0xE365, 0xE364, 0xDB64, 0xDB64, 0xDB64, 0xDB64, 0xDB64,
  0xDB64, 0xDB64, 0xDB64, 0xDB64, 0xDB64, 0xDB64, 0xDB44, 0xDB44, 0xDB44, 0xDB44, 0xDB44, 0xDB44,
  0xDB44, 0xDB44, 0xDB44, 0xDB44, 0xDB44, 0xDB44, 0xDB44, 0xDB44, 0xDB24, 0xDB24, 0xDB24, 0xDB24,
  0xDB24, 0xDB24, 0xDB24, 0xD324, 0xD324, 0xD304, 0xD304, 0xD304, 0xD304, 0xD304, 0xD304, 0xD304,
  0xD304, 0xD304, 0xD304, 0xD304, 0xD304, 0xD304, 0xD304, 0xD304, 0xD304, 0xD304, 0xD304, 0xD304,
  0xD304, 0xD304, 0xD2E4, 0xD2E4, 0xD2E4, 0xD2E4, 0xD2E4, 0xD2E4, 0xCAE4, 0xCAE4, 0xCAE4, 0xCAE4,
  0xC2A4, 0xCAC4, 0xCAC4, 0xCAC4, 0xCAC4, 0xCAC4, 0xCAC4, 0xCAC4, 0xCAC4, 0xCAC4, 0xCAC4, 0xCAC4,
  0xCAC4, 0xCAC4, 0xCAC4, 0xCAC4, 0xCAC4, 0xCAE4, 0xCAE4, 0xCAE4, 0xCAE4, 0xCAE4, 0xCAE4, 0xCAE4,
  0xCAE4, 0xCAE4, 0xCAE4, 0xCAE4, 0xD304, 0xD304, 0xD304, 0xD304, 0xD304, 0xD304, 0xD304, 0xD304,
  0xD304, 0xD304, 0xD304, 0xD304, 0xD304, 0xD304, 0xD304, 0xD304, 0xD304, 0xD304, 0xD304, 0xD304,
  0xD304, 0xD304, 0xD304, 0xD304, 0xDB04, 0xDB04, 0xDB04, 0xDB04, 0xDB24, 0xDB24, 0xDB24, 0xDB24,
  0xDB24, 0xDB24, 0xDB24, 0xDB44, 0xDB44, 0xDB44, 0xDB44, 0xDB44, 0xDB44, 0xDB44, 0xDB45, 0xDB64,
  0xDB64, 0xDB64, 0xDB64, 0xDB64, 0xDB64, 0xDB64, 0xDB64, 0xE365, 0xE365, 0xE365, 0xE365, 0xE365,
  0xE365, 0xE365, 0xE365, 0xE365, 0xE365, 0xE365, 0xE365, 0xE365, 0xE365, 0xE385, 0xE385, 0xE385,
  0xE385, 0xE385, 0xE385, 0xE385, 0xE3A5, 0xE3A5, 0xE3A5, 0xE3A5, 0xE3A5, 0xE3A5, 0xE3A5, 0xE3A5,
  0xE3A5, 0xE3A5, 0xE3A5, 0xE3A5, 0xE3A5, 0xE3A5, 0xE3A5, 0xE3A5, 0xE3A5, 0xE3A5, 0xE3A5, 0xE3A5,
  0xE3C5, 0xE3C5, 0xE3C5, 0xE3C5, 0xE3C5, 0xE3C5, 0xE3C5, 0xE3C5, 0xE3C5, 0xE3C5, 0xE3A5, 0xE3A4,
  0xE3A4, 0xE3A4, 0xE3A4, 0xE3A4, 0xE3A4, 0xE3A4, 0xE3A4, 0xE3A4, 0xE3A4, 0xE3A4, 0xE3A4, 0xE3A4,
  0xE3A4, 0xE3A4, 0xE3A4, 0xE3A4, 0xE3A4, 0xE3A4, 0xE3A4, 0xE3A4, 0xE3A4, 0xE3A5, 0xE3A5, 0xE385,
  0xE385, 0xE385, 0xE385, 0xE385, 0xE385, 0xE385, 0xE384, 0xE384, 0xE384, 0xE385, 0xE365, 0xE365,
  0xE365, 0xE365, 0xE365, 0xE365, 0xE365, 0xE365, 0xE364, 0xE364, 0xE364, 0xE364, 0xDB64, 0xDB64,
  0xDB64, 0xDB64, 0xDB64, 0xDB64, 0xDB64, 0xDB64, 0xDB44, 0xDB44, 0xDB44, 0xDB44, 0xDB44, 0xDB44,
  0xDB44, 0xDB44, 0xDB44, 0xDB44, 0xDB24, 0xDB24, 0xDB24, 0xDB24, 0xDB24, 0xDB24, 0xDB24, 0xDB24,
  0xDB24, 0xDB24, 0xDB24, 0xDB04, 0xDB04, 0xDB04, 0xDB04, 0xDB04, 0xDB04, 0xDB04, 0xDB04, 0xDB04,
  0xDB04, 0xD304, 0xD304, 0xD304, 0xD304, 0xD304, 0xD304, 0xD2E4, 0xD304, 0xD304, 0xD304, 0xD304,
  0xD2E4, 0xD2E4, 0xD2E4, 0xD2E4, 0xD2E4, 0xD2E4, 0xD2E4, 0xD2E4, 0xCAE4, 0xCAE4, 0xCAE4, 0xCAE4,
  0xC2A4, 0xCAA4, 0xCAA4, 0xCAC4, 0xCAC4, 0xCAC4, 0xCAC4, 0xCAC4, 0xCAC4, 0xCAC4, 0xCAC4, 0xCAC4,
  0xCAC4, 0xCAC4, 0xCAC4, 0xCAC4, 0xCAC4, 0xCAC4, 0xCAE4, 0xCAE4, 0xCAE4, 0xCAE4, 0xCAE4, 0xCAE4,
  0xCAE4, 0xCAE4, 0xCAE4, 0xCAE4, 0xD304, 0xD304, 0xD304, 0xD304, 0xD304, 0xD304, 0xD304, 0xD304,
  0xD304, 0xD304, 0xD304, 0xD304, 0xD304, 0xD304, 0xD304, 0xD304, 0xD304, 0xD304, 0xD304, 0xD304,
  0xD304, 0xD304, 0xD304, 0xDB04, 0xDB04, 0xDB04, 0xDB04, 0xDB04, 0xDB04, 0xDB24, 0xDB24, 0xDB24,
  0xDB24, 0xDB24, 0xDB24, 0xDB44, 0xDB44, 0xDB44, 0xDB44, 0xDB44, 0xDB44, 0xDB44, 0xE345, 0xDB64,
  0xDB64, 0xDB64, 0xDB64, 0xDB64, 0xDB64, 0xDB64, 0xDB64, 0xE365, 0xE365, 0xE365, 0xE365, 0xE365,
  0xE365, 0xE365, 0xE365, 0xE365, 0xE365, 0xE365, 0xE365, 0xE365, 0xE365, 0xE385, 0xE385, 0xE385,
  0xE385, 0xE385, 0xE385, 0xE3A5, 0xE3A5, 0xE3A5, 0xE3A5, 0xE3A5, 0xE3A5, 0xE3A5, 0xE3A5, 0xE3A5,
  0xE3A5, 0xE3A5, 0xE3A5, 0xE3A5, 0xE3A5, 0xE3A5, 0xE3A5, 0xE3A5, 0xE3A5, 0xE3A5, 0xE3A5, 0xE3C5,
  0xE3C5, 0xE3C5, 0xE3C5, 0xE3C5, 0xE3C5, 0xE3C5, 0xE3C5, 0xE3C5, 0xE3C5, 0xE3C5, 0xE3A5, 0xE3A4,
  0xE3A4, 0xE3A4, 0xE3A4, 0xE3A4, 0xE3A4, 0xE3A4, 0xE3A4, 0xE3A4, 0xE3A4, 0xE3A4, 0xE3A4, 0xE3A4,
  0xE3A4, 0xE3A4, 0xE3A4, 0xE3A4, 0xE3A4, 0xE3A4, 0xE3A4, 0xE3A4, 0xE3A4, 0xE3A4, 0xE3A5, 0xE3A5,
  0xE385, 0xE384, 0xE384, 0xE384, 0xE384, 0xE384, 0xE384, 0xE384, 0xE384, 0xE384, 0xE365, 0xE365,
  0xE365, 0xE365, 0xE365, 0xE365, 0xE365, 0xE365, 0xE364, 0xE364, 0xE364, 0xE364, 0xDB64, 0xDB64,
  0xDB64, 0xDB64, 0xDB64, 0xDB64, 0xDB64, 0xDB64, 0xDB44, 0xDB44, 0xDB44, 0xDB44, 0xDB44, 0xDB44,
  0xDB44, 0xDB44, 0xDB44, 0xDB44, 0xDB24, 0xDB24, 0xDB24, 0xDB24, 0xDB24, 0xDB24, 0xDB24, 0xDB24,
  0xDB24, 0xDB24, 0xDB24, 0xDB04, 0xDB04, 0xDB04, 0xDB04, 0xDB04, 0xDB04, 0xDB04, 0xDB04, 0xDB04,
  0xDB04, 0xD304, 0xD304, 0xD304, 0xD304, 0xD304, 0xD304, 0xD2E4, 0xD304, 0xD304, 0xD304, 0xD2E4,
  0xD2E4, 0xD2E4, 0xD2E4, 0xD2E4, 0xD2E4, 0xD2E4, 0xD2E4, 0xD2C4, 0xCAE4, 0xCAE4, 0xCAC4, 0xCAC4,
  0xC2A4, 0xCAA4, 0xCAA4, 0xCAA4, 0xCAC4, 0xCAC4, 0xCAC4, 0xCAC4, 0xCAC4, 0xCAC4, 0xCAC4, 0xCAC4,
  0xCAC4, 0xCAC4, 0xCAC4, 0xCAC4, 0xCAC4, 0xCAC4, 0xCAC4, 0xCAE4, 0xCAE4, 0xCAE4, 0xCAE4, 0xCAE4,
  0xCAE4, 0xCAE4, 0xCAE4, 0xCAE4, 0xD304, 0xD304, 0xD304, 0xD304, 0xD304, 0xD304, 0xD304, 0xD304,
  0xD304, 0xD304, 0xD304, 0xD304, 0xD304, 0xD304, 0xD304, 0xD304, 0xD304, 0xD304, 0xD304, 0xD304,
  0xD304, 0xD304, 0xD304, 0xDB04, 0xDB04, 0xDB04, 0xDB04, 0xDB04, 0xDB04, 0xDB04, 0xDB24, 0xDB24,
  0xDB24, 0xDB24, 0xDB24, 0xDB24, 0xDB24, 0xDB44, 0xDB44, 0xDB44, 0xDB44, 0xE344, 0xE345, 0xDB64,
  0xDB64, 0xDB64, 0xDB64, 0xDB64, 0xDB64, 0xDB64, 0xDB64, 0xE365, 0xE365, 0xE365, 0xE365, 0xE365,
  0xE365, 0xE365, 0xE365, 0xE365, 0xE365, 0xE365, 0xE365, 0xE365, 0xE365, 0xE385, 0xE385, 0xE385,
  0xE385, 0xE385, 0xE3A5, 0xE3A5, 0xE3A5, 0xE3A5, 0xE3A5, 0xE3A5, 0xE3A5, 0xE3A5, 0xE3A5, 0xE3A5,
  0xE3A5, 0xE3A5, 0xE3A5, 0xE3A5, 0xE3A5, 0xE3A5, 0xE3A5, 0xE3A5, 0xE3A5, 0xE3A5, 0xE3A5, 0xE3C5,
  0xE3C5, 0xE3C5, 0xE3C5, 0xE3C5, 0xE3C5, 0xE3C5, 0xE3C5, 0xE3C5, 0xE3C5, 0xE3C5, 0xE3A5, 0xE3A4,
  0xE3A4, 0xE3A4, 0xE3A4, 0xE3A4, 0xE3A4, 0xE3A4, 0xE3A4, 0xE3A4, 0xE3A4, 0xE3A4, 0xE3A4, 0xE3A4,
  0xE3A4, 0xE3A4, 0xE3A4, 0xE3A4, 0xE3A4, 0xE3A4, 0xE3A4, 0xE3A4, 0xE3A4, 0xE3A4, 0xE3A4, 0xE3A4,
  0xE3A4, 0xE384, 0xE384, 0xE384, 0xE384, 0xE384, 0xE384, 0xE384, 0xE384, 0xE384, 0xE365, 0xE365,
  0xE365, 0xE365, 0xE365, 0xE365, 0xE365, 0xE365, 0xE364, 0xE364, 0xE364, 0xE364, 0xDB64, 0xDB64,
  0xDB64, 0xDB64, 0xDB64, 0xDB64, 0xDB64, 0xDB64, 0xDB44, 0xDB44, 0xDB44, 0xDB44, 0xDB44, 0xDB44,
  0xDB44, 0xDB24, 0xDB24, 0xDB24, 0xDB24, 0xDB24, 0xDB24, 0xDB24, 0xDB24, 0xDB24, 0xDB24, 0xDB24,
  0xDB24, 0xDB24, 0xDB24, 0xDB04, 0xDB04, 0xDB04, 0xDB04, 0xDB04, 0xDB04, 0xDB04, 0xDB04, 0xDB04,
  0xDB04, 0xDB04, 0xD304, 0xD304, 0xD304, 0xD304, 0xD2E4, 0xD2E4, 0xD304, 0xD304, 0xD304, 0xD2E4,
  0xD2E4, 0xD2E4, 0xD2E4, 0xD2E4, 0xD2E4, 0xD2E4, 0xD2C4, 0xCAC4, 0xCAC4, 0xCAE4, 0xCAC4, 0xCAC4,
  0xC2A4, 0xCAA4, 0xCAA4, 0xCAA4, 0xCAC4, 0xCAC4, 0xCAC4, 0xCAC4, 0xCAC4, 0xCAC4, 0xCAC4, 0xCAC4,
  0xCAC4, 0xCAC4, 0xCAC4, 0xCAC4, 0xCAC4, 0xCAC4, 0xCAC4, 0xCAC4, 0xCAE4, 0xCAE4, 0xCAE4, 0xCAE4,
  0xCAE4, 0xCAE4, 0xCAE4, 0xCAE4, 0xD304, 0xD304, 0xD304, 0xD304, 0xD304, 0xD304, 0xD304, 0xD304,
  0xD304, 0xD304, 0xD304, 0xD304, 0xD304, 0xD304, 0xD304, 0xD304, 0xD304, 0xD304, 0xD304, 0xD304,
  0xD304, 0xDB04, 0xDB04, 0xDB04, 0xDB04, 0xDB04, 0xDB04, 0xDB04, 0xDB04, 0xDB04, 0xDB04, 0xDB24,
  0xDB24, 0xDB24, 0xDB24, 0xDB24, 0xDB24, 0xDB24, 0xDB44, 0xE344, 0xE344, 0xE344, 0xE344, 0xDB44,
  0xDB64, 0xDB64, 0xDB64, 0xDB64, 0xDB64, 0xDB64, 0xDB64, 0xE365, 0xE365, 0xE365, 0xE365, 0xE365,
  0xE365, 0xE365, 0xE365, 0xE365, 0xE365, 0xE365, 0xE365, 0xE365, 0xE365, 0xE385, 0xE385, 0xE385,
  0xE385, 0xE385, 0xE3A5, 0xE3A5, 0xE3A5, 0xE3A5, 0xE3A5, 0xE3A5, 0xE3A5, 0xE3A5, 0xE3A5, 0xE3A5,
  0xE3A5, 0xE3A5, 0xE3A5, 0xE3A5, 0xE3A5, 0xE3A5, 0xE3A5, 0xE3A5, 0xE3A5, 0xE3A5, 0xE3A5, 0xE3C5,
  0xE3C5, 0xE3C5, 0xE3C5, 0xE3C5, 0xE3C5, 0xE3C5, 0xE3C5, 0xE3C5, 0xE3C5, 0xE3C5, 0xE3A5, 0xE3A4,
  0xE3A4, 0xE3A4, 0xE3A4, 0xE3A4, 0xE3A4, 0xE3A4, 0xE3A4, 0xE3A4, 0xE3A4, 0xE3A4, 0xE3A4, 0xE3A4,
  0xE3A4, 0xE3A4, 0xE3A4, 0xE3A4, 0xE3A4, 0xE3A4, 0xE3A4, 0xE3A4, 0xE3A4, 0xE3A4, 0xE3A4, 0xE3A4,
  0xE3A4, 0xE384, 0xE384, 0xE384, 0xE384, 0xE384, 0xE384, 0xE384, 0xE384, 0xE384, 0xE365, 0xE365,
  0xE365, 0xE365, 0xE365, 0xE365, 0xE365, 0xE365, 0xE364, 0xE344, 0xE344, 0xE364, 0xE364, 0xDB64,
  0xDB64, 0xDB64, 0xDB64, 0xDB64, 0xDB64, 0xDB64, 0xDB44, 0xDB44, 0xDB44, 0xDB44, 0xDB44, 0xDB44,
  0xDB24, 0xDB24, 0xDB24, 0xDB24, 0xDB24, 0xDB24, 0xDB24, 0xDB24, 0xDB24, 0xDB24, 0xDB24, 0xDB24,
  0xDB24, 0xDB24, 0xDB04, 0xDB04, 0xDB04, 0xDB04, 0xDB04, 0xDB04, 0xDB04, 0xDB04, 0xDB04, 0xDB04,
  0xDB04, 0xDB04, 0xDB04, 0xDB04, 0xDB04, 0xDB04, 0xD2E4, 0xD2E4, 0xD2E4, 0xD304, 0xD304, 0xD2E4,
  0xD2E4, 0xD2E4, 0xD2E4, 0xD2E4, 0xD2E4, 0xD2E4, 0xCAC4, 0xCAC4, 0xCAC4, 0xCAC4, 0xCAC4, 0xCAC4,
  0xCAA4, 0xCAA4, 0xCAA4, 0xCAA4, 0xCAA4, 0xCAA4, 0xCAA4, 0xCAA4, 0xCAC4, 0xCAC4, 0xCAC4, 0xCAC4,
  0xCAC4, 0xCAC4, 0xCAC4, 0xCAC4, 0xCAC4, 0xCAC4, 0xCAC4, 0xCAE4, 0xCAE4, 0xCAE4, 0xCAE4, 0xCAE4,
  0xCAE4, 0xD2E4, 0xD2E4, 0xD2E4, 0xD2E4, 0xD2E4, 0xD2E4, 0xD2E4, 0xD2E4, 0xD2E4, 0xD2E4, 0xD2E4,
  0xD2E4, 0xD304, 0xD304, 0xD304, 0xD304, 0xD304, 0xD304, 0xD304, 0xD304, 0xD304, 0xD304, 0xD304,
  0xDB04, 0xDAE4, 0xDB04, 0xDB04, 0xDB04, 0xDB04, 0xDB04, 0xDB04, 0xDB04, 0xDB04, 0xDB04, 0xDB04,
  0xDB24, 0xDB24, 0xDB24, 0xDB24, 0xDB24, 0xDB24, 0xDB24, 0xDB24, 0xDB24, 0xE344, 0xE344, 0xE344,
  0xE344, 0xE344, 0xE344, 0xE344, 0xE344, 0xE344, 0xE364, 0xE364, 0xE364, 0xE365, 0xE365, 0xE365,
  0xE365, 0xE365, 0xE365, 0xE365, 0xE365, 0xE365, 0xE365, 0xE365, 0xE365, 0xE365, 0xE385, 0xE385,
  0xE384, 0xE385, 0xE385, 0xE385, 0xE385, 0xE385, 0xE3A5, 0xE3A5, 0xE3A5, 0xE3A5, 0xE3A5, 0xE3A5,
  0xE3A5, 0xE3A5, 0xE3A5, 0xE3A5, 0xE3A5, 0xE3A5, 0xE3A5, 0xE3A5, 0xE3A5, 0xE3A5, 0xE3A5, 0xE3C5,
  0xE3C5, 0xE3C5, 0xE3C5, 0xE3C5, 0xE3C5, 0xE3C5, 0xE3C5, 0xE3C5, 0xE3C5, 0xE3C5, 0xE3A5, 0xE3A5,
  0xE3A5, 0xE3A5, 0xE3A5, 0xE3A5, 0xE3A5, 0xE3A5, 0xE3A5, 0xE3A5, 0xE3A5, 0xE3A5, 0xE3A4, 0xE3A4,
  0xE3A4, 0xE3A4, 0xE3A4, 0xE3A4, 0xE3A4, 0xE3A4, 0xE3A4, 0xE3A4, 0xE3A4, 0xE3A4, 0xE3A4, 0xE3A4,
  0xE3A4, 0xE384, 0xE384, 0xE384, 0xE384, 0xE384, 0xE384, 0xE384, 0xE384, 0xE384, 0xE364, 0xE364,
  0xE364, 0xE364, 0xE364, 0xE364, 0xE364, 0xE364, 0xE364, 0xE364, 0xE364, 0xE364, 0xE344, 0xE344,
  0xE344, 0xE344, 0xE344, 0xE344, 0xE344, 0xE344, 0xDB44, 0xDB44, 0xDB44, 0xE344, 0xE324, 0xE324,
  0xDB24, 0xDB24, 0xDB24, 0xDB24, 0xDB24, 0xDB24, 0xDB24, 0xDB24, 0xDB24, 0xDB04, 0xDB04, 0xDB04,
  0xDB04, 0xDB04, 0xDB04, 0xDB04, 0xDB04, 0xDB04, 0xDB04, 0xDB04, 0xDB04, 0xDB04, 0xDB04, 0xDB04,
  0xDB04, 0xDB04, 0xDAE4, 0xDAE4, 0xDAE4, 0xD2E4, 0xD2E4, 0xD2E4, 0xD2E4, 0xD2E4, 0xD2E4, 0xD2E4,
  0xD2E4, 0xD2E4, 0xD2E4, 0xD2E4, 0xD2E4, 0xD2E4, 0xD2C4, 0xD2C4, 0xCAC4, 0xCAC4, 0xCAC4, 0xCAC4,
  0xCAA4, 0xCAA4, 0xCAA4, 0xCAA4, 0xCAA4, 0xCAA4, 0xCAA4, 0xCAA4, 0xCAA4, 0xCAA4, 0xCAA4, 0xCAA4,
  0xCAC4, 0xCAC4, 0xCAC4, 0xCAC4, 0xCAC4, 0xCAC4, 0xCAC4, 0xCAE4, 0xCAE4, 0xCAE4, 0xCAE4, 0xCAE4,
  0xCAE4, 0xD2E4, 0xD2E4, 0xD2E4, 0xD2E4, 0xD2E4, 0xD2E4, 0xD2E4, 0xD2E4, 0xD2E4, 0xD2E4, 0xD2E4,
  0xD2E4, 0xD2E4, 0xD2E4, 0xD304, 0xD304, 0xD304, 0xD304, 0xD304, 0xD304, 0xD304, 0xD304, 0xD304,
  0xDB04, 0xDAE4, 0xDB04, 0xDB04, 0xDB04, 0xDB04, 0xDB04, 0xDB04, 0xDB04, 0xDB04, 0xDB04, 0xDB04,
  0xDB24, 0xDB24, 0xDB24, 0xDB24, 0xDB24, 0xDB24, 0xDB24, 0xDB24, 0xDB24, 0xDB24, 0xDB24, 0xE324,
  0xE344, 0xE344, 0xE344, 0xE344, 0xE344, 0xE344, 0xE344, 0xE344, 0xE344, 0xE365, 0xE365, 0xE365,
  0xE365, 0xE365, 0xE365, 0xE365, 0xE365, 0xE365, 0xE365, 0xE365, 0xE365, 0xE365, 0xE365, 0xE364,
  0xE364, 0xE364, 0xE384, 0xE384, 0xE384, 0xE384, 0xE384, 0xE384, 0xE3A5, 0xE3A5, 0xE3A5, 0xE3A4,
  0xE3A4, 0xE3A4, 0xE3A5, 0xE3A5, 0xE3A5, 0xE3A5, 0xE3A5, 0xE3A5, 0xE3A5, 0xE3A5, 0xE3A5, 0xE3C5,
  0xE3C5, 0xE3C5, 0xE3C5, 0xE3C5, 0xE3C5, 0xE3C5, 0xE3C5, 0xE3C5, 0xE3C5, 0xE3C5, 0xE3C5, 0xE3C5,
  0xE3C5, 0xE3C5, 0xE3C5, 0xE3C5, 0xE3C5, 0xE3C5, 0xE3C5, 0xE3C5, 0xE3C5, 0xE3C5, 0xE3A4, 0xE3A4,
  0xE3A4, 0xE3A4, 0xE3A4, 0xE3A4, 0xE3A4, 0xE3A4, 0xE3A4, 0xE3A4, 0xE3A4, 0xE3A4, 0xE3A4, 0xE3A4,
  0xE3A4, 0xE3A4, 0xE384, 0xE384, 0xE384, 0xE384, 0xE384, 0xE384, 0xE384, 0xE384, 0xE384, 0xE364,
  0xE364, 0xE364, 0xE364, 0xE364, 0xE364, 0xE364, 0xE364, 0xDB64, 0xDB64, 0xE344, 0xE344, 0xE344,
  0xE344, 0xE344, 0xE344, 0xE344, 0xE344, 0xE344, 0xE344, 0xE344, 0xE344, 0xE324, 0xE324, 0xE324,
  0xE324, 0xE324, 0xE324, 0xDB24, 0xDB24, 0xDB24, 0xDB24, 0xDB24, 0xDB24, 0xDB04, 0xDB04, 0xDB04,
  0xDB04, 0xDB04, 0xDB04, 0xDB04, 0xDB04, 0xDB04, 0xDB03, 0xDB03, 0xDB03, 0xDB04, 0xDB04, 0xDB04,
  0xDB04, 0xDB04, 0xDAE4, 0xDAE4, 0xDAE4, 0xD2E4, 0xD2E4, 0xD2E4, 0xD2E4, 0xD2E4, 0xD2C4, 0xD2C4,
  0xD2C4, 0xD2C4, 0xD2C4, 0xD2E4, 0xD2E4, 0xD2E4, 0xD2E4, 0xD2C4, 0xCAC4, 0xCAC4, 0xCAC4, 0xCAC4,
  0xCAA4, 0xCAA4, 0xCAA4, 0xCAA4, 0xCAA4, 0xCAA4, 0xCAA4, 0xCAA4, 0xCAA4, 0xCAA4, 0xCAA4, 0xCAA4,
  0xCAC4, 0xCAC4, 0xCAC4, 0xCAC4, 0xCAC4, 0xCAC4, 0xCAC4, 0xCAC4, 0xCAC4, 0xCAC4, 0xCAC4, 0xCAC4,
  0xCAC4, 0xCAC4, 0xD2E4, 0xD2E4, 0xD2E4, 0xD2E4, 0xD2E4, 0xD2E4, 0xD2E4, 0xD2E4, 0xD2E4, 0xD2E4,
  0xD2E4, 0xD2E4, 0xD2E4, 0xD2E4, 0xD304, 0xD304, 0xD304, 0xD304, 0xD304, 0xD304, 0xD304, 0xD304,
  0xDB04, 0xDAE4, 0xDB04, 0xDB04, 0xDB04, 0xDB04, 0xDB04, 0xDB04, 0xDB04, 0xDB04, 0xDB04, 0xDB04,
  0xDB24, 0xDB24, 0xDB24, 0xDB24, 0xDB24, 0xDB24, 0xDB24, 0xDB24, 0xDB24, 0xDB24, 0xDB24, 0xE324,
  0xE344, 0xE344, 0xE344, 0xE344, 0xE344, 0xE344, 0xE344, 0xE344, 0xE344, 0xE365, 0xE365, 0xE365,
  0xE365, 0xE365, 0xE365, 0xE365, 0xE365, 0xE365, 0xE365, 0xE365, 0xE365, 0xE365, 0xE365, 0xE364,
  0xE364, 0xE364, 0xE384, 0xE384, 0xE384, 0xE384, 0xE384, 0xE384, 0xE3A5, 0xE3A5, 0xE3A5, 0xE3A4,
  0xE3A4, 0xE3A4, 0xE3A5, 0xE3A5, 0xE3A5, 0xE3A5, 0xE3A5, 0xE3A5, 0xE3A5, 0xE3A5, 0xE3A5, 0xE3C5,
  0xE3C5, 0xE3C5, 0xE3C5, 0xE3C5, 0xE3C5, 0xE3C5, 0xE3C5, 0xE3C5, 0xE3C5, 0xE3C5, 0xE3C5, 0xE3C5,
  0xE3C5, 0xE3C5, 0xE3C5, 0xE3C5, 0xE3C5, 0xE3C5, 0xE3C5, 0xE3C5, 0xE3C5, 0xE3C5, 0xE3A4, 0xE3A4,
  0xE3A4, 0xE3A4, 0xE3A4, 0xE3A4, 0xE3A4, 0xE3A4, 0xE3A4, 0xE3A4, 0xE3A4, 0xE3A4, 0xE3A4, 0xE3A4,
  0xE3A4, 0xE3A4, 0xE384, 0xE384, 0xE384, 0xE384, 0xE384, 0xE384, 0xE384, 0xE384, 0xE384, 0xE364,
  0xE364, 0xE364, 0xE364, 0xE364, 0xE364, 0xE364, 0xE364, 0xDB64, 0xDB64, 0xE344, 0xE344, 0xE344,
  0xE344, 0xE344, 0xE344, 0xE344, 0xE344, 0xE344, 0xE344, 0xE344, 0xE344, 0xE324, 0xE324, 0xE324,
  0xE324, 0xE324, 0xE324, 0xDB24, 0xDB24, 0xDB24, 0xDB24, 0xDB24, 0xDB24, 0xDB04, 0xDB04, 0xDB04,
  0xDB04, 0xDB04, 0xDB04, 0xDB04, 0xDB04, 0xDB04, 0xDB03, 0xDB03, 0xDB03, 0xDB04, 0xDB04, 0xDB04,
  0xDB04, 0xDAE4, 0xDAE4, 0xDAE4, 0xD2E4, 0xD2E4, 0xD2E4, 0xD2E4, 0xD2E4, 0xD2C4, 0xD2C4, 0xD2C4,
  0xD2C4, 0xD2C4, 0xD2C4, 0xD2C4, 0xD2E4, 0xD2E4, 0xD2C4, 0xCAC4, 0xCAC4, 0xCAC4, 0xCAC4, 0xCAC4,
  0xCAA4, 0xCAA4, 0xCAA4, 0xCAA4, 0xCAA4, 0xCAA4, 0xCAA4, 0xCAA4, 0xCAA4, 0xCAA4, 0xCAA4, 0xCAA4,
  0xCAA4, 0xCAC4, 0xCAC4, 0xCAC4, 0xCAC4, 0xCAC4, 0xCAC4, 0xCAC4, 0xCAC4, 0xCAC4, 0xCAC4, 0xCAC4,
  0xCAC4, 0xCAC4, 0xCAC4, 0xD2C4, 0xD2E4, 0xD2E4, 0xD2E4, 0xD2E4, 0xD2E4, 0xD2E4, 0xD2E4, 0xD2E4,
  0xD2E4, 0xD2E4, 0xD2E4, 0xD2E4, 0xD2E4, 0xD304, 0xD304, 0xD304, 0xD304, 0xD304, 0xD304, 0xD304,
  0xDAE4, 0xDAE4, 0xDAE4, 0xDB04, 0xDB04, 0xDB04, 0xDB04, 0xDB04, 0xDB04, 0xDB04, 0xDB04, 0xDB04,
  0xDB04, 0xDB24, 0xDB24, 0xDB24, 0xDB24, 0xDB24, 0xDB24, 0xDB24, 0xDB24, 0xDB24, 0xDB24, 0xE324,
  0xE344, 0xE344, 0xE344, 0xE344, 0xE344, 0xE344, 0xE344, 0xE344, 0xE344, 0xE344, 0xE365, 0xE365,
  0xE365, 0xE365, 0xE365, 0xE365, 0xE365, 0xE365, 0xE365, 0xE365, 0xE365, 0xE365, 0xE365, 0xE364,
  0xE364, 0xE364, 0xE384, 0xE384, 0xE384, 0xE384, 0xE384, 0xE384, 0xE3A5, 0xE3A5, 0xE3A5, 0xE3A4,
  0xE3A4, 0xE3A4, 0xE3A5, 0xE3A5, 0xE3A5, 0xE3A5, 0xE3A5, 0xE3A5, 0xE3A5, 0xE3A5, 0xE3A5, 0xE3C5,
  0xE3C5, 0xE3C5, 0xE3C5, 0xE3C5, 0xE3C5, 0xE3C5, 0xE3C5, 0xE3C5, 0xE3C5, 0xE3C5, 0xE3C5, 0xE3C5,
  0xE3C5, 0xE3C5, 0xE3C5, 0xE3C5, 0xE3C5, 0xE3C5, 0xE3C5, 0xE3C5, 0xE3C5, 0xE3C5, 0xE3A4, 0xE3A4,
  0xE3A4, 0xE3A4, 0xE3A4, 0xE3A4, 0xE3A4, 0xE3A4, 0xE3A4, 0xE3A4, 0xE3A4, 0xE3A4, 0xE3A4, 0xE3A4,
  0xE3A4, 0xE3A4, 0xE384, 0xE384, 0xE384, 0xE384, 0xE384, 0xE384, 0xE384, 0xE384, 0xE384, 0xE364,
  0xE364, 0xE364, 0xE364, 0xE364, 0xE364, 0xE364, 0xE364, 0xDB64, 0xDB64, 0xE344, 0xE344, 0xE344,
  0xE344, 0xE344, 0xE344, 0xE344, 0xE344, 0xE344, 0xE344, 0xE344, 0xE344, 0xE324, 0xE324, 0xE324,
  0xE324, 0xE324, 0xE324, 0xDB24, 0xDB24, 0xDB24, 0xDB24, 0xDB24, 0xDB24, 0xDB04, 0xDB04, 0xDB04,
  0xDB04, 0xDB04, 0xDB04, 0xDB04, 0xDB04, 0xDB04, 0xDB03, 0xDB03, 0xDB03, 0xDB04, 0xDB04, 0xDB04,
  0xDB04, 0xDAE4, 0xDAE4, 0xD2E4, 0xD2E4, 0xD2E4, 0xD2E4, 0xD2E4, 0xD2C4, 0xD2C4, 0xD2C4, 0xD2C4,
  0xD2C4, 0xD2C4, 0xD2C4, 0xD2C4, 0xD2C4, 0xD2E4, 0xCAC4, 0xCAC4, 0xCAC4, 0xCAC4, 0xCAC4, 0xCAC4,
  0xCAA4, 0xCAA4, 0xCAA4, 0xCAA4, 0xCAA4, 0xCAA4, 0xCAA4, 0xCAA4, 0xCAA4, 0xCAA4, 0xCAA4, 0xCAA4,
  0xCAA4, 0xCAC4, 0xCAC4, 0xCAC4, 0xCAC4, 0xCAC4, 0xCAC4, 0xCAC4, 0xCAC4, 0xCAC4, 0xCAC4, 0xCAC4,
  0xCAC4, 0xCAC4, 0xCAC4, 0xCAC4, 0xD2C4, 0xD2C4, 0xD2C4, 0xD2C4, 0xD2E4, 0xD2E4, 0xD2E4, 0xD2E4,
  0xD2E4, 0xD2E4, 0xD2E4, 0xD2E4, 0xD2E4, 0xD2E4, 0xD2E4, 0xD2E4, 0xD304, 0xD304, 0xD304, 0xD2E4,
  0xDAE4, 0xDAE4, 0xDAE4, 0xDAE4, 0xDB04, 0xDB04, 0xDB04, 0xDB04, 0xDB04, 0xDB04, 0xDB04, 0xDB04,
  0xDB04, 0xDB04, 0xDB24, 0xDB24, 0xDB24, 0xDB24, 0xDB24, 0xDB24, 0xDB24, 0xDB24, 0xDB24, 0xDB24,
  0xE324, 0xE344, 0xE344, 0xE344, 0xE344, 0xE344, 0xE344, 0xE344, 0xE344, 0xE344, 0xE364, 0xE365,
  0xE365, 0xE365, 0xE365, 0xE365, 0xE365, 0xE365, 0xE365, 0xE365, 0xE365, 0xE365, 0xE365, 0xE364,
  0xE364, 0xE364, 0xE384, 0xE384, 0xE384, 0xE384, 0xE384, 0xE384, 0xE3A5, 0xE3A5, 0xE3A5, 0xE3A4,
  0xE3A4, 0xE3A4, 0xE3A5, 0xE3A5, 0xE3A5, 0xE3A5, 0xE3A5, 0xE3A5, 0xE3A5, 0xE3A5, 0xE3A5, 0xE3C5,
  0xE3C5, 0xE3C5, 0xE3C5, 0xE3C5, 0xE3C5, 0xE3C5, 0xE3C5, 0xE3C5, 0xE3C5, 0xE3C5, 0xE3C5, 0xE3C5,
  0xE3C5, 0xE3C5, 0xE3C5, 0xE3C5, 0xE3C5, 0xE3C5, 0xE3C5, 0xE3C5, 0xE3C5, 0xE3C5, 0xE3A4, 0xE3A4,
  0xE3A4, 0xE3A4, 0xE3A4, 0xE3A4, 0xE3A4, 0xE3A4, 0xE3A4, 0xE3A4, 0xE3A4, 0xE3A4, 0xE3A4, 0xE3A4,
  0xE3A4, 0xE3A4, 0xE384, 0xE384, 0xE384, 0xE384, 0xE384, 0xE384, 0xE384, 0xE384, 0xE384, 0xE364,
  0xE364, 0xE364, 0xE364, 0xE364, 0xE364, 0xE364, 0xE364, 0xDB64, 0xDB64, 0xE344, 0xE344, 0xE344,
  0xE344, 0xE344, 0xE344, 0xE344, 0xE344, 0xE344, 0xE344, 0xE344, 0xE344, 0xE324, 0xE324, 0xE324,
  0xE324, 0xE324, 0xE324, 0xDB24, 0xDB24, 0xDB24, 0xDB24, 0xDB24, 0xDB24, 0xDB04, 0xDB04, 0xDB04,
  0xDB04, 0xDB04, 0xDB04, 0xDB04, 0xDB04, 0xDB04, 0xDB03, 0xDB03, 0xDB03, 0xDB04, 0xDB04, 0xDB04,
  0xDB04, 0xDAE4, 0xDAE4, 0xD2E4, 0xD2E4, 0xD2E4, 0xD2E4, 0xD2C4, 0xD2C4, 0xD2C4, 0xD2C4, 0xD2C4,
  0xD2C4, 0xD2C4, 0xD2C4, 0xD2C4, 0xD2C4, 0xCAC4, 0xCAC4, 0xCAC4, 0xCAC4, 0xCAC4, 0xCAC4, 0xCAC4,
  0xCA84, 0xCA84, 0xCA84, 0xCA84, 0xCAA4, 0xCAA4, 0xCAA4, 0xCAA4, 0xCAA4, 0xCAA4, 0xCAA4, 0xCAA4,
  0xCAA4, 0xCAC4, 0xCAC4, 0xCAC4, 0xCAC4, 0xCAC4, 0xCAC4, 0xCAC4, 0xCAC4, 0xCAC4, 0xCAC4, 0xCAC4,
  0xCAC4, 0xCAC4, 0xCAC4, 0xCAC4, 0xD2C4, 0xD2C4, 0xD2C4, 0xD2C4, 0xD2C4, 0xD2C4, 0xD2C4, 0xD2C4,
  0xD2E4, 0xD2E4, 0xD2E4, 0xD2E4, 0xD2E4, 0xD2E4, 0xD2E4, 0xD2E4, 0xD2E4, 0xD2E4, 0xD2E4, 0xD2E4,
  0xDAE4, 0xDAE4, 0xDAE4, 0xDAE4, 0xDB04, 0xDB04, 0xDB04, 0xDB04, 0xDB04, 0xDB04, 0xDB04, 0xDB04,
  0xDB04, 0xDB04, 0xDB04, 0xDB24, 0xDB24, 0xDB24, 0xDB24, 0xDB24, 0xDB24, 0xDB24, 0xDB24, 0xDB24,
  0xDB24, 0xE324, 0xE344, 0xE344, 0xE344, 0xE344, 0xE344, 0xE344, 0xE344, 0xE344, 0xE344, 0xE364,
  0xE365, 0xE365, 0xE365, 0xE365, 0xE365, 0xE365, 0xE365, 0xE365, 0xE365, 0xE365, 0xE365, 0xE364,
  0xE364, 0xE364, 0xE384, 0xE384, 0xE384, 0xE384, 0xE384, 0xE384, 0xE3A5, 0xE3A5, 0xE3A5, 0xE3A4,
  0xE3A4, 0xE3A4, 0xE3A5, 0xE3A5, 0xE3A5, 0xE3A5, 0xE3A5, 0xE3A5, 0xE3A5, 0xE3A5, 0xE3A5, 0xE3C5,
  0xE3C5, 0xE3C5, 0xE3C5, 0xE3C5, 0xE3C5, 0xE3C5, 0xE3C5, 0xE3C5, 0xE3C5, 0xE3C5, 0xE3C5, 0xE3C5,
  0xE3C5, 0xE3C5, 0xE3C5, 0xE3C5, 0xE3C5, 0xE3C5, 0xE3C5, 0xE3C5, 0xE3C5, 0xE3C5, 0xE3A4, 0xE3A4,
  0xE3A4, 0xE3A4, 0xE3A4, 0xE3A4, 0xE3A4, 0xE3A4, 0xE3A4, 0xE3A4, 0xE3A4, 0xE3A4, 0xE3A4, 0xE3A4,
  0xE3A4, 0xE3A4, 0xE384, 0xE384, 0xE384, 0xE384, 0xE384, 0xE384, 0xE384, 0xE384, 0xE364, 0xE364,
  0xE364, 0xE364, 0xE364, 0xE364, 0xE364, 0xE364, 0xE364, 0xE364, 0xE364, 0xE344, 0xE344, 0xE344,
  0xE344, 0xE344, 0xE344, 0xE344, 0xE344, 0xE344, 0xE344, 0xE344, 0xE344, 0xE324, 0xE324, 0xE324,
  0xE324, 0xE324, 0xE324, 0xDB24, 0xDB24, 0xDB24, 0xDB24, 0xDB24, 0xDB24, 0xDB04, 0xDB04, 0xDB04,
  0xDB04, 0xDB04, 0xDB04, 0xDB04, 0xDB04, 0xDB04, 0xDB03, 0xDB03, 0xDB03, 0xDB04, 0xDB04, 0xDB04,
  0xDAE4, 0xDAE4, 0xDAE4, 0xD2E4, 0xD2E4, 0xD2E4, 0xD2C4, 0xD2C4, 0xD2C4, 0xD2C4, 0xD2C4, 0xD2C4,
  0xD2C4, 0xD2C4, 0xD2C4, 0xD2C4, 0xD2C4, 0xCAC4, 0xCAC4, 0xCAC4, 0xCAC4, 0xCAC4, 0xCAC4, 0xCAC4,
  0xCA84, 0xCA84, 0xCA84, 0xCA84, 0xCA84, 0xCA84, 0xCA84, 0xCA84, 0xCAA4, 0xCAA4, 0xCAA4, 0xCAA4,
  0xCAA4, 0xCAA4, 0xCAA4, 0xCAA4, 0xCAA4, 0xCAA4, 0xCAA4, 0xCAC4, 0xCAC4, 0xCAC4, 0xCAC4, 0xCAC4,
  0xCAC4, 0xD2C4, 0xD2C4, 0xD2C4, 0xD2C4, 0xD2C4, 0xD2C4, 0xD2C4, 0xD2C4, 0xD2C4, 0xD2C4, 0xD2C4,
  0xD2C4, 0xD2E4, 0xD2E4, 0xD2E4, 0xD2E4, 0xD2E4, 0xD2E4, 0xD2E4, 0xD2E4, 0xD2E4, 0xD2E4, 0xD2E4,
  0xD2E4, 0xDAE4, 0xDAE4, 0xDAE4, 0xDAE4, 0xDAE4, 0xDB04, 0xDB04, 0xDB04, 0xDB04, 0xDB04, 0xDB04,
  0xDB04, 0xDB04, 0xDB04, 0xDB04, 0xDB24, 0xDB24, 0xDB24, 0xDB24, 0xDB24, 0xDB24, 0xDB24, 0xDB24,
  0xDB24, 0xDB24, 0xE324, 0xE344, 0xE344, 0xE344, 0xE344, 0xE344, 0xE344, 0xE344, 0xE344, 0xE364,
  0xE364, 0xE364, 0xE365, 0xE365, 0xE365, 0xE365, 0xE365, 0xE365, 0xE365, 0xE365, 0xE365, 0xE364,
  0xE364, 0xE364, 0xE384, 0xE384, 0xE384, 0xE384, 0xE384, 0xE384, 0xE3A5, 0xE3A5, 0xE3A5, 0xE3A4,
  0xE3A4, 0xE3A4, 0xE3A5, 0xE3A5, 0xE3A5, 0xE3A5, 0xE3A5, 0xE3A5, 0xE3A5, 0xE3A5, 0xE3A5, 0xE3C5,
  0xE3C5, 0xE3C5, 0xE3C5, 0xE3C5, 0xE3C5, 0xE3C5, 0xE3C5, 0xE3C5, 0xE3C5, 0xE3C5, 0xE3C5, 0xE3C5,
  0xE3C5, 0xE3C5, 0xE3C5, 0xE3C5, 0xE3C5, 0xE3C5, 0xE3C5, 0xE3C5, 0xE3C5, 0xE3C5, 0xE3A4, 0xE3A4,
  0xE3A4, 0xE3A4, 0xE3A4, 0xE3A4, 0xE3A4, 0xE3A4, 0xE3A4, 0xE3A4, 0xE3A4, 0xE3A4, 0xE3A4, 0xE3A4,
  0xE3A4, 0xE3A4, 0xE384, 0xE384, 0xE384, 0xE384, 0xE384, 0xE384, 0xE384, 0xE384, 0xE364, 0xE364,
  0xE364, 0xE364, 0xE364, 0xE364, 0xE364, 0xE364, 0xE364, 0xE364, 0xE364, 0xE344, 0xE344, 0xE344,
  0xE344, 0xE344, 0xE344, 0xE344, 0xE344, 0xE344, 0xE344, 0xE344, 0xE344, 0xE324, 0xE324, 0xE324,
  0xE324, 0xE324, 0xE324, 0xDB24, 0xDB24, 0xDB24, 0xDB24, 0xDB24, 0xDB24, 0xDB04, 0xDB04, 0xDB04,
  0xDB04, 0xDB04, 0xDB04, 0xDB04, 0xDB04, 0xDB04, 0xDB03, 0xDB03, 0xDB03, 0xDB04, 0xDB04, 0xDAE4,
  0xDAE4, 0xDAE4, 0xDAE4, 0xD2E4, 0xD2E4, 0xD2C4, 0xD2C4, 0xD2C4, 0xD2C4, 0xD2C4, 0xD2C4, 0xD2C4,
  0xD2C4, 0xD2C4, 0xD2C4, 0xD2C4, 0xD2C4, 0xCAC4, 0xCAC4, 0xCAC4, 0xCAC4, 0xCAC4, 0xCAC4, 0xCAC4,
  0xC284, 0xC284, 0xCA84, 0xCA84, 0xCA84, 0xCA84, 0xCA84, 0xCA84, 0xCA84, 0xCA84, 0xCA84, 0xCA84,
  0xCAA4, 0xCAA3, 0xCAA3, 0xCAA3, 0xCAA3, 0xCAA3, 0xCAA3, 0xCAA4, 0xCAA4, 0xCAA4, 0xCAA4, 0xCAA4,
  0xCAA4, 0xCAA3, 0xCAA3, 0xCAA3, 0xD2A3, 0xD2C4, 0xD2C4, 0xD2C4, 0xD2C4, 0xD2C4, 0xD2C4, 0xD2C4,
  0xD2C4, 0xD2C4, 0xD2C4, 0xD2C4, 0xD2C4, 0xD2C4, 0xD2E4, 0xD2E4, 0xD2E4, 0xD2E4, 0xD2E4, 0xD2E4,
  0xD2E4, 0xDAE4, 0xDAE4, 0xDAE4, 0xDAE4, 0xDAE4, 0xDB04, 0xDB04, 0xDB04, 0xDB04, 0xDB04, 0xDB04,
  0xDB04, 0xDB04, 0xDB04, 0xDB04, 0xDB04, 0xDB04, 0xDB04, 0xDB24, 0xDB24, 0xDB24, 0xDB24, 0xDB24,
  0xDB24, 0xDB24, 0xE324, 0xE324, 0xE344, 0xE344, 0xE344, 0xE344, 0xE344, 0xE344, 0xE344, 0xE364,
  0xE364, 0xE364, 0xE364, 0xE364, 0xE365, 0xE365, 0xE365, 0xE365, 0xE365, 0xE365, 0xE365, 0xE364,
  0xE364, 0xE364, 0xE384, 0xE384, 0xE384, 0xE384, 0xE384, 0xE384, 0xE3A5, 0xE3A5, 0xE3A5, 0xE3A4,
  0xE3A4, 0xE3A4, 0xE3A5, 0xE3A5, 0xE3A5, 0xE3A5, 0xE3A5, 0xE3A5, 0xE3A5, 0xE3A5, 0xE3A5, 0xE3C5,
  0xE3C5, 0xE3C5, 0xE3C5, 0xE3C5, 0xE3C5, 0xE3C5, 0xE3C5, 0xE3C5, 0xE3C5, 0xE3C5, 0xE3C5, 0xE3C5,
  0xE3C5, 0xE3C5, 0xE3C5, 0xE3C5, 0xE3C5, 0xE3C5, 0xE3C5, 0xE3C5, 0xE3C5, 0xE3C5, 0xE3A4, 0xE3A4,
  0xE3A4, 0xE3A4, 0xE3A4, 0xE3A4, 0xE3A4, 0xE3A4, 0xE3A4, 0xE3A4, 0xE3A4, 0xE3A4, 0xE3A4, 0xE3A4,
  0xE3A4, 0xE3A4, 0xE384, 0xE384, 0xE384, 0xE384, 0xE384, 0xE384, 0xE384, 0xE384, 0xE364, 0xE364,
  0xE364, 0xE364, 0xE364, 0xE364, 0xE364, 0xE364, 0xE364, 0xE364, 0xE364, 0xE344, 0xE344, 0xE344,
  0xE344, 0xE344, 0xE344, 0xE344, 0xE344, 0xE344, 0xE344, 0xE344, 0xE344, 0xE324, 0xE324, 0xE324,
  0xE324, 0xE324, 0xE324, 0xDB24, 0xDB24, 0xDB24, 0xDB24, 0xDB24, 0xDB24, 0xDB04, 0xDB04, 0xDB04,
  0xDB04, 0xDB04, 0xDB04, 0xDB04, 0xDB04, 0xDB04, 0xDB03, 0xDB03, 0xDB03, 0xDB04, 0xDAE4, 0xDAE4,
  0xDAE4, 0xD2E4, 0xD2E4, 0xD2E4, 0xD2E4, 0xD2C4, 0xD2C4, 0xD2C4, 0xD2C4, 0xD2C4, 0xD2C4, 0xD2C4,
  0xD2C4, 0xD2C4, 0xD2C4, 0xD2C4, 0xCAC4, 0xCAC4, 0xCAC4, 0xCAC4, 0xCAC4, 0xCAC4, 0xCAC4, 0xCAC4,
  0xC284, 0xC284, 0xC284, 0xCA84, 0xCA84, 0xCA84, 0xCA84, 0xCA84, 0xCA84, 0xCA84, 0xCA84, 0xCA84,
  0xCAA4, 0xCAA3, 0xCAA3, 0xCAA3, 0xCAA3, 0xCAA3, 0xCAA3, 0xCAA3, 0xCAA3, 0xCAA4, 0xCAA4, 0xCAA4,
  0xCAA3, 0xCAA3, 0xCAA3, 0xCAA3, 0xD2A3, 0xD2A3, 0xD2A3, 0xD2C4, 0xD2C4, 0xD2C4, 0xD2C4, 0xD2C4,
  0xD2C4, 0xD2C4, 0xD2C4, 0xD2C4, 0xD2C4, 0xD2C4, 0xD2C4, 0xD2C4, 0xD2C4, 0xD2C4, 0xD2E4, 0xD2E4,
  0xD2E4, 0xDAE4, 0xDAE4, 0xDAE4, 0xDAE4, 0xDAE4, 0xDAE4, 0xDB04, 0xDB04, 0xDB04, 0xDB04, 0xDB04,
  0xDB04, 0xDB04, 0xDB04, 0xDB04, 0xDB04, 0xDB04, 0xDB04, 0xDB04, 0xDB24, 0xDB24, 0xDB24, 0xDB24,
  0xDB24, 0xDB24, 0xDB24, 0xE324, 0xE344, 0xE344, 0xE344, 0xE344, 0xE344, 0xE344, 0xE344, 0xE344,
  0xE364, 0xE364, 0xE364, 0xE364, 0xE364, 0xE364, 0xE365, 0xE365, 0xE365, 0xE365, 0xE365, 0xE364,
  0xE364, 0xE364, 0xE384, 0xE384, 0xE384, 0xE384, 0xE384, 0xE384, 0xE3A5, 0xE3A5, 0xE3A5, 0xE3A4,
  0xE3A4, 0xE3A4, 0xE3A5, 0xE3A5, 0xE3A5, 0xE3A5, 0xE3A5, 0xE3A5, 0xE3A5, 0xE3A5, 0xE3A5, 0xE3C5,
  0xE3C5, 0xE3C5, 0xE3C5, 0xE3C5, 0xE3C5, 0xE3C5, 0xE3C5, 0xE3C5, 0xE3C5, 0xE3C5, 0xE3C5, 0xE3C5,
  0xE3C5, 0xE3C5, 0xE3C5, 0xE3C5, 0xE3C5, 0xE3C5, 0xE3C5, 0xE3C5, 0xE3C5, 0xE3C5, 0xE3A4, 0xE3A4,
  0xE3A4, 0xE3A4, 0xE3A4, 0xE3A4, 0xE3A4, 0xE3A4, 0xE3A4, 0xE3A4, 0xE3A4, 0xE3A4, 0xE3A4, 0xE3A4,
  0xE3A4, 0xE3A4, 0xE384, 0xE384, 0xE384, 0xE384, 0xE384, 0xE384, 0xE384, 0xE384, 0xE364, 0xE364,
  0xE364, 0xE364, 0xE364, 0xE364, 0xE364, 0xE364, 0xE364, 0xE364, 0xE364, 0xE344, 0xE344, 0xE344,
  0xE344, 0xE344, 0xE344, 0xE344, 0xE344, 0xE344, 0xE344, 0xE344, 0xE344, 0xE324, 0xE324, 0xE324,
  0xE324, 0xE324, 0xE324, 0xDB24, 0xDB24, 0xDB24, 0xDB24, 0xDB24, 0xDB24, 0xDB04, 0xDB04, 0xDB04,
  0xDB04, 0xDB04, 0xDB04, 0xDB04, 0xDB04, 0xDB04, 0xDB03, 0xDB03, 0xDB03, 0xDAE3, 0xDAE3, 0xDAE4,
  0xD2E4, 0xD2E4, 0xD2E4, 0xD2E4, 0xD2E4, 0xD2C4, 0xD2C4, 0xD2C4, 0xD2C4, 0xD2C4, 0xD2C4, 0xD2C4,
  0xD2C4, 0xD2C4, 0xD2C4, 0xD2C4, 0xCAC4, 0xCAC4, 0xCAC4, 0xCAC4, 0xCAC4, 0xCAC4, 0xCAA4, 0xCAA4,
  0xC284, 0xC284, 0xC284, 0xC284, 0xC284, 0xC284, 0xCA84, 0xCA84, 0xCA84, 0xCA84, 0xCA84, 0xCA84,
  0xCA84, 0xCAA3, 0xCAA3, 0xCAA3, 0xCAA3, 0xCAA3, 0xCAA3, 0xCAA3, 0xCAA3, 0xCAA3, 0xCAA3, 0xCAA3,
  0xCAA3, 0xCAA3, 0xCAA3, 0xD2A3, 0xD2A3, 0xD2A3, 0xD2A3, 0xD2A3, 0xD2A4, 0xD2A4, 0xD2A4, 0xD2C4,
  0xD2C4, 0xD2C4, 0xD2C4, 0xD2C4, 0xD2C4, 0xD2C4, 0xD2C4, 0xD2C4, 0xD2C4, 0xD2C4, 0xD2C4, 0xD2E4,
  0xD2E4, 0xD2E4, 0xDAE4, 0xDAE4, 0xDAE4, 0xDAE4, 0xDAE4, 0xDAE4, 0xDB04, 0xDB04, 0xDB04, 0xDB04,
  0xDB04, 0xDB04, 0xDB04, 0xDB04, 0xDB04, 0xDB04, 0xDB04, 0xDB04, 0xDB04, 0xDB24, 0xDB24, 0xDB24,
  0xDB24, 0xDB24, 0xDB24, 0xE324, 0xE344, 0xE344, 0xE344, 0xE344, 0xE344, 0xE344, 0xE344, 0xE344,
  0xE344, 0xE344, 0xE364, 0xE364, 0xE364, 0xE364, 0xE365, 0xE365, 0xE365, 0xE365, 0xE364, 0xE364,
  0xE364, 0xE364, 0xE384, 0xE384, 0xE384, 0xE384, 0xE384, 0xE384, 0xE3A5, 0xE3A5, 0xE3A5, 0xE3A4,
  0xE3A4, 0xE3A4, 0xE3A5, 0xE3A5, 0xE3A5, 0xE3A5, 0xE3A5, 0xE3A5, 0xE3A5, 0xE3A5, 0xE3A5, 0xE3C5,
  0xE3C5, 0xE3C5, 0xE3C5, 0xE3C5, 0xE3C5, 0xE3C5, 0xE3C5, 0xE3C5, 0xE3C5, 0xE3C5, 0xE3C5, 0xE3C5,
  0xE3C5, 0xE3C5, 0xE3C5, 0xE3C5, 0xE3C5, 0xE3C5, 0xE3C5, 0xE3C5, 0xE3C5, 0xE3C5, 0xE3A4, 0xE3A4,
  0xE3A4, 0xE3A4, 0xE3A4, 0xE3A4, 0xE3A4, 0xE3A4, 0xE3A4, 0xE3A4, 0xE3A4, 0xE3A4, 0xE3A4, 0xE3A4,
  0xE3A4, 0xE3A4, 0xE384, 0xE384, 0xE384, 0xE384, 0xE384, 0xE384, 0xE384, 0xE384, 0xE364, 0xE364,
  0xE364, 0xE364, 0xE364, 0xE364, 0xE364, 0xE364, 0xE364, 0xE344, 0xE344, 0xE344, 0xE344, 0xE344,
  0xE344, 0xE344, 0xE344, 0xE344, 0xE344, 0xE344, 0xE344, 0xE344, 0xE344, 0xE324, 0xE324, 0xE324,
  0xE324, 0xE324, 0xE324, 0xDB24, 0xDB24, 0xDB24, 0xDB24, 0xDB24, 0xDB24, 0xDB04, 0xDB04, 0xDB04,
  0xDB04, 0xDB04, 0xDB04, 0xDB04, 0xDB04, 0xDB04, 0xDB03, 0xDB03, 0xDB03, 0xDAE3, 0xDAE3, 0xDAE4,
  0xD2E4, 0xD2E4, 0xD2E3, 0xD2E4, 0xD2C4, 0xD2C4, 0xD2C4, 0xD2C4, 0xD2C4, 0xD2C4, 0xD2C4, 0xD2C4,
  0xD2C4, 0xD2C4, 0xD2C4, 0xD2C4, 0xCAC4, 0xCAC4, 0xCAC4, 0xCAC4, 0xCAC4, 0xCAA4, 0xCAA4, 0xCAA4,
  0xC264, 0xC284, 0xC284, 0xC284, 0xC284, 0xC284, 0xCA84, 0xCA84, 0xCA84, 0xCA84, 0xCA84, 0xCA84,
  0xCA84, 0xCA83, 0xCA83, 0xCA83, 0xCAA3, 0xCAA3, 0xCAA3, 0xCAA3, 0xCAA3, 0xCAA3, 0xCAA3, 0xCAA3,
  0xCAA3, 0xCAA3, 0xCAA3, 0xD2A3, 0xD2A3, 0xD2A3, 0xD2A3, 0xD2A3, 0xD2A3, 0xD2A3, 0xD2A3, 0xD2A3,
  0xD2C3, 0xD2C3, 0xD2C3, 0xD2C4, 0xD2C4, 0xD2C4, 0xD2C4, 0xD2C4, 0xD2C4, 0xD2C4, 0xD2C4, 0xD2C4,
  0xD2E4, 0xD2E4, 0xDAE4, 0xDAE4, 0xDAE4, 0xDAE4, 0xDAE4, 0xDAE4, 0xDAE4, 0xDB04, 0xDB04, 0xDB04,
  0xDB04, 0xDB04, 0xDB04, 0xDB04, 0xDB04, 0xDB04, 0xDB04, 0xDB04, 0xDB04, 0xDB04, 0xDB24, 0xDB24,
  0xDB24, 0xDB24, 0xDB24, 0xDB24, 0xE324, 0xE324, 0xE344, 0xE344, 0xE344, 0xE344, 0xE344, 0xE344,
  0xE344, 0xE344, 0xE364, 0xE364, 0xE364, 0xE364, 0xE364, 0xE365, 0xE365, 0xE365, 0xE364, 0xE364,
  0xE364, 0xE364, 0xE384, 0xE384, 0xE384, 0xE384, 0xE384, 0xE384, 0xE3A5, 0xE3A5, 0xE3A5, 0xE3A4,
  0xE3A4, 0xE3A4, 0xE3A5, 0xE3A5, 0xE3A5, 0xE3A5, 0xE3A5, 0xE3A5, 0xE3A5, 0xE3A5, 0xE3A5, 0xE3C5,
  0xE3C5, 0xE3C5, 0xE3C5, 0xE3C5, 0xE3C5, 0xE3C5, 0xE3C5, 0xE3C5, 0xE3C5, 0xE3C5, 0xE3C5, 0xE3C5,
  0xE3C5, 0xE3C5, 0xE3C5, 0xE3C5, 0xE3C5, 0xE3C5, 0xE3C5, 0xE3C5, 0xE3C5, 0xE3C5, 0xE3A4, 0xE3A4,
  0xE3A4, 0xE3A4, 0xE3A4, 0xE3A4, 0xE3A4, 0xE3A4, 0xE3A4, 0xE3A4, 0xE3A4, 0xE3A4, 0xE3A4, 0xE3A4,
  0xE3A4, 0xE3A4, 0xE384, 0xE384, 0xE384, 0xE384, 0xE384, 0xE384, 0xE384, 0xE384, 0xE364, 0xE364,
  0xE364, 0xE364, 0xE364, 0xE364, 0xE364, 0xE364, 0xE364, 0xE344, 0xE344, 0xE344, 0xE344, 0xE344,
  0xE344, 0xE344, 0xE344, 0xE344, 0xE344, 0xE344, 0xE344, 0xE344, 0xE344, 0xE324, 0xE324, 0xE324,
  0xE324, 0xE324, 0xE324, 0xDB24, 0xDB24, 0xDB24, 0xDB24, 0xDB24, 0xDB24, 0xDB04, 0xDB04, 0xDB04,
  0xDB04, 0xDB04, 0xDB04, 0xDB04, 0xDB04, 0xDB04, 0xDB03, 0xDB03, 0xDB03, 0xDAE3, 0xDAE3, 0xDAE3,
  0xD2E4, 0xD2E3, 0xD2E3, 0xD2E4, 0xD2C4, 0xD2C3, 0xD2C4, 0xD2C4, 0xD2C4, 0xD2C4, 0xD2C4, 0xD2C4,
  0xD2C4, 0xD2C4, 0xD2C4, 0xD2C4, 0xCAC4, 0xCAC4, 0xCAC4, 0xCAC4, 0xCAC4, 0xCAA4, 0xCAA4, 0xCAA4,
  0xC264, 0xC264, 0xC264, 0xC264, 0xC284, 0xC284, 0xCA84, 0xCA84, 0xCA84, 0xCA84, 0xCA84, 0xCA84,
  0xCA84, 0xCA83, 0xCA83, 0xCA83, 0xCA83, 0xCA83, 0xCA83, 0xCAA3, 0xCAA3, 0xCAA3, 0xCAA3, 0xCAA3,
  0xCAA3, 0xCAA3, 0xCAA3, 0xCAA3, 0xD2A3, 0xD2A3, 0xD2A3, 0xD2A3, 0xD2A3, 0xD2A3, 0xD2A3, 0xD2A3,
  0xD2A3, 0xD2A3, 0xD2C3, 0xD2C3, 0xD2C4, 0xD2C4, 0xD2C4, 0xD2C4, 0xD2C4, 0xD2C4, 0xD2C4, 0xD2C4,
  0xD2E4, 0xD2E4, 0xD2E4, 0xD2E4, 0xDAE4, 0xDAE4, 0xDAE4, 0xDAE4, 0xDAE4, 0xDB04, 0xDB04, 0xDB04,
  0xDB03, 0xDB03, 0xDB04, 0xDB04, 0xDB04, 0xDB04, 0xDB04, 0xDB04, 0xDB04, 0xDB04, 0xDB24, 0xDB24,
  0xDB24, 0xDB24, 0xDB24, 0xE324, 0xE324, 0xE324, 0xE344, 0xE344, 0xE344, 0xE344, 0xE344, 0xE344,
  0xE344, 0xE344, 0xE364, 0xE364, 0xE364, 0xE364, 0xE364, 0xE365, 0xE365, 0xE365, 0xE364, 0xE364,
  0xE364, 0xE364, 0xE384, 0xE384, 0xE384, 0xE384, 0xE384, 0xE384, 0xE3A5, 0xE3A5, 0xE3A5, 0xE3A4,
  0xE3A4, 0xE3A4, 0xE3A4, 0xE3A4, 0xE3A4, 0xE3A4, 0xE3A5, 0xE3A5, 0xE3A5, 0xE3A5, 0xE3A5, 0xE3C5,
  0xE3C5, 0xE3C5, 0xE3C5, 0xE3C5, 0xE3C5, 0xE3C5, 0xE3C5, 0xE3C5, 0xE3C5, 0xE3C5, 0xE3C5, 0xE3C5,
  0xE3C5, 0xE3C5, 0xE3C5, 0xE3C5, 0xE3C5, 0xE3C5, 0xE3C5, 0xE3C5, 0xE3C5, 0xE3C5, 0xE3A4, 0xE3A4,
  0xE3A4, 0xE3A4, 0xE3A4, 0xE3A4, 0xE3A4, 0xE3A4, 0xE3A4, 0xE3A4, 0xE3A4, 0xE3A4, 0xE3A4, 0xE3A4,
  0xE3A4, 0xE3A4, 0xE384, 0xE384, 0xE384, 0xE384, 0xE384, 0xE384, 0xE384, 0xE384, 0xE364, 0xE364,
  0xE364, 0xE364, 0xE364, 0xE364, 0xE364, 0xE364, 0xE364, 0xE344, 0xE344, 0xE344, 0xE344, 0xE344,
  0xE344, 0xE344, 0xE344, 0xE344, 0xE344, 0xE344, 0xE344, 0xE344, 0xE344, 0xE324, 0xE324, 0xE324,
  0xE324, 0xE324, 0xDB24, 0xDB24, 0xDB24, 0xDB24, 0xDB24, 0xDB24, 0xDB24, 0xDB04, 0xDB04, 0xDB04,
  0xDB04, 0xDB04, 0xDB03, 0xDB03, 0xDB04, 0xDB04, 0xDB03, 0xDB03, 0xDB03, 0xDAE3, 0xDAE3, 0xD2E3,
  0xD2E4, 0xD2E3, 0xD2E3, 0xD2C4, 0xD2C4, 0xD2C3, 0xD2C4, 0xD2C4, 0xD2C4, 0xD2C4, 0xD2C4, 0xD2C4,
  0xD2C4, 0xD2C4, 0xD2C4, 0xD2C4, 0xCAC4, 0xCAC4, 0xCAC4, 0xCAC3, 0xCAA4, 0xCAA4, 0xCAA4, 0xCAA4,
  0xC264, 0xC264, 0xC264, 0xC264, 0xC264, 0xC264, 0xC284, 0xC284, 0xC284, 0xCA84, 0xCA84, 0xCA84,
  0xCA84, 0xCA84, 0xCA84, 0xCA83, 0xCA83, 0xCA83, 0xCA83, 0xCA83, 0xCA83, 0xCA83, 0xCA83, 0xCA83,
  0xCA83, 0xCA83, 0xCA83, 0xCA83, 0xCAA3, 0xCAA3, 0xCAA3, 0xCAA3, 0xD2A3, 0xD2A3, 0xD2A3, 0xD2A3,
  0xD2A3, 0xD2A3, 0xD2A3, 0xD2A3, 0xD2A3, 0xD2A4, 0xD2A4, 0xD2C4, 0xD2C4, 0xD2C4, 0xD2C4, 0xD2C4,
  0xD2C4, 0xD2E4, 0xD2E4, 0xD2E4, 0xD2E4, 0xDAE4, 0xDAE4, 0xDAE4, 0xDAE4, 0xDB04, 0xDB04, 0xDB04,
  0xDB03, 0xDB03, 0xDB03, 0xDB04, 0xDB04, 0xDB04, 0xDB04, 0xDB04, 0xDB04, 0xDB04, 0xDB04, 0xDB24,
  0xDB24, 0xDB24, 0xE324, 0xE324, 0xE324, 0xE324, 0xE324, 0xE344, 0xE344, 0xE344, 0xE344, 0xE344,
  0xE344, 0xE344, 0xE344, 0xE345, 0xE345, 0xE365, 0xE365, 0xE365, 0xE365, 0xE365, 0xE365, 0xE364,
  0xE364, 0xE364, 0xE384, 0xE384, 0xE384, 0xE384, 0xE384, 0xE384, 0xE3A4, 0xE3A4, 0xE3A4, 0xE3A4,
  0xE3A4, 0xE3A4, 0xE3A4, 0xE3A4, 0xE3A4, 0xE3A4, 0xE3A4, 0xE3A4, 0xE3A4, 0xE3A4, 0xE3A4, 0xE3C4,
  0xE3C4, 0xE3C4, 0xE3C4, 0xE3C4, 0xE3C4, 0xE3C4, 0xE3C4, 0xE3C4, 0xE3C4, 0xE3C4, 0xE3C4, 0xE3C4,
  0xE3C4, 0xE3C4, 0xE3C4, 0xE3C4, 0xE3C4, 0xE3C4, 0xE3C4, 0xE3C4, 0xE3C4, 0xE3C4, 0xE3A4, 0xE3A4,
  0xE3A4, 0xE3A4, 0xE3A4, 0xE3A4, 0xE3A4, 0xE3A4, 0xE3A4, 0xE3A4, 0xE3A4, 0xE3A4, 0xE3A4, 0xE3A4,
  0xE3A4, 0xE3A4, 0xE384, 0xE384, 0xE384, 0xE384, 0xE384, 0xE384, 0xE384, 0xE364, 0xE364, 0xEB64,
  0xE364, 0xE364, 0xE364, 0xE364, 0xE364, 0xE344, 0xE344, 0xE344, 0xE344, 0xE344, 0xE344, 0xE344,
  0xE344, 0xE344, 0xE344, 0xE344, 0xE344, 0xE344, 0xE344, 0xE344, 0xE344, 0xE324, 0xE324, 0xDB24,
  0xDB24, 0xDB24, 0xDB24, 0xDB24, 0xDB04, 0xDB04, 0xDB04, 0xDB04, 0xDB04, 0xDB03, 0xDB03, 0xDB03,
  0xDB03, 0xDB03, 0xDB03, 0xDB03, 0xDB03, 0xDB04, 0xDB04, 0xDB04, 0xDAE4, 0xDAE3, 0xD2E3, 0xD2E3,
  0xD2C4, 0xD2C3, 0xD2C3, 0xD2C4, 0xD2C4, 0xD2C4, 0xD2C4, 0xD2C4, 0xD2A4, 0xD2A4, 0xD2A4, 0xD2A4,
  0xD2A4, 0xD2A4, 0xD2A4, 0xD2A4, 0xD2A4, 0xD2A4, 0xCAA3, 0xCAA3, 0xCAA4, 0xCAA4, 0xCAA4, 0xCAA4,
  0xC264, 0xC264, 0xC264, 0xC264, 0xC264, 0xC264, 0xC284, 0xC284, 0xC284, 0xC284, 0xCA84, 0xCA84,
  0xCA84, 0xCA84, 0xCA84, 0xCA84, 0xCA83, 0xCA83, 0xCA83, 0xCA83, 0xCA83, 0xCA83, 0xCA83, 0xCA83,
  0xCA83, 0xCA83, 0xCA83, 0xCA83, 0xCA83, 0xCA83, 0xCA83, 0xCA83, 0xD2A3, 0xD2A3, 0xD2A3, 0xD2A3,
  0xD2A3, 0xD283, 0xD2A3, 0xD2A3, 0xD2A3, 0xD2A4, 0xD2A4, 0xD2A4, 0xD2A4, 0xD2A4, 0xD2A4, 0xD2C4,
  0xD2C4, 0xD2C4, 0xD2C4, 0xD2E4, 0xD2E4, 0xDAE4, 0xDAE4, 0xDAE4, 0xDAE4, 0xDB04, 0xDB04, 0xDB04,
  0xDB03, 0xDB03, 0xDB03, 0xDB04, 0xDB04, 0xDB04, 0xDB04, 0xDB04, 0xDB04, 0xDB04, 0xDB04, 0xDB24,
  0xE324, 0xE324, 0xE324, 0xE324, 0xE324, 0xE324, 0xE324, 0xE344, 0xE344, 0xE344, 0xE344, 0xE344,
  0xE344, 0xE344, 0xE344, 0xE345, 0xE345, 0xE345, 0xE365, 0xE365, 0xE365, 0xE365, 0xE365, 0xE364,
  0xE364, 0xE364, 0xE384, 0xE384, 0xE384, 0xE384, 0xE384, 0xE384, 0xE3A4, 0xE3A4, 0xE3A4, 0xE3A4,
  0xE3A4, 0xE3A4, 0xE3A4, 0xE3A4, 0xE3A4, 0xE3A4, 0xE3A4, 0xE3A4, 0xE3A4, 0xE3A4, 0xE3A4, 0xE3C4,
  0xE3C4, 0xE3C4, 0xE3C4, 0xE3C4, 0xE3C4, 0xE3C4, 0xE3C4, 0xE3C4, 0xE3C4, 0xE3C4, 0xE3C4, 0xE3C4,
  0xE3C4, 0xE3C4, 0xE3C4, 0xE3C4, 0xE3C4, 0xE3C4, 0xE3C4, 0xE3C4, 0xE3C4, 0xE3C4, 0xE3C4, 0xE3A4,
  0xE3A4, 0xE3A4, 0xE3A4, 0xE3A4, 0xE3A4, 0xE3A4, 0xE3A4, 0xE3A4, 0xE3A4, 0xE3A4, 0xE3A4, 0xE3A4,
  0xE3A4, 0xE3A4, 0xE384, 0xE384, 0xE384, 0xE384, 0xE384, 0xE384, 0xE364, 0xE364, 0xEB64, 0xEB64,
  0xEB64, 0xE364, 0xE364, 0xE364, 0xE364, 0xE344, 0xE344, 0xE344, 0xE344, 0xE344, 0xE344, 0xE344,
  0xE344, 0xE344, 0xE344, 0xE344, 0xE344, 0xE344, 0xE344, 0xE324, 0xE324, 0xE324, 0xE324, 0xDB24,
  0xDB24, 0xDB24, 0xDB24, 0xDB04, 0xDB04, 0xDB04, 0xDB04, 0xDB04, 0xDB03, 0xDB03, 0xDB03, 0xDB03,
  0xDB03, 0xDB03, 0xDB03, 0xDB03, 0xDB03, 0xDB04, 0xDB04, 0xDAE4, 0xDAE4, 0xD2E3, 0xD2C3, 0xD2C3,
  0xD2C3, 0xD2C3, 0xD2C3, 0xD2C4, 0xD2C4, 0xD2C4, 0xD2A4, 0xD2A4, 0xD2A4, 0xD2A4, 0xD2A4, 0xD2A4,
  0xD2A4, 0xD2A4, 0xD2A4, 0xD2A4, 0xD2A4, 0xD2A4, 0xD2A3, 0xD2A3, 0xCAA4, 0xCAA4, 0xCA84, 0xCA84,
  0xC264, 0xC263, 0xC263, 0xC263, 0xC264, 0xC264, 0xC264, 0xC264, 0xC284, 0xC284, 0xC284, 0xC284,
  0xCA84, 0xCA84, 0xCA84, 0xCA84, 0xCA83, 0xCA83, 0xCA83, 0xCA83, 0xCA83, 0xCA83, 0xCA83, 0xCA83,
  0xCA83, 0xCA83, 0xCA83, 0xCA83, 0xCA83, 0xCA83, 0xD283, 0xD283, 0xD283, 0xD283, 0xD2A3, 0xD2A3,
  0xD283, 0xD283, 0xD2A3, 0xD2A3, 0xD2A3, 0xD2A4, 0xD2A4, 0xD2A4, 0xD2A4, 0xD2A4, 0xD2A4, 0xD2C4,
  0xD2C4, 0xD2C4, 0xD2C4, 0xDAE4, 0xDAE4, 0xDAE4, 0xDAE4, 0xDAE4, 0xDAE4, 0xDAE4, 0xDAE4, 0xDAE4,
  0xDB03, 0xDB03, 0xDB03, 0xDB04, 0xDB04, 0xDB04, 0xDB04, 0xDB04, 0xDB04, 0xDB04, 0xDB04, 0xDB04,
  0xE324, 0xE324, 0xE324, 0xE324, 0xE324, 0xE324, 0xE324, 0xE344, 0xE344, 0xE344, 0xE344, 0xE344,
  0xE344, 0xE344, 0xE344, 0xE344, 0xE345, 0xE345, 0xE345, 0xE345, 0xE345, 0xE365, 0xE364, 0xE364,
  0xE364, 0xE364, 0xE384, 0xE384, 0xE384, 0xE384, 0xE384, 0xE384, 0xE3A4, 0xE3A4, 0xE3A4, 0xE3A4,
  0xE3A4, 0xE3A4, 0xE3A4, 0xE3A4, 0xE3A4, 0xE3A4, 0xE3A4, 0xE3A4, 0xE3A4, 0xE3A4, 0xE3A4, 0xE3C4,
  0xE3C4, 0xE3C4, 0xE3C4, 0xE3C4, 0xE3C4, 0xE3C4, 0xE3C4, 0xE3C4, 0xE3C4, 0xE3C4, 0xE3C4, 0xE3C4,
  0xE3C4, 0xE3C4, 0xE3C4, 0xE3C4, 0xE3C4, 0xE3C4, 0xE3C4, 0xE3C4, 0xE3C4, 0xE3C4, 0xE3C4, 0xE3A4,
  0xE3A4, 0xE3A4, 0xE3A4, 0xE3A4, 0xE3A4, 0xE3A4, 0xE3A4, 0xE3A4, 0xE3A4, 0xE3A4, 0xE3A4, 0xE3A4,
  0xE3A4, 0xE3A4, 0xE384, 0xE384, 0xE384, 0xE384, 0xE384, 0xE384, 0xE364, 0xE364, 0xE364, 0xEB64,
  0xEB64, 0xE364, 0xE364, 0xE364, 0xE364, 0xE344, 0xE344, 0xE344, 0xE344, 0xE344, 0xE344, 0xE344,
  0xE344, 0xE344, 0xE344, 0xE344, 0xE344, 0xE324, 0xE324, 0xE324, 0xE324, 0xE324, 0xE324, 0xE324,
  0xE324, 0xDB24, 0xDB24, 0xDB04, 0xDB04, 0xDB04, 0xDB04, 0xDB04, 0xDB03, 0xDB03, 0xDB03, 0xDB03,
  0xDB03, 0xDB03, 0xDB03, 0xDB03, 0xDB03, 0xDAE4, 0xDAE4, 0xDAE4, 0xDAE4, 0xD2C3, 0xD2C3, 0xD2C3,
  0xD2C3, 0xD2C3, 0xD2C3, 0xD2C4, 0xD2C4, 0xD2A4, 0xD2A4, 0xD2A4, 0xD2A4, 0xD2A4, 0xD2A4, 0xD2A4,
  0xD2A4, 0xD2A4, 0xD2A4, 0xD2A4, 0xD2A4, 0xD2A3, 0xD2A3, 0xD2A3, 0xCAA4, 0xCA84, 0xCA83, 0xCA83,
  0xC264, 0xC263, 0xC263, 0xC263, 0xC263, 0xC263, 0xC264, 0xC264, 0xC264, 0xC264, 0xC264, 0xC264,
  0xC264, 0xCA84, 0xCA84, 0xCA84, 0xCA83, 0xCA83, 0xCA83, 0xCA83, 0xCA83, 0xCA83, 0xCA83, 0xCA83,
  0xCA83, 0xCA83, 0xCA83, 0xCA83, 0xCA83, 0xCA83, 0xCA83, 0xCA83, 0xD283, 0xD283, 0xD283, 0xD283,
  0xD283, 0xD283, 0xD2A3, 0xD2A3, 0xD2A3, 0xD2A3, 0xD2A4, 0xD2A4, 0xD2A4, 0xD2A4, 0xD2A4, 0xD2C4,
  0xD2C4, 0xD2C4, 0xD2C4, 0xD2C4, 0xDAC4, 0xDAE4, 0xDAE4, 0xDAE4, 0xDAE4, 0xDAE4, 0xDAE4, 0xDAE4,
  0xDB03, 0xDB03, 0xDB03, 0xDB03, 0xDB03, 0xDB04, 0xDB04, 0xDB04, 0xDB04, 0xDB04, 0xDB04, 0xDB04,
  0xDB24, 0xE324, 0xE324, 0xE324, 0xE324, 0xE324, 0xE324, 0xE344, 0xE344, 0xE344, 0xE344, 0xE344,
  0xE344, 0xE344, 0xE344, 0xE344, 0xE344, 0xE344, 0xE344, 0xE344, 0xE344, 0xE364, 0xE364, 0xE364,
  0xE364, 0xE364, 0xE384, 0xE384, 0xE384, 0xE384, 0xE384, 0xE384, 0xE3A4, 0xE3A4, 0xE3A4, 0xE3A4,
  0xE3A4, 0xE3A4, 0xE3A4, 0xE3A4, 0xE3A4, 0xE3A4, 0xE3A4, 0xE3A4, 0xE3A4, 0xE3A4, 0xE3A4, 0xE3C4,
  0xE3C4, 0xE3C4, 0xE3C4, 0xE3C4, 0xE3C4, 0xE3C4, 0xE3C4, 0xE3C4, 0xE3C4, 0xE3C4, 0xE3C4, 0xE3C4,
  0xE3C4, 0xE3C4, 0xE3C4, 0xE3C4, 0xE3C4, 0xE3C4, 0xE3C4, 0xE3C4, 0xE3C4, 0xE3C4, 0xE3C4, 0xE3A4,
  0xE3A4, 0xE3A4, 0xE3A4, 0xE3A4, 0xE3A4, 0xE3A4, 0xE3A4, 0xE3A4, 0xE3A4, 0xE3A4, 0xE3A4, 0xE3A4,
  0xE3A4, 0xE3A4, 0xE384, 0xE384, 0xE384, 0xE384, 0xE384, 0xE384, 0xE364, 0xE364, 0xE364, 0xEB64,
  0xE364, 0xE364, 0xE364, 0xE364, 0xE364, 0xE344, 0xE344, 0xE344, 0xE344, 0xE344, 0xE344, 0xE344,
  0xE344, 0xE344, 0xE344, 0xE344, 0xE324, 0xE324, 0xE324, 0xE324, 0xE324, 0xE324, 0xE324, 0xE324,
  0xDB24, 0xDB24, 0xDB04, 0xDB04, 0xDB04, 0xDB04, 0xDB04, 0xDB04, 0xDB03, 0xDB03, 0xDB03, 0xDB03,
  0xDB03, 0xDB03, 0xDAE3, 0xDAE3, 0xDAE3, 0xDAE4, 0xDAE4, 0xDAE4, 0xDAE4, 0xD2C3, 0xD2C3, 0xD2C3,
  0xD2C3, 0xD2C3, 0xD2C3, 0xD2C3, 0xD2A3, 0xD2A4, 0xD2A4, 0xD2A3, 0xD2A4, 0xD2A4, 0xD2A4, 0xD2A4,
  0xD2A4, 0xD2A4, 0xD2A4, 0xD2A4, 0xD283, 0xD283, 0xD283, 0xD283, 0xCA84, 0xCA84, 0xCA84, 0xCA84,
  0xC264, 0xC263, 0xC263, 0xC263, 0xC263, 0xC263, 0xC263, 0xC264, 0xC264, 0xC264, 0xC264, 0xC264,
  0xC264, 0xCA64, 0xCA64, 0xCA64, 0xCA63, 0xCA63, 0xCA83, 0xCA83, 0xCA83, 0xCA83, 0xCA83, 0xCA83,
  0xCA83, 0xCA83, 0xCA83, 0xCA83, 0xCA83, 0xCA83, 0xCA83, 0xCA83, 0xD283, 0xD283, 0xD283, 0xD283,
  0xD283, 0xD283, 0xD283, 0xD2A3, 0xD2A3, 0xD2A3, 0xD2A3, 0xD2A4, 0xD2A4, 0xD2A4, 0xD2A4, 0xD2A4,
  0xD2C4, 0xD2C4, 0xD2C4, 0xD2C4, 0xDAC4, 0xDAE4, 0xDAE4, 0xDAE4, 0xDAE4, 0xDAE4, 0xDAE4, 0xDAE3,
  0xDAE3, 0xDAE3, 0xDAE3, 0xDB03, 0xDB03, 0xDB03, 0xDB04, 0xDB04, 0xDB04, 0xDB04, 0xDB04, 0xDB04,
  0xDB24, 0xDB24, 0xE324, 0xE324, 0xE324, 0xE324, 0xE324, 0xE344, 0xE344, 0xE344, 0xE344, 0xE344,
  0xE344, 0xE344, 0xE344, 0xE344, 0xE344, 0xE344, 0xE344, 0xE344, 0xE344, 0xE344, 0xE364, 0xE364,
  0xE364, 0xE364, 0xE384, 0xE384, 0xE384, 0xE384, 0xE384, 0xE384, 0xE3A4, 0xE3A4, 0xE3A4, 0xE3A4,
  0xE3A4, 0xE3A4, 0xE3A4, 0xE3A4, 0xE3A4, 0xE3A4, 0xE3A4, 0xE3A4, 0xE3A4, 0xE3A4, 0xE3A4, 0xE3C4,
  0xE3C4, 0xE3C4, 0xE3C4, 0xE3C4, 0xE3C4, 0xE3C4, 0xE3C4, 0xE3C4, 0xE3C4, 0xE3C4, 0xE3C4, 0xE3C4,
  0xE3C4, 0xE3C4, 0xE3C4, 0xE3C4, 0xE3C4, 0xE3C4, 0xE3C4, 0xE3C4, 0xE3C4, 0xE3C4, 0xE3C4, 0xE3A4,
  0xE3A4, 0xE3A4, 0xE3A4, 0xE3A4, 0xE3A4, 0xE3A4, 0xE3A4, 0xE3A4, 0xE3A4, 0xE3A4, 0xE3A4, 0xE3A4,
  0xE3A4, 0xE3A4, 0xE384, 0xE384, 0xE384, 0xE384, 0xE384, 0xE384, 0xE364, 0xE364, 0xE364, 0xE364,
  0xE364, 0xE364, 0xE364, 0xE364, 0xE344, 0xE344, 0xE344, 0xE344, 0xE344, 0xE344, 0xE344, 0xE344,
  0xE344, 0xE344, 0xE344, 0xE324, 0xE324, 0xE324, 0xE324, 0xE324, 0xE324, 0xE324, 0xE324, 0xE324,
  0xE324, 0xDB04, 0xDB04, 0xDB04, 0xDB04, 0xDB04, 0xDB04, 0xDB04, 0xDB03, 0xDB03, 0xDB03, 0xDB03,
  0xDAE3, 0xDAE3, 0xDAE3, 0xDAE3, 0xDAE3, 0xDAE3, 0xDAE4, 0xDAE4, 0xDAE4, 0xD2C3, 0xD2C3, 0xD2C3,
  0xD2C3, 0xD2C3, 0xD2C3, 0xD2A3, 0xD2A3, 0xD2A3, 0xD2A3, 0xD2A3, 0xD2A3, 0xD2A4, 0xD2A4, 0xD2A4,
  0xD2A4, 0xD2A3, 0xD283, 0xD283, 0xD283, 0xD283, 0xD283, 0xD283, 0xCA83, 0xCA84, 0xCA84, 0xCA84,
  0xC244, 0xC263, 0xC263, 0xC263, 0xC263, 0xC264, 0xC264, 0xC264, 0xC264, 0xC264, 0xC264, 0xC264,
  0xC264, 0xCA64, 0xCA64, 0xCA64, 0xCA63, 0xCA63, 0xCA63, 0xCA63, 0xCA63, 0xCA63, 0xCA63, 0xCA63,
  0xCA63, 0xCA63, 0xCA63, 0xCA63, 0xCA83, 0xCA83, 0xCA83, 0xCA83, 0xD283, 0xD283, 0xD283, 0xD283,
  0xD283, 0xD283, 0xD283, 0xD283, 0xD2A3, 0xD2A3, 0xD2A3, 0xD2A4, 0xD2A4, 0xD2A4, 0xD2A4, 0xD2A4,
  0xD2C4, 0xD2C4, 0xD2C4, 0xDAC4, 0xDAC4, 0xDAC4, 0xDAE3, 0xDAE4, 0xDAE4, 0xDAE3, 0xDAE3, 0xDAE3,
  0xDAE3, 0xDAE3, 0xDAE3, 0xDAE3, 0xDAE3, 0xDB03, 0xDB04, 0xDB04, 0xDB04, 0xDB04, 0xDB04, 0xDB04,
  0xDB24, 0xDB24, 0xDB24, 0xE324, 0xE324, 0xE324, 0xE324, 0xE324, 0xE324, 0xE344, 0xE344, 0xE344,
  0xE344, 0xE344, 0xE344, 0xE344, 0xE344, 0xE344, 0xE344, 0xE344, 0xE344, 0xE344, 0xE364, 0xE364,
  0xE364, 0xE364, 0xE384, 0xE384, 0xE384, 0xE384, 0xE384, 0xE384, 0xE3A4, 0xE3A4, 0xE3A4, 0xE3A4,
  0xE3A4, 0xE3A4, 0xE3A4, 0xE3A4, 0xE3A4, 0xE3A4, 0xE3A4, 0xE3A4, 0xE3A4, 0xE3A4, 0xE3A4, 0xE3C4,
  0xE3C4, 0xE3C4, 0xE3C4, 0xE3C4, 0xE3C4, 0xE3C4, 0xE3C4, 0xE3C4, 0xE3C4, 0xE3C4, 0xE3C4, 0xE3C4,
  0xE3C4, 0xE3C4, 0xE3C4, 0xE3C4, 0xE3C4, 0xE3C4, 0xE3C4, 0xE3C4, 0xE3C4, 0xE3C4, 0xE3C4, 0xE3A4,
  0xE3A4, 0xE3A4, 0xE3A4, 0xE3A4, 0xE3A4, 0xE3A4, 0xE3A4, 0xE3A4, 0xE3A4, 0xE3A4, 0xE3A4, 0xE3A4,
  0xE3A4, 0xE3A4, 0xE384, 0xE384, 0xE384, 0xE384, 0xE384, 0xE384, 0xE364, 0xE364, 0xE364, 0xE364,
  0xE364, 0xE364, 0xE364, 0xE344, 0xE344, 0xE344, 0xE344, 0xE344, 0xE344, 0xE344, 0xE324, 0xE324,
  0xE324, 0xE324, 0xE324, 0xE324, 0xE324, 0xE324, 0xE324, 0xE324, 0xE324, 0xE324, 0xE324, 0xE304,
  0xE304, 0xDB04, 0xDB04, 0xDB04, 0xDB04, 0xDB04, 0xDB04, 0xDB04, 0xDB03, 0xDAE3, 0xDAE3, 0xDAE3,
  0xDAE3, 0xDAE3, 0xDAE3, 0xDAE3, 0xDAE3, 0xDAC3, 0xDAC3, 0xDAC4, 0xDAC4, 0xD2C3, 0xD2C3, 0xD2C3,
  0xD2C3, 0xD2C3, 0xD2A3, 0xD2A3, 0xD2A3, 0xD2A3, 0xD2A3, 0xD2A3, 0xD2A3, 0xD283, 0xD283, 0xD283,
  0xD283, 0xD283, 0xD283, 0xD283, 0xD283, 0xD283, 0xD283, 0xD283, 0xCA83, 0xCA84, 0xCA84, 0xCA84,
  0xC243, 0xC243, 0xC243, 0xC243, 0xC243, 0xC244, 0xC244, 0xC244, 0xC244, 0xC244, 0xC264, 0xC264,
  0xC264, 0xC264, 0xC264, 0xC264, 0xCA63, 0xCA63, 0xCA63, 0xCA63, 0xCA63, 0xCA63, 0xCA63, 0xCA63,
  0xCA63, 0xCA63, 0xCA63, 0xCA63, 0xCA63, 0xCA63, 0xCA63, 0xCA63, 0xCA83, 0xCA83, 0xCA83, 0xD283,
  0xD283, 0xD283, 0xD283, 0xD283, 0xD283, 0xD2A3, 0xD2A3, 0xD2A3, 0xD2A4, 0xD2A4, 0xD2A4, 0xD2A4,
  0xD2A4, 0xD2C4, 0xD2C4, 0xD2C4, 0xDAC4, 0xDAC4, 0xDAC3, 0xDAE4, 0xDAE4, 0xDAE3, 0xDAE3, 0xDAE3,
  0xDAE3, 0xDAE3, 0xDAE3, 0xDAE3, 0xDAE3, 0xDAE3, 0xDAE3, 0xDAE3, 0xDB03, 0xDB03, 0xDB04, 0xDB04,
  0xDB04, 0xDB24, 0xDB24, 0xDB24, 0xE324, 0xE324, 0xE324, 0xE324, 0xE324, 0xE344, 0xE344, 0xE344,
  0xE344, 0xE344, 0xE344, 0xE344, 0xE344, 0xE344, 0xE344, 0xE344, 0xE344, 0xE344, 0xE364, 0xE364,
  0xE364, 0xE364, 0xE384, 0xE384, 0xE384, 0xE384, 0xE384, 0xE384, 0xE3A4, 0xE3A4, 0xE3A4, 0xE3A4,
  0xE3A4, 0xE3A4, 0xE3A4, 0xE3A4, 0xE3A4, 0xE3A4, 0xE3A4, 0xE3A4, 0xE3A4, 0xE3A4, 0xE3A4, 0xE3C4,
  0xE3C4, 0xE3C4, 0xE3C4, 0xE3C4, 0xE3C4, 0xE3C4, 0xE3C4, 0xE3C4, 0xE3C4, 0xE3C4, 0xE3C4, 0xE3C4,
  0xE3C4, 0xE3C4, 0xE3C4, 0xE3C4, 0xE3C4, 0xE3C4, 0xE3C4, 0xE3C4, 0xE3C4, 0xE3C4, 0xE3C4, 0xE3A4,
  0xE3A4, 0xE3A4, 0xE3A4, 0xE3A4, 0xE3A4, 0xE3A4, 0xE3A4, 0xE3A4, 0xE3A4, 0xE3A4, 0xE3A4, 0xE3A4,
  0xE3A4, 0xE3A4, 0xE384, 0xE384, 0xE384, 0xE384, 0xE384, 0xE384, 0xE364, 0xE364, 0xE364, 0xE364,
  0xE364, 0xE364, 0xE364, 0xE344, 0xE344, 0xE344, 0xE344, 0xE344, 0xE344, 0xE344, 0xE324, 0xE324,
  0xE324, 0xE324, 0xE324, 0xE324, 0xE324, 0xE324, 0xE324, 0xE324, 0xE324, 0xE324, 0xE304, 0xE304,
  0xE304, 0xDB04, 0xDB04, 0xDB04, 0xDB04, 0xDB04, 0xDAE3, 0xDAE3, 0xDAE3, 0xDAE3, 0xDAE3, 0xDAE3,
  0xDAE3, 0xDAE3, 0xDAE3, 0xDAC3, 0xDAC3, 0xDAC3, 0xDAC3, 0xD2C3, 0xD2C3, 0xD2C3, 0xD2C3, 0xD2C3,
  0xD2C3, 0xD2A3, 0xD2A3, 0xD2A3, 0xD2A3, 0xD2A3, 0xD2A3, 0xD2A3, 0xD283, 0xD283, 0xD283, 0xD283,
  0xD283, 0xD283, 0xD283, 0xD283, 0xD283, 0xD283, 0xD283, 0xD283, 0xCA83, 0xCA64, 0xCA64, 0xCA64,
  0xC243, 0xC243, 0xC243, 0xC243, 0xC243, 0xC243, 0xC243, 0xC243, 0xC244, 0xC244, 0xC244, 0xC244,
  0xC264, 0xC264, 0xC264, 0xC264, 0xCA63, 0xCA63, 0xCA63, 0xCA63, 0xCA63, 0xCA63, 0xCA63, 0xCA63,
  0xCA63, 0xCA63, 0xCA63, 0xCA63, 0xCA63, 0xCA63, 0xCA63, 0xCA63, 0xCA63, 0xCA63, 0xCA63, 0xCA83,
  0xD283, 0xD283, 0xD283, 0xD283, 0xD283, 0xD2A3, 0xD2A3, 0xD2A3, 0xD2A3, 0xD2A4, 0xD2A4, 0xD2A4,
  0xD2A4, 0xD2A4, 0xD2C4, 0xDAC3, 0xDAC4, 0xDAC3, 0xDAC3, 0xDAC3, 0xDAC3, 0xDAE3, 0xDAE3, 0xDAE3,
  0xDAE3, 0xDAE3, 0xDAE3, 0xDAE3, 0xDAE3, 0xDAE3, 0xDAE3, 0xDAE3, 0xDAE3, 0xDAE3, 0xDB03, 0xDB04,
  0xDB04, 0xDB04, 0xDB24, 0xDB24, 0xE324, 0xE324, 0xE324, 0xE324, 0xE324, 0xE324, 0xE344, 0xE344,
  0xE344, 0xE344, 0xE344, 0xE344, 0xE344, 0xE344, 0xE344, 0xE344, 0xE344, 0xE344, 0xE364, 0xE364,
  0xE364, 0xE364, 0xE384, 0xE384, 0xE384, 0xE384, 0xE384, 0xE384, 0xE3A4, 0xE3A4, 0xE3A4, 0xE3A4,
  0xE3A4, 0xE3A4, 0xE3A4, 0xE3A4, 0xE3A4, 0xE3A4, 0xE3A4, 0xE3A4, 0xE3A4, 0xE3A4, 0xE3A4, 0xE3C4,
  0xE3C4, 0xE3C4, 0xE3C4, 0xE3C4, 0xE3C4, 0xE3C4, 0xE3C4, 0xE3C4, 0xE3C4, 0xE3C4, 0xE3C4, 0xE3C4,
  0xE3C4, 0xE3C4, 0xE3C4, 0xE3C4, 0xE3C4, 0xE3C4, 0xE3C4, 0xE3C4, 0xE3C4, 0xE3C4, 0xE3C4, 0xE3A4,
  0xE3A4, 0xE3A4, 0xE3A4, 0xE3A4, 0xE3A4, 0xE3A4, 0xE3A4, 0xE3A4, 0xE3A4, 0xE3A4, 0xE3A4, 0xE3A4,
  0xE3A4, 0xE3A4, 0xE384, 0xE384, 0xE384, 0xE384, 0xE384, 0xE384, 0xE364, 0xE364, 0xE364, 0xE364,
  0xE364, 0xE364, 0xE344, 0xE344, 0xE344, 0xE344, 0xE344, 0xE344, 0xE344, 0xE324, 0xE324, 0xE324,
  0xE324, 0xE324, 0xE324, 0xE324, 0xE324, 0xE324, 0xE324, 0xE324, 0xE324, 0xE304, 0xE304, 0xE304,
  0xE304, 0xE304, 0xDB04, 0xDB04, 0xDB04, 0xDAE4, 0xDAE3, 0xDAE3, 0xDAE3, 0xDAE3, 0xDAE3, 0xDAE3,
  0xDAE3, 0xDAE3, 0xDAC3, 0xDAC3, 0xDAC3, 0xDAC3, 0xDAC3, 0xD2C3, 0xD2C3, 0xD2C3, 0xD2C3, 0xD2C3,
  0xD2A3, 0xD2A3, 0xD2A3, 0xD2A3, 0xD2A3, 0xD2A3, 0xD2A3, 0xD283, 0xD283, 0xD283, 0xD283, 0xD283,
  0xD283, 0xD283, 0xD283, 0xD283, 0xD283, 0xD283, 0xD283, 0xCA63, 0xCA63, 0xCA64, 0xCA64, 0xCA64,
  0xC223, 0xC223, 0xC223, 0xC223, 0xC243, 0xC243, 0xC243, 0xC243, 0xC244, 0xC244, 0xC244, 0xC244,
  0xC264, 0xC264, 0xC264, 0xC264, 0xC264, 0xCA63, 0xCA63, 0xCA63, 0xCA63, 0xCA63, 0xCA63, 0xCA63,
  0xCA63, 0xCA63, 0xCA63, 0xCA63, 0xCA63, 0xCA63, 0xCA63, 0xCA63, 0xCA63, 0xCA63, 0xCA63, 0xD263,
  0xD283, 0xD283, 0xD283, 0xD283, 0xD283, 0xD2A3, 0xD2A3, 0xD2A3, 0xD2A3, 0xD2A3, 0xD2A4, 0xD2A4,
  0xD2A4, 0xDAA4, 0xDAC3, 0xDAC3, 0xDAC3, 0xDAC3, 0xDAC3, 0xDAC3, 0xDAC3, 0xDAC3, 0xDAE3, 0xDAE3,
  0xDAE3, 0xDAE3, 0xDAE3, 0xDAE3, 0xDAE3, 0xDAE3, 0xDAE3, 0xDAE3, 0xDAE3, 0xDAE3, 0xDAE3, 0xDB04,
  0xDB04, 0xDB04, 0xDB24, 0xDB24, 0xDB24, 0xE324, 0xE324, 0xE324, 0xE324, 0xE324, 0xE344, 0xE344,
  0xE344, 0xE344, 0xE344, 0xE344, 0xE344, 0xE344, 0xE344, 0xE344, 0xE364, 0xE364, 0xE364, 0xE364,
  0xE364, 0xE364, 0xE384, 0xE384, 0xE384, 0xE384, 0xE384, 0xE384, 0xE3A4, 0xE3A4, 0xE3A4, 0xE3A4,
  0xE3A4, 0xE3A4, 0xE3A4, 0xE3A4, 0xE3A4, 0xE3A4, 0xE3A4, 0xE3A4, 0xE3A4, 0xE3A4, 0xE3A4, 0xE3C4,
  0xE3C4, 0xE3C4, 0xE3C4, 0xE3C4, 0xE3C4, 0xE3C4, 0xE3C4, 0xE3C4, 0xE3C4, 0xE3C4, 0xE3C4, 0xE3C4,
  0xE3C4, 0xE3C4, 0xE3C4, 0xE3C4, 0xE3C4, 0xE3C4, 0xE3C4, 0xE3C4, 0xE3C4, 0xE3C4, 0xE3C4, 0xE3A4,
  0xE3A4, 0xE3A4, 0xE3A4, 0xE3A4, 0xE3A4, 0xE3A4, 0xE3A4, 0xE3A4, 0xE3A4, 0xE3A4, 0xE3A4, 0xE3A4,
  0xE3A4, 0xE3A4, 0xE384, 0xE384, 0xE384, 0xE384, 0xE384, 0xE384, 0xE364, 0xE364, 0xE364, 0xE364,
  0xE364, 0xE364, 0xE344, 0xE344, 0xE344, 0xE344, 0xE344, 0xE344, 0xE344, 0xE324, 0xE324, 0xE324,
  0xE324, 0xE324, 0xE324, 0xE324, 0xE324, 0xE324, 0xE324, 0xE324, 0xE324, 0xE304, 0xE304, 0xE304,
  0xE304, 0xE304, 0xDB04, 0xDB04, 0xDAE3, 0xDAE3, 0xDAE3, 0xDAE3, 0xDAE3, 0xDAE3, 0xDAE3, 0xDAE3,
  0xDAE3, 0xDAC3, 0xDAC3, 0xDAC3, 0xDAC3, 0xDAC3, 0xDAA3, 0xD2A3, 0xD2A3, 0xD2C3, 0xD2C3, 0xD2A3,
  0xD2A3, 0xD2A3, 0xD2A3, 0xD2A3, 0xD2A3, 0xD2A3, 0xD283, 0xCA83, 0xD283, 0xD283, 0xD283, 0xD283,
  0xD283, 0xD283, 0xD283, 0xD263, 0xD263, 0xD263, 0xD263, 0xCA63, 0xCA63, 0xCA64, 0xCA64, 0xCA64,
  0xC223, 0xC223, 0xC223, 0xC223, 0xC223, 0xC223, 0xC224, 0xC224, 0xC224, 0xC244, 0xC244, 0xC244,
  0xC244, 0xC264, 0xC264, 0xC264, 0xC264, 0xC264, 0xCA63, 0xCA63, 0xCA63, 0xCA63, 0xCA63, 0xCA63,
  0xCA63, 0xCA63, 0xCA63, 0xCA63, 0xCA63, 0xCA63, 0xCA63, 0xCA63, 0xCA63, 0xCA63, 0xCA63, 0xCA63,
  0xD283, 0xD283, 0xD283, 0xD283, 0xD283, 0xD2A3, 0xD2A3, 0xD2A3, 0xD2A3, 0xD2A3, 0xD2A3, 0xD2A3,
  0xD2A4, 0xDAA4, 0xDAC3, 0xDAC3, 0xDAC3, 0xDAC3, 0xDAC3, 0xDAC3, 0xDAC3, 0xDAC3, 0xDAC3, 0xDAE3,
  0xDAE3, 0xDAE3, 0xDAE3, 0xDAE3, 0xDAE3, 0xDAE3, 0xDAE3, 0xDAE3, 0xDAE3, 0xDAE3, 0xDAE3, 0xDB04,
  0xDB04, 0xDB04, 0xDB24, 0xDB24, 0xDB24, 0xDB24, 0xE324, 0xE324, 0xE324, 0xE324, 0xE344, 0xE344,
  0xE344, 0xE344, 0xE344, 0xE344, 0xE364, 0xE364, 0xE364, 0xE364, 0xE364, 0xE364, 0xE364, 0xE364,
  0xE364, 0xE364, 0xE384, 0xE384, 0xE384, 0xE384, 0xE384, 0xE384, 0xE3A4, 0xE3A4, 0xE3A4, 0xE3A4,
  0xE3A4, 0xE3A4, 0xE3A4, 0xE3A4, 0xE3A4, 0xE3A4, 0xE3A4, 0xE3A4, 0xE3A4, 0xE3A4, 0xE3A4, 0xE3C4,
  0xE3C4, 0xE3C4, 0xE3C4, 0xE3C4, 0xE3C4, 0xE3C4, 0xE3C4, 0xE3C4, 0xE3C4, 0xE3C4, 0xE3C4, 0xE3C4,
  0xE3C4, 0xE3C4, 0xE3C4, 0xE3C4, 0xE3C4, 0xE3C4, 0xE3C4, 0xE3C4, 0xE3C4, 0xE3C4, 0xE3C4, 0xE3A4,
  0xE3A4, 0xE3A4, 0xE3A4, 0xE3A4, 0xE3A4, 0xE3A4, 0xE3A4, 0xE3A4, 0xE3A4, 0xE3A4, 0xE3A4, 0xE3A4,
  0xE3A4, 0xE3A4, 0xE384, 0xE384, 0xE384, 0xE384, 0xE384, 0xE384, 0xE364, 0xE364, 0xE364, 0xE364,
  0xE364, 0xE364, 0xE344, 0xE344, 0xE344, 0xE344, 0xE344, 0xE324, 0xE324, 0xE324, 0xE324, 0xE324,
  0xE324, 0xE324, 0xE324, 0xE324, 0xE324, 0xE324, 0xE324, 0xE324, 0xE324, 0xE304, 0xE304, 0xE304,
  0xE304, 0xE304, 0xDB04, 0xDB04, 0xDAE3, 0xDAE3, 0xDAE3, 0xDAE3, 0xDAE3, 0xDAE3, 0xDAE3, 0xDAE4,
  0xDAE4, 0xDAC4, 0xDAC3, 0xDAC3, 0xDAC3, 0xDAA4, 0xD2A3, 0xD2A3, 0xD2A3, 0xD2A3, 0xD2A3, 0xD2A3,
  0xD2A3, 0xD2A3, 0xD2A3, 0xD2A3, 0xD2A3, 0xD283, 0xCA83, 0xCA83, 0xD283, 0xD283, 0xD283, 0xD283,
  0xD263, 0xD263, 0xD263, 0xD263, 0xD263, 0xD263, 0xD263, 0xCA63, 0xCA63, 0xCA64, 0xCA64, 0xCA64,
  0xC223, 0xC223, 0xC223, 0xC223, 0xC223, 0xC223, 0xC223, 0xC224, 0xC224, 0xC224, 0xC224, 0xC224,
  0xC244, 0xC264, 0xC264, 0xC264, 0xC264, 0xC264, 0xCA63, 0xCA63, 0xCA63, 0xCA63, 0xCA63, 0xCA63,
  0xCA63, 0xCA63, 0xCA63, 0xCA63, 0xCA63, 0xCA63, 0xCA63, 0xCA63, 0xCA63, 0xCA63, 0xCA63, 0xD263,
  0xD283, 0xD283, 0xD283, 0xD283, 0xD283, 0xD283, 0xD2A3, 0xD2A3, 0xD2A3, 0xD2A3, 0xD2A3, 0xD2A3,
  0xD2A3, 0xDAA4, 0xDAA3, 0xDAA3, 0xDAC3, 0xDAC3, 0xDAC3, 0xDAC3, 0xDAC3, 0xDAC3, 0xDAC3, 0xDAE3,
  0xDAE3, 0xDAE3, 0xDAE3, 0xDAE3, 0xDAE3, 0xDAE3, 0xDAE3, 0xDAE3, 0xDAE3, 0xDAE3, 0xDAE3, 0xDB03,
  0xDB03, 0xDB04, 0xDB04, 0xDB24, 0xDB24, 0xDB24, 0xE324, 0xE324, 0xE324, 0xE324, 0xE344, 0xE344,
  0xE364, 0xE364, 0xE364, 0xE364, 0xE364, 0xE364, 0xE364, 0xE364, 0xE364, 0xE364, 0xE364, 0xE364,
  0xE364, 0xE364, 0xE384, 0xE384, 0xE384, 0xE384, 0xE384, 0xE384, 0xE3A4, 0xE3A4, 0xE3A4, 0xE3A4,
  0xE3A4, 0xE3A4, 0xE3A4, 0xE3A4, 0xE3A4, 0xE3A4, 0xE3A4, 0xE3A4, 0xE3A4, 0xE3A4, 0xE3A4, 0xE3C4,
  0xE3C4, 0xE3C4, 0xE3C4, 0xE3C4, 0xE3C4, 0xE3C4, 0xE3C4, 0xE3C4, 0xE3C4, 0xE3C4, 0xE3C4, 0xE3C4,
  0xE3C4, 0xE3C4, 0xE3C4, 0xE3C4, 0xE3C4, 0xE3C4, 0xE3C4, 0xE3C4, 0xE3C4, 0xE3C4, 0xE3C4, 0xE3A4,
  0xE3A4, 0xE3A4, 0xE3A4, 0xE3A4, 0xE3A4, 0xE3A4, 0xE3A4, 0xE3A4, 0xE3A4, 0xE3A4, 0xE3A4, 0xE3A4,
  0xE3A4, 0xE3A4, 0xE384, 0xE384, 0xE384, 0xE384, 0xE384, 0xE384, 0xE364, 0xE364, 0xE364, 0xE364,
  0xE364, 0xE344, 0xE344, 0xE344, 0xE344, 0xE344, 0xE344, 0xE324, 0xE324, 0xE324, 0xE324, 0xE324,
  0xE324, 0xE324, 0xE324, 0xE324, 0xE304, 0xE304, 0xE304, 0xE304, 0xE304, 0xE304, 0xE304, 0xE304,
  0xE304, 0xE304, 0xE304, 0xE2E4, 0xDAE3, 0xDAE3, 0xDAE3, 0xDAE3, 0xDAE3, 0xDAE3, 0xDAE3, 0xDAE4,
  0xDAC4, 0xDAC4, 0xDAC3, 0xDAC3, 0xDAA3, 0xDAA3, 0xD2A3, 0xD2A3, 0xD2A3, 0xD2A3, 0xD2A3, 0xD2A3,
  0xD2A3, 0xD2A3, 0xD2A3, 0xD2A3, 0xD283, 0xD283, 0xCA83, 0xCA83, 0xD283, 0xD263, 0xD263, 0xD263,
  0xD263, 0xD263, 0xD263, 0xD263, 0xD263, 0xD263, 0xD263, 0xD263, 0xCA63, 0xCA64, 0xCA64, 0xCA64,
  0xC223, 0xC223, 0xC223, 0xC223, 0xC223, 0xC223, 0xC223, 0xC223, 0xC223, 0xC223, 0xC223, 0xC223,
  0xC244, 0xC244, 0xC244, 0xC244, 0xC243, 0xCA43, 0xCA43, 0xCA63, 0xCA63, 0xCA63, 0xCA63, 0xCA63,
  0xCA63, 0xCA43, 0xCA43, 0xCA63, 0xCA63, 0xCA63, 0xCA63, 0xCA63, 0xCA63, 0xCA63, 0xD263, 0xD263,
  0xD283, 0xD283, 0xD283, 0xD283, 0xD283, 0xD283, 0xD283, 0xD283, 0xD2A3, 0xD2A3, 0xD2A3, 0xD2A3,
  0xD2A3, 0xD2A3, 0xDAA3, 0xDAA3, 0xDAA3, 0xDAC3, 0xDAC3, 0xDAC3, 0xDAC3, 0xDAC3, 0xDAC3, 0xDAC3,
  0xDAC3, 0xDAC3, 0xDAC3, 0xDAC3, 0xDAE3, 0xDAE3, 0xDAE3, 0xDAE3, 0xDAE3, 0xDAE3, 0xDAE3, 0xDB03,
  0xDB03, 0xDB04, 0xDB04, 0xDB04, 0xDB04, 0xDB24, 0xE324, 0xE324, 0xE324, 0xE324, 0xE324, 0xE344,
  0xE344, 0xE344, 0xE344, 0xE364, 0xE364, 0xE364, 0xE364, 0xE364, 0xE364, 0xE364, 0xE364, 0xE364,
  0xE364, 0xE364, 0xE364, 0xE384, 0xE384, 0xE384, 0xE384, 0xE384, 0xE3A4, 0xE3A4, 0xE3A4, 0xE3A4,
  0xE3A4, 0xE3A4, 0xE3A4, 0xE3A4, 0xE3A4, 0xE3A4, 0xE3A4, 0xE3A4, 0xE3A4, 0xE3A4, 0xE3A4, 0xE3C4,
  0xE3C4, 0xE3C4, 0xE3C4, 0xE3C4, 0xE3C4, 0xE3C4, 0xE3C4, 0xE3C4, 0xE3C4, 0xE3C4, 0xE3C4, 0xE3C4,
  0xE3C4, 0xE3C4, 0xE3C4, 0xE3C4, 0xE3C4, 0xEBC4, 0xEBC4, 0xEBC4, 0xE3C4, 0xE3A4, 0xE3A4, 0xE3A3,
  0xE3A4, 0xE3A4, 0xE3A4, 0xE3C4, 0xE3C4, 0xE3C4, 0xE3A4, 0xE3A4, 0xE3A4, 0xE3A4, 0xE3A4, 0xE3A4,
  0xE3A4, 0xE3A4, 0xE384, 0xE384, 0xE384, 0xE384, 0xE384, 0xE364, 0xE364, 0xE364, 0xE364, 0xE364,
  0xE364, 0xE344, 0xE344, 0xE344, 0xE344, 0xE344, 0xE344, 0xE344, 0xE324, 0xE324, 0xE324, 0xE324,
  0xE324, 0xE324, 0xE324, 0xE304, 0xE304, 0xE304, 0xE304, 0xE304, 0xE304, 0xE304, 0xE304, 0xE304,
  0xE2E4, 0xE2E4, 0xE2E4, 0xE2E3, 0xDAE3, 0xDAE3, 0xDAE3, 0xDAE3, 0xDAE3, 0xDAE3, 0xDAC3, 0xDAC3,
  0xDAC3, 0xDAC4, 0xDAC4, 0xDAA3, 0xDAA3, 0xDAA3, 0xDAA3, 0xDAA3, 0xD2A3, 0xD2A3, 0xD2A3, 0xD2A3,
  0xD2A3, 0xD2A3, 0xD283, 0xD283, 0xD283, 0xD283, 0xCA83, 0xCA83, 0xD283, 0xD263, 0xD263, 0xD263,
  0xD263, 0xD263, 0xD263, 0xD263, 0xD263, 0xD263, 0xD263, 0xCA63, 0xCA63, 0xCA64, 0xCA64, 0xCA64,
  0xC203, 0xC203, 0xC203, 0xC203, 0xC203, 0xC203, 0xC223, 0xC223, 0xC223, 0xC223, 0xC223, 0xC223,
  0xC223, 0xC224, 0xC244, 0xCA43, 0xCA43, 0xCA43, 0xCA43, 0xCA43, 0xCA43, 0xCA43, 0xCA43, 0xCA43,
  0xCA43, 0xCA43, 0xCA63, 0xCA63, 0xCA63, 0xCA63, 0xCA63, 0xCA63, 0xCA63, 0xCA63, 0xCA63, 0xCA63,
  0xD263, 0xD263, 0xD263, 0xD283, 0xD283, 0xD283, 0xD283, 0xD283, 0xD283, 0xD283, 0xD283, 0xD283,
  0xD283, 0xD2A3, 0xD2A3, 0xD2A3, 0xD2A3, 0xD2A3, 0xD2A3, 0xDAA3, 0xDAC3, 0xDAC3, 0xDAC3, 0xDAC3,
  0xDAC3, 0xDAC3, 0xDAC3, 0xDAC3, 0xDAC3, 0xDAE3, 0xDAE3, 0xDAE3, 0xDAE3, 0xDAE3, 0xDAE3, 0xE2E3,
  0xE303, 0xE303, 0xE304, 0xE304, 0xE304, 0xE304, 0xE324, 0xE324, 0xE324, 0xE324, 0xE324, 0xE344,
  0xE344, 0xE344, 0xE344, 0xE344, 0xE344, 0xE344, 0xE364, 0xE364, 0xE364, 0xE364, 0xE364, 0xE364,
  0xE364, 0xE364, 0xE364, 0xE364, 0xE364, 0xE384, 0xE384, 0xE384, 0xE384, 0xE384, 0xE3A4, 0xE3A4,
  0xE3A4, 0xE3A4, 0xE3A4, 0xE3A4, 0xE3A4, 0xE3A4, 0xE3A4, 0xE3A4, 0xE3A4, 0xE3A4, 0xE3A4, 0xE3C4,
  0xE3C4, 0xE3C4, 0xE3C4, 0xE3C4, 0xE3C4, 0xE3C4, 0xE3C4, 0xE3C4, 0xE3C4, 0xE3C4, 0xEBC4, 0xEBC4,
  0xE3A4, 0xDBA4, 0xE3C5, 0xE3C5, 0xEBC4, 0xEBC4, 0xF3C3, 0xEBC4, 0xEBA4, 0xDB83, 0xEBA3, 0xEBA3,
  0xEBA4, 0xE3A4, 0xE3A4, 0xE3C5, 0xE3E4, 0xE3E4, 0xDBC3, 0xDBA3, 0xE3A4, 0xE3C5, 0xE3A4, 0xE3A4,
  0xE3A4, 0xE384, 0xE384, 0xE384, 0xE384, 0xE384, 0xE364, 0xE364, 0xE364, 0xE364, 0xE364, 0xE364,
  0xE364, 0xE344, 0xE344, 0xE344, 0xE344, 0xE344, 0xE344, 0xE344, 0xE344, 0xE324, 0xE324, 0xE324,
  0xE324, 0xE324, 0xE324, 0xE304, 0xE304, 0xE304, 0xE304, 0xE304, 0xE304, 0xE303, 0xE2E3, 0xE2E3,
  0xDAE3, 0xDAE3, 0xDAE3, 0xDAE3, 0xDAE3, 0xDAE3, 0xDAC3, 0xDAC3, 0xDAC3, 0xE2C2, 0xE2C2, 0xDAA3,
  0xD2A3, 0xD2A4, 0xD2A4, 0xDAA3, 0xDAA3, 0xDA83, 0xDA83, 0xDA83, 0xD283, 0xD283, 0xD283, 0xD283,
  0xD283, 0xD283, 0xD283, 0xD283, 0xD283, 0xD263, 0xD263, 0xD263, 0xD263, 0xD263, 0xD263, 0xD263,
  0xCA63, 0xCA63, 0xCA63, 0xCA63, 0xCA63, 0xCA63, 0xCA63, 0xCA63, 0xCA63, 0xCA43, 0xCA43, 0xCA43,
  0xC203, 0xC203, 0xC203, 0xC203, 0xC203, 0xC203, 0xC223, 0xC223, 0xC223, 0xC223, 0xC223, 0xC223,
  0xC223, 0xCA24, 0xCA24, 0xCA24, 0xCA23, 0xCA43, 0xCA43, 0xCA43, 0xCA43, 0xCA43, 0xCA43, 0xCA43,
  0xCA43, 0xCA43, 0xCA43, 0xCA43, 0xCA43, 0xCA63, 0xCA63, 0xCA63, 0xCA63, 0xCA63, 0xCA63, 0xCA63,
  0xCA63, 0xD263, 0xCA63, 0xCA63, 0xCA63, 0xCA83, 0xD283, 0xD283, 0xD283, 0xD283, 0xD283, 0xD283,
  0xD283, 0xD283, 0xD2A3, 0xD2A3, 0xD2A3, 0xD2A3, 0xD2A3, 0xD2A3, 0xD2A3, 0xD2A3, 0xDAA3, 0xDAC4,
  0xDAC4, 0xDAC3, 0xDAC3, 0xDAC3, 0xDAC3, 0xDAC3, 0xDAC3, 0xDAE3, 0xDAE3, 0xDAE3, 0xDAE3, 0xE2E3,
  0xE2E3, 0xE303, 0xE303, 0xE303, 0xE304, 0xE304, 0xE304, 0xE324, 0xE324, 0xE324, 0xE324, 0xE324,
  0xE343, 0xE343, 0xE343, 0xE344, 0xE344, 0xE344, 0xE364, 0xE364, 0xE364, 0xE364, 0xE364, 0xE364,
  0xE364, 0xE364, 0xE364, 0xE364, 0xE364, 0xE384, 0xE384, 0xE384, 0xE384, 0xE384, 0xE3A4, 0xE3A4,
  0xE3A4, 0xE3A4, 0xE3A4, 0xE3A4, 0xE3A4, 0xE3A4, 0xE3A4, 0xE3A4, 0xE3A4, 0xE3A4, 0xE3A4, 0xE3C4,
  0xE3C4, 0xE3C4, 0xE3C4, 0xE3C4, 0xE3C4, 0xE3C4, 0xE3C4, 0xE3C4, 0xE3C4, 0xE3C4, 0xEBC4, 0xE3A4,
  0xE3A4, 0xDBA4, 0xE3C5, 0xE3C5, 0xEBC4, 0xEBC3, 0xF3C4, 0xEBE4, 0xEBC4, 0xDB84, 0xE3C4, 0xE3E5,
  0xEC06, 0xE3E6, 0xE3C5, 0xE3A4, 0xE3C4, 0xE3C3, 0xE3C3, 0xDBA3, 0xE3C4, 0xE3C5, 0xE3A4, 0xE3A4,
  0xE3A4, 0xEB84, 0xE384, 0xE384, 0xEB84, 0xE364, 0xE364, 0xEB64, 0xE364, 0xE364, 0xE364, 0xE364,
  0xE364, 0xE344, 0xE344, 0xE344, 0xE344, 0xE344, 0xE344, 0xE344, 0xE344, 0xE324, 0xE324, 0xE324,
  0xE324, 0xE324, 0xE324, 0xE304, 0xE304, 0xE304, 0xE304, 0xE304, 0xE304, 0xE303, 0xE2E3, 0xDAE3,
  0xDAE3, 0xDAE3, 0xDAE3, 0xDAE3, 0xDAE3, 0xDAC3, 0xDAC3, 0xDAC3, 0xDAC3, 0xDAC2, 0xDAA2, 0xD2A3,
  0xD2A3, 0xD2A4, 0xD2A4, 0xDAA3, 0xDA83, 0xDA83, 0xDA83, 0xD283, 0xD283, 0xD283, 0xD283, 0xD283,
  0xD283, 0xD283, 0xD263, 0xD263, 0xD263, 0xD263, 0xD263, 0xD263, 0xD263, 0xCA63, 0xCA63, 0xCA63,
  0xCA63, 0xCA63, 0xCA63, 0xCA63, 0xCA63, 0xCA63, 0xCA63, 0xCA63, 0xCA43, 0xCA43, 0xCA43, 0xCA43,
  0xC203, 0xC203, 0xC203, 0xC203, 0xC203, 0xC203, 0xC203, 0xC223, 0xC223, 0xC223, 0xC223, 0xC223,
  0xC223, 0xCA24, 0xCA24, 0xCA24, 0xCA23, 0xCA23, 0xCA23, 0xCA43, 0xCA43, 0xCA43, 0xCA43, 0xCA43,
  0xCA43, 0xCA43, 0xCA43, 0xCA43, 0xCA43, 0xCA43, 0xCA63, 0xCA63, 0xCA63, 0xCA63, 0xCA63, 0xCA63,
  0xCA63, 0xCA63, 0xCA63, 0xCA63, 0xCA63, 0xCA63, 0xCA63, 0xD263, 0xD283, 0xD283, 0xD283, 0xD283,
  0xD283, 0xD283, 0xD283, 0xD2A3, 0xD2A3, 0xD2A3, 0xD2A3, 0xD2A3, 0xD2A3, 0xD2A3, 0xDAA4, 0xDAA4,
  0xDAC4, 0xDAC4, 0xDAC3, 0xDAC3, 0xDAC3, 0xDAC3, 0xDAC3, 0xDAE3, 0xDAE3, 0xDAE3, 0xDAE3, 0xE2E3,
  0xE2E3, 0xE2E3, 0xE303, 0xE303, 0xE304, 0xE304, 0xE304, 0xE304, 0xE324, 0xE324, 0xE324, 0xE324,
  0xE323, 0xE323, 0xE343, 0xE344, 0xE344, 0xE344, 0xE344, 0xE364, 0xE364, 0xE364, 0xE364, 0xE364,
  0xE364, 0xE364, 0xE364, 0xE364, 0xE364, 0xE384, 0xE384, 0xE384, 0xE384, 0xE384, 0xE384, 0xE3A4,
  0xE3A4, 0xE3A4, 0xE3A4, 0xE3A4, 0xE3A4, 0xE3A4, 0xE3A4, 0xE3A4, 0xE3A4, 0xE3A4, 0xE3A4, 0xE3C4,
  0xE3C4, 0xE3C4, 0xE3C4, 0xE3C4, 0xE3C4, 0xE3C4, 0xE3C4, 0xE3C4, 0xE3C4, 0xE3C4, 0xE3A4, 0xE3A4,
  0xE3A4, 0xE3C5, 0xE3C5, 0xE3C4, 0xE3A4, 0xEBA3, 0xEBC4, 0xEBE5, 0xE3C5, 0xD385, 0xCBA6, 0xCBC7,
  0xDC08, 0xDBE7, 0xE3C6, 0xDB84, 0xE382, 0xE3A2, 0xE3C2, 0xE3C3, 0xE3C4, 0xE3A5, 0xE3A4, 0xE3A4,
  0xE3A4, 0xE384, 0xE384, 0xE384, 0xE364, 0xE364, 0xE364, 0xEB64, 0xE364, 0xE364, 0xE364, 0xE364,
  0xE344, 0xE344, 0xE344, 0xE344, 0xE344, 0xE344, 0xE344, 0xE324, 0xE324, 0xE324, 0xE323, 0xE323,
  0xE323, 0xE324, 0xE324, 0xE304, 0xE304, 0xE304, 0xE304, 0xE304, 0xE304, 0xE2E3, 0xE2E3, 0xDAE3,
  0xDAE3, 0xDAE3, 0xDAE3, 0xDAE3, 0xDAC3, 0xDAC3, 0xDAC3, 0xDAC3, 0xDAC3, 0xDAC3, 0xDAA3, 0xD2A3,
  0xD2A4, 0xD284, 0xD2A4, 0xDA83, 0xDA83, 0xDA83, 0xD263, 0xD263, 0xD283, 0xD283, 0xD283, 0xD283,
  0xD283, 0xD283, 0xD263, 0xD263, 0xD263, 0xD263, 0xD263, 0xD263, 0xCA63, 0xCA63, 0xCA63, 0xCA63,
  0xCA63, 0xCA63, 0xCA63, 0xCA63, 0xCA63, 0xCA43, 0xCA43, 0xCA43, 0xCA43, 0xCA43, 0xCA43, 0xCA43,
  0xC203, 0xC203, 0xC203, 0xC203, 0xC203, 0xC203, 0xC203, 0xC203, 0xC203, 0xC223, 0xC223, 0xC223,
  0xC223, 0xC224, 0xC224, 0xC223, 0xC223, 0xC223, 0xCA23, 0xCA23, 0xCA43, 0xCA43, 0xCA43, 0xCA43,
  0xCA43, 0xCA43, 0xCA43, 0xCA43, 0xCA43, 0xCA43, 0xCA43, 0xCA43, 0xCA63, 0xCA63, 0xCA63, 0xCA63,
  0xCA63, 0xCA63, 0xCA63, 0xCA63, 0xCA63, 0xD263, 0xD263, 0xD263, 0xD263, 0xD263, 0xD283, 0xD283,
  0xD283, 0xD283, 0xD283, 0xD283, 0xD283, 0xD2A3, 0xD2A3, 0xD2A3, 0xDAA3, 0xDAA3, 0xDAA3, 0xDAA3,
  0xDAA3, 0xDAA3, 0xDAA3, 0xDAC3, 0xDAC3, 0xDAC3, 0xDAC3, 0xDAC3, 0xDAC3, 0xDAE3, 0xDAE3, 0xE2E3,
  0xE2E3, 0xE2E3, 0xE2E3, 0xE2E3, 0xE303, 0xE304, 0xE304, 0xE304, 0xE304, 0xE324, 0xE324, 0xE324,
  0xE323, 0xE323, 0xE324, 0xE344, 0xE344, 0xE344, 0xE344, 0xE344, 0xE344, 0xE364, 0xE364, 0xE364,
  0xE364, 0xE364, 0xE364, 0xE364, 0xE364, 0xE384, 0xE384, 0xE384, 0xE384, 0xE384, 0xE384, 0xE3A4,
  0xE3A4, 0xE3A4, 0xE3A4, 0xE3A4, 0xE3A4, 0xE3A4, 0xE3A4, 0xE3A4, 0xE3A4, 0xE3A4, 0xE3A4, 0xE3C4,
  0xE3C4, 0xE3C4, 0xE3C4, 0xE3C4, 0xE3C4, 0xE3C4, 0xE3C4, 0xE3C4, 0xE3C4, 0xE3C4, 0xE3A4, 0xE3A4,
  0xE3C4, 0xE3E5, 0xE3E5, 0xE3C4, 0xE3A4, 0xEBA4, 0xEBE4, 0xEBE5, 0xDBC5, 0xCB65, 0x9AC4, 0x8AA5,
  0xA306, 0xBB46, 0xD386, 0xDB84, 0xE382, 0xE381, 0xE381, 0xE382, 0xE3A4, 0xE3C5, 0xE3A4, 0xE3A4,
  0xE384, 0xE384, 0xE384, 0xE384, 0xE364, 0xE364, 0xE364, 0xE364, 0xE364, 0xE364, 0xE344, 0xE344,
  0xE344, 0xE344, 0xE344, 0xE344, 0xE344, 0xE344, 0xE324, 0xE324, 0xE324, 0xE324, 0xE323, 0xE323,
  0xE303, 0xE303, 0xE303, 0xE303, 0xE304, 0xE304, 0xE304, 0xE2E4, 0xE2E3, 0xE2E3, 0xE2E3, 0xDAE3,
  0xDAE3, 0xDAE3, 0xDAC3, 0xDAC3, 0xDAC3, 0xDAC3, 0xDAC3, 0xDAC3, 0xDAC3, 0xDAC4, 0xDAC4, 0xDAA4,
  0xD284, 0xD283, 0xD263, 0xD263, 0xD283, 0xDA83, 0xD284, 0xD284, 0xD284, 0xD283, 0xD283, 0xD263,
  0xD263, 0xD263, 0xD263, 0xD263, 0xD263, 0xD263, 0xD263, 0xD263, 0xCA63, 0xCA63, 0xCA63, 0xCA63,
  0xCA43, 0xCA43, 0xCA43, 0xCA43, 0xCA43, 0xCA43, 0xCA43, 0xCA43, 0xCA43, 0xCA23, 0xCA23, 0xCA23,
  0xB9E3, 0xB9E3, 0xB9E3, 0xC1E3, 0xC203, 0xC203, 0xC203, 0xC203, 0xC203, 0xC203, 0xC203, 0xC223,
  0xC223, 0xC224, 0xC223, 0xC223, 0xC223, 0xC223, 0xC223, 0xC223, 0xCA23, 0xCA23, 0xCA23, 0xCA43,
  0xCA43, 0xCA43, 0xCA43, 0xCA43, 0xCA43, 0xCA43, 0xCA43, 0xCA43, 0xCA43, 0xCA43, 0xCA43, 0xCA43,
  0xCA63, 0xCA63, 0xCA63, 0xCA63, 0xD263, 0xD263, 0xD263, 0xD263, 0xD263, 0xD263, 0xD263, 0xD283,
  0xD283, 0xD283, 0xD283, 0xD283, 0xD283, 0xD283, 0xD2A3, 0xD2A3, 0xDAA3, 0xDAA3, 0xDAA3, 0xDAA3,
  0xDAA3, 0xDAA3, 0xDAA3, 0xDAA3, 0xDAC3, 0xDAC3, 0xDAC3, 0xDAC3, 0xDAC3, 0xDAC3, 0xDAC3, 0xE2E3,
  0xE2E3, 0xE2E3, 0xE2E3, 0xE2E3, 0xE2E3, 0xE303, 0xE304, 0xE304, 0xE304, 0xE304, 0xE324, 0xE324,
  0xE323, 0xE323, 0xE323, 0xE324, 0xE344, 0xE344, 0xE344, 0xE344, 0xE344, 0xE344, 0xE344, 0xE364,
  0xE364, 0xE364, 0xE364, 0xE364, 0xE364, 0xE384, 0xE384, 0xE384, 0xE384, 0xE384, 0xE384, 0xE3A4,
  0xE3A4, 0xE3A4, 0xE3A4, 0xE3A4, 0xE3A4, 0xE3A4, 0xE3A4, 0xE3A4, 0xE3A4, 0xE3A4, 0xE3A4, 0xE3C4,
  0xE3C4, 0xE3C4, 0xE3C4, 0xE3C4, 0xE3C4, 0xE3C4, 0xE3C4, 0xE3C4, 0xE3C4, 0xE3C4, 0xE3C4, 0xEBC4,
  0xEBE5, 0xEBE5, 0xE3E5, 0xE3C4, 0xE3A4, 0xE3A4, 0xEBE5, 0xE3E5, 0xD385, 0xB324, 0x61C2, 0x4142,
  0x61A3, 0x9264, 0xBB25, 0xDBA5, 0xEBC4, 0xEBA2, 0xE361, 0xDB62, 0xE384, 0xE3C5, 0xE3A4, 0xE384,
  0xE384, 0xE384, 0xE384, 0xE364, 0xE364, 0xE364, 0xE364, 0xE364, 0xE364, 0xE364, 0xE344, 0xE344,
  0xE344, 0xE344, 0xE344, 0xE344, 0xE344, 0xE324, 0xE324, 0xE324, 0xE324, 0xE324, 0xE303, 0xE303,
  0xE303, 0xE303, 0xE303, 0xE303, 0xE303, 0xE2E4, 0xE2E4, 0xE2E3, 0xE2E3, 0xE2E3, 0xDAE3, 0xDAE3,
  0xDAE3, 0xDAC3, 0xDAC3, 0xDAC3, 0xDAC3, 0xDAC3, 0xDAC3, 0xDAA3, 0xDAA3, 0xD2A4, 0xD284, 0xD283,
  0xD263, 0xD262, 0xD262, 0xD262, 0xD263, 0xD283, 0xD284, 0xD284, 0xD263, 0xD263, 0xD263, 0xD263,
  0xD263, 0xD263, 0xD263, 0xD263, 0xD263, 0xD243, 0xD243, 0xD243, 0xCA43, 0xCA43, 0xCA43, 0xCA43,
  0xCA43, 0xCA43, 0xCA43, 0xCA43, 0xCA43, 0xCA43, 0xCA43, 0xCA43, 0xCA23, 0xC223, 0xC223, 0xC223,
  0xB9E3, 0xB9E3, 0xB9E3, 0xB9E3, 0xB9E3, 0xB9E3, 0xC203, 0xC203, 0xC203, 0xC203, 0xC203, 0xC203,
  0xC203, 0xC203, 0xC203, 0xC203, 0xC223, 0xC223, 0xC223, 0xC223, 0xC223, 0xC223, 0xC223, 0xC223,
  0xCA23, 0xCA23, 0xCA23, 0xCA23, 0xCA23, 0xCA43, 0xCA43, 0xCA43, 0xCA43, 0xCA43, 0xCA43, 0xCA43,
  0xCA63, 0xCA63, 0xCA63, 0xD243, 0xD243, 0xD243, 0xD263, 0xD263, 0xD263, 0xD263, 0xD263, 0xD283,
  0xD263, 0xD283, 0xD283, 0xD283, 0xD283, 0xD283, 0xD283, 0xD283, 0xD283, 0xD283, 0xDAA4, 0xDAA4,
  0xDAA4, 0xDAA4, 0xDAA3, 0xDAA3, 0xDAA3, 0xDAA3, 0xDAC3, 0xDAC3, 0xDAC3, 0xDAC3, 0xDAC3, 0xE2C3,
  0xE2E3, 0xE2E3, 0xE2E3, 0xE2E3, 0xE2E3, 0xE2E3, 0xE303, 0xE303, 0xE304, 0xE304, 0xE304, 0xE303,
  0xE323, 0xE323, 0xE324, 0xE324, 0xE324, 0xE344, 0xE344, 0xE344, 0xE344, 0xE344, 0xE344, 0xE364,
  0xE364, 0xE364, 0xE364, 0xE364, 0xE364, 0xE364, 0xE384, 0xE384, 0xE384, 0xE384, 0xE384, 0xE3A4,
  0xE3A4, 0xE3A4, 0xE3A4, 0xE3A4, 0xE3A4, 0xE3A4, 0xE3A4, 0xE3A4, 0xE3A4, 0xE3A4, 0xE3A4, 0xE3C4,
  0xE3C4, 0xE3C4, 0xE3C4, 0xE3C4, 0xE3C4, 0xE3C4, 0xE3C4, 0xE3C4, 0xE3C4, 0xE3C4, 0xEBC4, 0xEBC4,
  0xEBE5, 0xE3E5, 0xE3E5, 0xE3A4, 0xE3A3, 0xE3A4, 0xE3C5, 0xDBC5, 0xC365, 0xA2A3, 0x3901, 0x1040,
  0x30A0, 0x61A3, 0xA2C5, 0xD3A6, 0xEC05, 0xEBC3, 0xE382, 0xDB62, 0xE384, 0xE3A5, 0xE384, 0xE383,
  0xE383, 0xE383, 0xE383, 0xE363, 0xE364, 0xE364, 0xE364, 0xE364, 0xE364, 0xE344, 0xE344, 0xE344,
  0xE344, 0xE344, 0xE344, 0xE324, 0xE324, 0xE324, 0xE324, 0xE324, 0xE324, 0xE304, 0xE303, 0xE303,
  0xE303, 0xE303, 0xE303, 0xE2E3, 0xE2E3, 0xE2E3, 0xDAE3, 0xDAE3, 0xDAE3, 0xDAC3, 0xDAC3, 0xDAC3,
  0xDAC3, 0xDAC3, 0xDAC3, 0xDAC3, 0xDAA3, 0xDAA3, 0xDAA3, 0xDAA3, 0xDA83, 0xD263, 0xD263, 0xD263,
  0xDA62, 0xDA62, 0xD282, 0xD283, 0xD2A4, 0xD2A4, 0xD284, 0xD263, 0xD243, 0xD263, 0xD263, 0xD263,
  0xD263, 0xD263, 0xD263, 0xD243, 0xD243, 0xD243, 0xD243, 0xD243, 0xCA43, 0xCA43, 0xCA43, 0xCA43,
  0xCA43, 0xCA43, 0xCA43, 0xCA43, 0xCA23, 0xCA23, 0xCA23, 0xCA23, 0xCA23, 0xC223, 0xC223, 0xC223,
  0xB9E3, 0xB9E3, 0xB9E3, 0xB9E3, 0xB9E3, 0xB9E3, 0xB9E3, 0xB9E3, 0xC203, 0xC203, 0xC203, 0xC203,
  0xC203, 0xC204, 0xC203, 0xC203, 0xC203, 0xC203, 0xC203, 0xC223, 0xC223, 0xC223, 0xC223, 0xC223,
  0xCA23, 0xCA23, 0xCA23, 0xCA23, 0xCA23, 0xCA23, 0xCA23, 0xCA23, 0xCA23, 0xCA23, 0xCA23, 0xCA43,
  0xCA63, 0xCA63, 0xCA63, 0xD243, 0xD243, 0xD243, 0xD243, 0xD263, 0xD264, 0xD264, 0xD264, 0xD283,
  0xD263, 0xD263, 0xD263, 0xD263, 0xD283, 0xD283, 0xD283, 0xD283, 0xD283, 0xD283, 0xDA83, 0xDA84,
  0xDA84, 0xDA83, 0xDAA3, 0xDAA3, 0xDAA3, 0xDAA3, 0xDAA3, 0xDAC3, 0xDAC3, 0xDAC3, 0xDAC3, 0xE2C3,
  0xE2C3, 0xE2C3, 0xE2E3, 0xE2E3, 0xE2E3, 0xE2E3, 0xE2E3, 0xE303, 0xE303, 0xE304, 0xE304, 0xE303,
  0xE303, 0xE304, 0xE304, 0xE324, 0xE324, 0xE324, 0xE344, 0xE344, 0xE344, 0xE344, 0xE344, 0xE364,
  0xE364, 0xE364, 0xE364, 0xE364, 0xE364, 0xE364, 0xE384, 0xE384, 0xE384, 0xE384, 0xE384, 0xE3A4,
  0xE3A4, 0xE3A4, 0xE3A4, 0xE3A4, 0xE3A4, 0xE3A4, 0xE3A4, 0xE3A4, 0xE3A4, 0xE3A4, 0xE3A4, 0xE3C4,
  0xE3C4, 0xE3C4, 0xE3C4, 0xE3C4, 0xE3C4, 0xE3C4, 0xE3C4, 0xE3C4, 0xE3C4, 0xE3C4, 0xE3C4, 0xE3C4,
  0xE3C4, 0xE3C4, 0xE3C4, 0xE3A4, 0xE383, 0xE3A3, 0xE3C5, 0xD3A5, 0xBB44, 0x9A83, 0x30E1, 0x0000,
  0x1040, 0x4102, 0x8225, 0xBB46, 0xDBE6, 0xEC05, 0xEBC4, 0xE3A4, 0xE384, 0xE364, 0xE384, 0xE383,
  0xE383, 0xE383, 0xE363, 0xE363, 0xE364, 0xE364, 0xE364, 0xE344, 0xE344, 0xE344, 0xE343, 0xE343,
  0xE344, 0xE344, 0xE324, 0xE324, 0xE324, 0xE324, 0xE324, 0xE324, 0xE304, 0xE303, 0xE303, 0xE303,
  0xE303, 0xE2E3, 0xE2E3, 0xE2E3, 0xE2E3, 0xDAE3, 0xDAE3, 0xDAE3, 0xDAC3, 0xDAC3, 0xDAC3, 0xDAC3,
  0xDAC3, 0xDAC3, 0xDAA3, 0xDAA3, 0xDAA3, 0xDAA3, 0xDAA3, 0xDAA3, 0xDA83, 0xD242, 0xD242, 0xDA62,
  0xE282, 0xDAA3, 0xDAA4, 0xCAC5, 0xCAC5, 0xCAC5, 0xD284, 0xD263, 0xD242, 0xD243, 0xD263, 0xD263,
  0xD263, 0xD243, 0xD243, 0xD243, 0xD243, 0xD243, 0xD243, 0xD243, 0xCA23, 0xCA23, 0xCA23, 0xCA23,
  0xCA23, 0xCA23, 0xCA23, 0xCA23, 0xCA23, 0xCA23, 0xCA23, 0xCA23, 0xCA23, 0xC203, 0xC203, 0xC203,
  0xB9E3, 0xB9C3, 0xB9C3, 0xB9E3, 0xB9E3, 0xB9E3, 0xB9E3, 0xB9E3, 0xB9E3, 0xC1E3, 0xC203, 0xC203,
  0xC203, 0xC203, 0xC203, 0xC203, 0xC203, 0xC203, 0xC203, 0xC203, 0xC203, 0xC203, 0xC223, 0xC223,
  0xC223, 0xCA23, 0xCA23, 0xCA23, 0xCA23, 0xCA23, 0xCA23, 0xCA23, 0xCA23, 0xCA23, 0xCA23, 0xCA23,
  0xCA43, 0xCA63, 0xCA43, 0xD243, 0xD243, 0xD243, 0xDA43, 0xD243, 0xD263, 0xD263, 0xD263, 0xCA63,
  0xD263, 0xD263, 0xD263, 0xD263, 0xD263, 0xD263, 0xD283, 0xD283, 0xD283, 0xD283, 0xDA83, 0xDA84,
  0xDA84, 0xDA83, 0xDA83, 0xDAA3, 0xDAA3, 0xDAA3, 0xDAA3, 0xDAA3, 0xDAA3, 0xDAA3, 0xDAC3, 0xE2C3,
  0xE2C3, 0xE2C3, 0xE2C3, 0xE2E3, 0xE2E3, 0xE2E3, 0xE2E3, 0xE2E3, 0xE303, 0xE303, 0xE303, 0xE303,
  0xE303, 0xE303, 0xE303, 0xE304, 0xE324, 0xE324, 0xE324, 0xE324, 0xE344, 0xE344, 0xE344, 0xE364,
  0xE364, 0xE364, 0xE364, 0xE364, 0xE364, 0xE364, 0xE384, 0xE384, 0xE384, 0xE384, 0xE384, 0xE3A4,
  0xE3A4, 0xE3A4, 0xE3A4, 0xE3A4, 0xE3A4, 0xE3A4, 0xE3A4, 0xE3A4, 0xE3A4, 0xE3A4, 0xE3A4, 0xE3C4,
  0xE3C4, 0xE3C4, 0xE3C4, 0xE3C4, 0xE3C4, 0xE3C4, 0xE3C4, 0xE3C4, 0xE3C4, 0xE3C4, 0xE3C4, 0xE3C4,
  0xE3C4, 0xE3C4, 0xE3C4, 0xE3A3, 0xE3A3, 0xE3C3, 0xE3E5, 0xDBC5, 0xBB65, 0x9AA3, 0x3122, 0x0021,
  0x0800, 0x2881, 0x5143, 0x8245, 0xAB25, 0xCBA6, 0xE3E6, 0xEBE5, 0xE384, 0xDB23, 0xE363, 0xE383,
  0xE383, 0xE383, 0xE363, 0xE363, 0xE363, 0xE364, 0xE364, 0xE343, 0xE343, 0xE343, 0xE343, 0xE323,
  0xE323, 0xE324, 0xE324, 0xE324, 0xE324, 0xE323, 0xE304, 0xE304, 0xE304, 0xE303, 0xE303, 0xE2E3,
  0xE2E3, 0xE2E3, 0xE2E3, 0xE2E3, 0xDAE3, 0xDAC3, 0xDAC3, 0xDAC3, 0xDAC3, 0xDAC3, 0xDAC3, 0xDAA3,
  0xDAA3, 0xDAA3, 0xDAA3, 0xDAA3, 0xDAA3, 0xDA83, 0xDA83, 0xDA83, 0xDA83, 0xDA63, 0xDA63, 0xE283,
  0xE2A3, 0xD283, 0xC264, 0xB265, 0xAA65, 0xB285, 0xC285, 0xD283, 0xDA63, 0xD263, 0xD243, 0xD243,
  0xD243, 0xD243, 0xD243, 0xD243, 0xD223, 0xD223, 0xD223, 0xD223, 0xCA23, 0xCA23, 0xCA23, 0xCA23,
  0xCA23, 0xCA23, 0xCA23, 0xCA03, 0xCA03, 0xCA03, 0xCA03, 0xCA03, 0xC203, 0xC203, 0xC203, 0xC203,
  0xB9C3, 0xB9C3, 0xB9C3, 0xB9C3, 0xB9E3, 0xB9E3, 0xB9E3, 0xB9E3, 0xB9E3, 0xB9E3, 0xB9E3, 0xB9E3,
  0xC1E3, 0xC1E3, 0xC203, 0xC203, 0xC203, 0xC203, 0xC203, 0xC203, 0xC203, 0xC203, 0xC203, 0xC203,
  0xC203, 0xC223, 0xC223, 0xC223, 0xCA23, 0xCA23, 0xCA23, 0xCA23, 0xCA23, 0xCA23, 0xCA23, 0xCA23,
  0xCA43, 0xCA43, 0xCA43, 0xD243, 0xD223, 0xD223, 0xD223, 0xD243, 0xD243, 0xD263, 0xCA63, 0xCA63,
  0xD263, 0xD263, 0xD263, 0xD263, 0xD263, 0xD263, 0xD263, 0xD283, 0xD283, 0xD283, 0xD283, 0xDA84,
  0xDA84, 0xDA83, 0xDA83, 0xDA83, 0xDA83, 0xDAA3, 0xDAA3, 0xDAA3, 0xDAA3, 0xDAA3, 0xDAA3, 0xE2C3,
  0xE2C3, 0xE2C3, 0xE2C3, 0xE2C3, 0xE2C3, 0xE2E3, 0xE2E3, 0xE2E3, 0xE2E3, 0xE2E3, 0xE303, 0xE303,
  0xE303, 0xE303, 0xE304, 0xE304, 0xE304, 0xE324, 0xE324, 0xE324, 0xE324, 0xE324, 0xE344, 0xE344,
  0xE364, 0xE364, 0xE364, 0xE364, 0xE364, 0xE364, 0xE364, 0xE384, 0xE384, 0xE384, 0xE384, 0xE3A4,
  0xE3A4, 0xE3A4, 0xE3A4, 0xE3A4, 0xE3A4, 0xE3A4, 0xE3A4, 0xE3A4, 0xE3A4, 0xE3A4, 0xE3A4, 0xE3C4,
  0xE3C4, 0xE3C4, 0xE3C4, 0xE3C4, 0xE3C4, 0xE3C4, 0xE3C4, 0xE3C4, 0xE3C4, 0xE3C4, 0xE3C4, 0xE3C4,
  0xE3C4, 0xE3C4, 0xE3C4, 0xE3C3, 0xEBC3, 0xEBC3, 0xEBE4, 0xDBE5, 0xCB85, 0xAB04, 0x4963, 0x1061,
  0x0800, 0x1021, 0x2881, 0x4922, 0x7203, 0xA2E5, 0xCBA6, 0xE3E6, 0xEB84, 0xE323, 0xE363, 0xE383,
  0xE383, 0xE363, 0xE363, 0xE363, 0xE363, 0xE363, 0xE343, 0xE343, 0xE343, 0xE343, 0xE343, 0xE323,
  0xE323, 0xE324, 0xE323, 0xE323, 0xE303, 0xE303, 0xE304, 0xE304, 0xE304, 0xE303, 0xE2E3, 0xE2E3,
  0xE2E3, 0xE2E3, 0xE2E3, 0xE2E3, 0xDAC3, 0xDAC3, 0xDAC3, 0xDAC3, 0xDAC3, 0xDAC3, 0xDAA3, 0xDAA3,
  0xDAA3, 0xDAA3, 0xDAA3, 0xDA83, 0xDA83, 0xDA83, 0xDA83, 0xDA83, 0xDA83, 0xDA63, 0xDA83, 0xDA83,
  0xD263, 0xB222, 0x91A2, 0x7163, 0x7163, 0x81A4, 0xA204, 0xC243, 0xD263, 0xD243, 0xD243, 0xD243,
  0xD243, 0xD243, 0xD243, 0xD223, 0xD223, 0xD223, 0xD223, 0xCA23, 0xCA23, 0xCA03, 0xCA03, 0xCA03,
  0xCA03, 0xCA03, 0xCA03, 0xCA03, 0xCA03, 0xCA03, 0xCA03, 0xCA03, 0xC203, 0xC203, 0xC203, 0xC203,
  0xB9C3, 0xB9C3, 0xB9C3, 0xB9C3, 0xB9C3, 0xB9C3, 0xB9E3, 0xB9E3, 0xB9E3, 0xB9E3, 0xB9E3, 0xB9E3,
  0xC1E3, 0xC1E3, 0xC1E3, 0xC203, 0xC203, 0xC203, 0xC203, 0xC203, 0xC203, 0xC203, 0xC203, 0xC203,
  0xC203, 0xC203, 0xC203, 0xC203, 0xC203, 0xCA23, 0xCA23, 0xCA23, 0xCA23, 0xCA23, 0xCA24, 0xCA23,
  0xC223, 0xCA43, 0xCA23, 0xD223, 0xD223, 0xD203, 0xD203, 0xD223, 0xD223, 0xCA43, 0xCA63, 0xCA63,
  0xD263, 0xD263, 0xD263, 0xD263, 0xD263, 0xD263, 0xD263, 0xD263, 0xD263, 0xDA83, 0xDA83, 0xDA83,
  0xDA84, 0xDA83, 0xDA83, 0xDA83, 0xDA83, 0xDA83, 0xDAA4, 0xDAA3, 0xDAA3, 0xDAA3, 0xDAA3, 0xE2C3,
  0xE2C3, 0xE2C3, 0xE2C3, 0xE2C3, 0xE2C3, 0xE2E3, 0xE2E3, 0xE2E3, 0xE2E3, 0xE2E3, 0xE2E3, 0xE303,
  0xE304, 0xE304, 0xE304, 0xE304, 0xE304, 0xE304, 0xE324, 0xE324, 0xE324, 0xE324, 0xE324, 0xE344,
  0xE363, 0xE364, 0xE364, 0xE364, 0xE364, 0xE364, 0xE364, 0xE384, 0xE384, 0xE384, 0xE384, 0xE3A4,
  0xE3A4, 0xE3A4, 0xE3A4, 0xE3A4, 0xE3A4, 0xE3A4, 0xE3A4, 0xE3A4, 0xE3A4, 0xE3A4, 0xE3A4, 0xE3C4,
  0xE3C4, 0xE3C4, 0xE3C4, 0xE3C4, 0xE3C4, 0xE3C4, 0xE3C4, 0xE3C4, 0xE3C4, 0xE3C4, 0xE3C4, 0xE3E4,
  0xE3C4, 0xE3C4, 0xE3C4, 0xEBC3, 0xEBC3, 0xEBC3, 0xEBE4, 0xE405, 0xD3E6, 0xBB86, 0x61E3, 0x20A1,
  0x0800, 0x0000, 0x0801, 0x1841, 0x38C1, 0x69E3, 0xAAE5, 0xDBA6, 0xEB84, 0xEB23, 0xE363, 0xE383,
  0xE383, 0xE363, 0xE363, 0xE363, 0xE363, 0xE343, 0xE343, 0xE343, 0xE343, 0xE343, 0xE323, 0xE323,
  0xE323, 0xE323, 0xE323, 0xE323, 0xE303, 0xE303, 0xE303, 0xE304, 0xE304, 0xE303, 0xE2E3, 0xE2E3,
  0xE2E3, 0xE2E3, 0xE2E3, 0xE2C3, 0xDAC3, 0xDAC3, 0xDAC3, 0xDAC3, 0xDAC3, 0xDAA3, 0xDAA3, 0xDAA3,
  0xDAA3, 0xDAA3, 0xDAA3, 0xDA83, 0xDA83, 0xDA83, 0xDA83, 0xDA83, 0xDA63, 0xDA63, 0xDA63, 0xD263,
  0xBA22, 0x8981, 0x58C0, 0x3020, 0x2821, 0x4082, 0x7942, 0xA9E3, 0xCA43, 0xD243, 0xD243, 0xD243,
  0xD243, 0xD223, 0xD223, 0xD223, 0xD223, 0xCA23, 0xCA23, 0xCA23, 0xCA03, 0xCA03, 0xCA03, 0xCA03,
  0xCA03, 0xCA03, 0xCA03, 0xCA03, 0xCA03, 0xCA03, 0xCA03, 0xCA03, 0xC1E3, 0xC1E3, 0xC1E3, 0xC1E3,
  0xB9C3, 0xB9C3, 0xB9C3, 0xB9C3, 0xB9C3, 0xB9C3, 0xB9E3, 0xB9E3, 0xB9E3, 0xB9E3, 0xB9E3, 0xB9E3,
  0xB9E3, 0xC1E3, 0xC1E3, 0xC1E3, 0xC1E3, 0xC203, 0xC203, 0xC203, 0xC203, 0xC203, 0xC203, 0xC203,
  0xC203, 0xC203, 0xC203, 0xC203, 0xC203, 0xC203, 0xC203, 0xC203, 0xCA23, 0xCA23, 0xCA23, 0xC223,
  0xC223, 0xC223, 0xCA23, 0xCA03, 0xD203, 0xD203, 0xD203, 0xD203, 0xD223, 0xCA43, 0xCA43, 0xCA43,
  0xD263, 0xD263, 0xD263, 0xD263, 0xD263, 0xD263, 0xD263, 0xD263, 0xD263, 0xD264, 0xD264, 0xDA84,
  0xDA84, 0xDA84, 0xDA84, 0xDA83, 0xDA84, 0xDA84, 0xDAA4, 0xDAA3, 0xDAA3, 0xDAA3, 0xDAA3, 0xE2A3,
  0xE2C3, 0xE2C3, 0xE2C3, 0xE2C3, 0xE2C3, 0xE2C3, 0xE2E3, 0xE2E3, 0xE2E3, 0xE2E3, 0xE2E3, 0xE2E3,
  0xE303, 0xE304, 0xE304, 0xE304, 0xE304, 0xE304, 0xE324, 0xE324, 0xE324, 0xE324, 0xE324, 0xE344,
  0xE363, 0xE364, 0xE364, 0xE364, 0xE364, 0xE364, 0xE364, 0xE384, 0xE384, 0xE384, 0xE384, 0xE3A4,
  0xE3A4, 0xE3A4, 0xE3A4, 0xE3A4, 0xE3A4, 0xE3A4, 0xE3A4, 0xE3A4, 0xE3A4, 0xE3A4, 0xE3A4, 0xE3C4,
  0xE3C4, 0xE3C4, 0xE3C4, 0xE3C4, 0xE3C4, 0xE3C4, 0xE3C4, 0xE3C4, 0xE3C4, 0xE3C4, 0xE3C4, 0xE3C4,
  0xDBA4, 0xE3C4, 0xE3C4, 0xEBC3, 0xEBA2, 0xEBA2, 0xEBA3, 0xE3E5, 0xDBE6, 0xC3C7, 0x6A24, 0x30E1,
  0x1020, 0x0001, 0x0002, 0x0822, 0x1841, 0x4901, 0x8203, 0xC304, 0xE364, 0xF363, 0xE363, 0xE383,
  0xE383, 0xE363, 0xE363, 0xE363, 0xE363, 0xE343, 0xE343, 0xE343, 0xE343, 0xE343, 0xE323, 0xE323,
  0xE323, 0xE323, 0xE323, 0xE303, 0xE303, 0xE303, 0xE303, 0xE304, 0xE303, 0xE2E3, 0xE2E3, 0xE2E3,
  0xE2E3, 0xE2E3, 0xE2C3, 0xDAC3, 0xDAC3, 0xDAC3, 0xDAC3, 0xDAC3, 0xDAC3, 0xDAA3, 0xDAA3, 0xDAA3,
  0xDAA3, 0xDA83, 0xDA83, 0xDA83, 0xDA83, 0xDA83, 0xDA83, 0xDA83, 0xDA63, 0xD263, 0xD263, 0xCA84,
  0xBA85, 0x81C4, 0x48E2, 0x1821, 0x1001, 0x2022, 0x5902, 0x91C3, 0xBA43, 0xCA43, 0xD243, 0xD243,
  0xD243, 0xD223, 0xD223, 0xD223, 0xCA23, 0xCA23, 0xCA23, 0xCA23, 0xCA03, 0xCA03, 0xCA03, 0xCA03,
  0xCA03, 0xCA03, 0xCA03, 0xCA03, 0xC9E3, 0xC9E3, 0xC9E3, 0xC9E3, 0xC1E3, 0xC1E3, 0xC1E3, 0xC1E3,
  0xB9C3, 0xB9C3, 0xB9C3, 0xB9C3, 0xB9C3, 0xB9C3, 0xB9C3, 0xB9C3, 0xB9E3, 0xB9E3, 0xB9E3, 0xB9E3,
  0xB9E3, 0xC1E3, 0xC1E3, 0xC1E3, 0xC1E3, 0xC1E3, 0xC1E3, 0xC1E3, 0xC1E3, 0xC203, 0xC203, 0xC203,
  0xC203, 0xC203, 0xC203, 0xCA03, 0xCA03, 0xCA03, 0xCA03, 0xCA03, 0xCA03, 0xCA03, 0xC203, 0xC203,
  0xCA22, 0xCA22, 0xCA23, 0xCA04, 0xCA04, 0xD203, 0xD223, 0xD222, 0xCA22, 0xCA22, 0xCA43, 0xCA63,
  0xD243, 0xD243, 0xD243, 0xD243, 0xD263, 0xD263, 0xD263, 0xD263, 0xD263, 0xD263, 0xD264, 0xDA64,
  0xDA63, 0xDA63, 0xDA83, 0xDA83, 0xDA84, 0xDA83, 0xDA83, 0xDA83, 0xDAA3, 0xDAA3, 0xDAA3, 0xDAA3,
  0xE2A3, 0xE2C3, 0xE2C3, 0xE2C3, 0xE2C3, 0xE2C3, 0xE2C3, 0xE2E3, 0xE2E3, 0xE2E3, 0xE2E3, 0xE2E3,
  0xE2E3, 0xE304, 0xE304, 0xE304, 0xE304, 0xE304, 0xE324, 0xE324, 0xE324, 0xE324, 0xE324, 0xE344,
  0xE343, 0xE343, 0xE363, 0xE363, 0xE364, 0xE364, 0xE364, 0xE364, 0xE364, 0xE384, 0xE384, 0xE383,
  0xE383, 0xE383, 0xE384, 0xE3A4, 0xE3A4, 0xE3A4, 0xE3A4, 0xE3A4, 0xE3A3, 0xE383, 0xE3A4, 0xE3C4,
  0xE3C4, 0xE3C4, 0xE3C4, 0xE3C4, 0xE3C4, 0xE3C4, 0xE3C4, 0xE3C4, 0xE3C4, 0xE3C4, 0xE3C4, 0xE3C4,
  0xE3C3, 0xE3C3, 0xE3A3, 0xE3A4, 0xEBA3, 0xEBA2, 0xEBC2, 0xDBC4, 0xD3C6, 0xBB88, 0x61C4, 0x28A1,
  0x1040, 0x0001, 0x0002, 0x0002, 0x0801, 0x2880, 0x5961, 0xA283, 0xD344, 0xF384, 0xE363, 0xE362,
  0xE363, 0xE363, 0xE363, 0xE363, 0xE364, 0xE344, 0xE343, 0xE343, 0xE343, 0xE343, 0xE323, 0xE323,
  0xE323, 0xE323, 0xE323, 0xE303, 0xE303, 0xE303, 0xE303, 0xE303, 0xE303, 0xE2E3, 0xE2E3, 0xE2E3,
  0xE2C3, 0xE2C3, 0xE2C3, 0xE2C3, 0xDAC3, 0xDAA3, 0xDAA3, 0xDAA3, 0xDAA3, 0xDAA3, 0xDAA3, 0xDAA3,
  0xDA83, 0xDA83, 0xDA83, 0xDA83, 0xDA83, 0xDA83, 0xDA63, 0xDA63, 0xD263, 0xD263, 0xD263, 0xD284,
  0xC285, 0x89C4, 0x48E2, 0x1042, 0x0001, 0x0822, 0x38A2, 0x7163, 0xAA24, 0xC243, 0xCA23, 0xD223,
  0xD203, 0xD203, 0xD203, 0xCA23, 0xCA23, 0xCA23, 0xCA03, 0xCA03, 0xCA03, 0xC9E3, 0xC9E3, 0xC9E3,
  0xC9E3, 0xC9E3, 0xC9E3, 0xC9E3, 0xC1E3, 0xC1E3, 0xC1E3, 0xC1E3, 0xC1E3, 0xC1E3, 0xB9E3, 0xB9E3,
  0xB1C3, 0xB1C3, 0xB1C3, 0xB1C3, 0xB9C3, 0xB9C3, 0xB9C3, 0xB9C3, 0xB9C3, 0xB9C3, 0xB9C3, 0xB9C3,
  0xB9C3, 0xB9C3, 0xB9C3, 0xB9C3, 0xB9C3, 0xB9C3, 0xB9E3, 0xB9E3, 0xB9E3, 0xB9E3, 0xC1E3, 0xC1E3,
  0xC1E3, 0xC1E4, 0xC1E4, 0xC9E4, 0xC9E4, 0xC9C4, 0xC9C4, 0xC9C4, 0xC9E4, 0xC9E4, 0xC1E4, 0xC203,
  0xCA02, 0xD202, 0xCA24, 0xC206, 0xC1E5, 0xC204, 0xCA43, 0xCA62, 0xCA60, 0xC220, 0xC242, 0xCA64,
  0xD244, 0xD243, 0xD243, 0xD243, 0xD243, 0xD243, 0xD243, 0xD243, 0xD263, 0xD263, 0xD263, 0xDA63,
  0xDA63, 0xDA63, 0xDA63, 0xDA63, 0xDA63, 0xDA83, 0xDA83, 0xDA83, 0xDA83, 0xDA83, 0xDA83, 0xDAA3,
  0xDAA3, 0xDAA3, 0xDAA3, 0xE2C3, 0xE2C3, 0xE2C3, 0xE2C3, 0xE2C3, 0xE2E3, 0xE2E3, 0xE2E3, 0xE2E3,
  0xE2E3, 0xE2E3, 0xE2E4, 0xE304, 0xE304, 0xE304, 0xE324, 0xE324, 0xE324, 0xE324, 0xE324, 0xE344,
  0xE343, 0xE343, 0xE343, 0xE343, 0xE343, 0xE343, 0xE363, 0xE364, 0xDB64, 0xDB64, 0xE363, 0xEB43,
  0xE363, 0xE363, 0xE383, 0xE384, 0xE3A4, 0xE3A4, 0xE3A4, 0xEBA3, 0xEB83, 0xEB62, 0xEB83, 0xE3A4,
  0xE3A4, 0xE3A4, 0xE3C4, 0xE3C4, 0xE3C4, 0xE3C4, 0xE3C4, 0xE3C4, 0xE3C4, 0xE3C4, 0xEBA4, 0xEBA3,
  0xEBE3, 0xDBC3, 0xDB83, 0xE3A5, 0xEBA5, 0xEBC3, 0xEC02, 0xDBE3, 0xC386, 0xA2E8, 0x40E3, 0x1001,
  0x0820, 0x0020, 0x0001, 0x0801, 0x0801, 0x1021, 0x30E1, 0x7A23, 0xBB05, 0xEB65, 0xE362, 0xE361,
  0xE362, 0xE363, 0xE363, 0xE364, 0xE344, 0xE344, 0xE344, 0xE343, 0xE343, 0xE323, 0xE323, 0xE323,
  0xE323, 0xE323, 0xE303, 0xE303, 0xE303, 0xE303, 0xE303, 0xE2E3, 0xE2E3, 0xE2E3, 0xE2C3, 0xE2C3,
  0xE2C3, 0xE2C3, 0xE2C3, 0xE2C3, 0xE2A3, 0xDAA3, 0xDAA3, 0xDAA3, 0xDAA3, 0xDA83, 0xDA83, 0xDA83,
  0xDA83, 0xDA83, 0xDA83, 0xDA63, 0xDA63, 0xDA63, 0xDA63, 0xD263, 0xD263, 0xCA62, 0xD242, 0xD223,
  0xD244, 0xA1A3, 0x58C1, 0x2060, 0x0061, 0x0041, 0x1841, 0x4903, 0x89E5, 0xB223, 0xCA23, 0xD1E3,
  0xD1C3, 0xD9C3, 0xD1E4, 0xCA04, 0xC203, 0xC203, 0xCA03, 0xC9E3, 0xC9E3, 0xC9E3, 0xC1E3, 0xC1E3,
  0xC1E3, 0xC1C3, 0xC1C3, 0xC1C3, 0xC1C3, 0xC1C3, 0xC1C3, 0xC1C3, 0xC1C3, 0xB9C3, 0xB9C3, 0xB9C3,
  0xB1A3, 0xB1C3, 0xB1C3, 0xB1C3, 0xB1C3, 0xB1C3, 0xB9C3, 0xB9C3, 0xB9C3, 0xB9C3, 0xB9C3, 0xB9C2,
  0xB9C3, 0xB9C3, 0xB9C3, 0xB9C3, 0xB9C3, 0xB9C3, 0xB9C3, 0xB9C3, 0xB9C3, 0xB9E3, 0xB9E3, 0xB9E3,
  0xB9E3, 0xC1E3, 0xC1E3, 0xC1E3, 0xC1E4, 0xC9E3, 0xC9C3, 0xC9C3, 0xC9E3, 0xC1E4, 0xC204, 0xCA03,
  0xCA02, 0xC203, 0xA9E4, 0x9184, 0x8943, 0x9163, 0xB1E3, 0xC222, 0xD242, 0xCA21, 0xCA22, 0xCA43,
  0xD223, 0xD223, 0xD223, 0xD243, 0xD243, 0xD243, 0xD243, 0xD243, 0xD243, 0xD243, 0xD243, 0xD263,
  0xDA63, 0xDA63, 0xDA63, 0xDA63, 0xDA63, 0xDA63, 0xDA83, 0xDA83, 0xDA83, 0xDA83, 0xDA83, 0xDA83,
  0xDAA3, 0xDAA3, 0xDAA3, 0xE2A3, 0xE2C3, 0xE2C3, 0xE2C3, 0xE2C3, 0xE2C3, 0xE2E3, 0xE2E3, 0xE2E3,
  0xE2E3, 0xE2E3, 0xE2E4, 0xE304, 0xE304, 0xE304, 0xE304, 0xE324, 0xE324, 0xE324, 0xE324, 0xEB44,
  0xEB43, 0xE343, 0xE343, 0xE343, 0xE343, 0xE343, 0xE364, 0xE364, 0xE364, 0xE364, 0xE364, 0xEB64,
  0xEB64, 0xE383, 0xE383, 0xE383, 0xE3A4, 0xE3A4, 0xE3A4, 0xEBA4, 0xEBA4, 0xEBA4, 0xEBA4, 0xE3A4,
  0xE3A4, 0xE3A4, 0xE3C4, 0xE3C4, 0xE3C4, 0xE3C4, 0xEBC4, 0xEBC4, 0xEBC4, 0xEBC4, 0xEBA4, 0xEBA4,
  0xEBE3, 0xE3C3, 0xDBA4, 0xE3A5, 0xEBA4, 0xE3A2, 0xE3C2, 0xDC25, 0xB366, 0x71C5, 0x2882, 0x0000,
  0x0040, 0x0020, 0x0020, 0x0821, 0x0801, 0x0821, 0x20A1, 0x61E3, 0xAAC4, 0xE365, 0xEB63, 0xEB63,
  0xE363, 0xE343, 0xE344, 0xDB44, 0xDB24, 0xE324, 0xE323, 0xE323, 0xE322, 0xE322, 0xE323, 0xE323,
  0xE323, 0xE323, 0xE303, 0xE303, 0xE303, 0xE303, 0xE2E3, 0xE2E3, 0xE2E3, 0xE2E3, 0xE2C3, 0xE2C3,
  0xE2C3, 0xE2C3, 0xE2C3, 0xE2A3, 0xE2A3, 0xE2A3, 0xDAA3, 0xDAA3, 0xDA83, 0xDA83, 0xDA83, 0xDA83,
  0xDA83, 0xDA63, 0xDA63, 0xDA63, 0xDA63, 0xDA63, 0xD263, 0xD243, 0xD243, 0xD263, 0xD242, 0xD223,
  0xD244, 0xA9C3, 0x6101, 0x2060, 0x0040, 0x0041, 0x0820, 0x38A2, 0x7164, 0xA1E3, 0xBA23, 0xCA04,
  0xD9E4, 0xD9E4, 0xD1E3, 0xC9E3, 0xC203, 0xC203, 0xC9E3, 0xC9E3, 0xC9C3, 0xC9E3, 0xC1E3, 0xC1C3,
  0xC1C3, 0xC1C3, 0xC1C3, 0xC1C3, 0xC1C3, 0xC1C3, 0xC1C3, 0xC1C3, 0xC1C3, 0xB9C3, 0xB9C3, 0xB9C3,
  0xB1A3, 0xB1A3, 0xB1C3, 0xB1C3, 0xB1C3, 0xB1C3, 0xB9C3, 0xB9C3, 0xB9C3, 0xB9C3, 0xB9C3, 0xB9C3,
  0xB9C3, 0xB9C3, 0xB9C3, 0xB9C3, 0xB9C3, 0xB9C3, 0xB9C3, 0xB9C3, 0xB9C3, 0xB9C3, 0xB9C3, 0xB9C3,
  0xB9E3, 0xB9E3, 0xB9E3, 0xC1E3, 0xC1E3, 0xC1E3, 0xC1E3, 0xC1E3, 0xC1E3, 0xC203, 0xCA24, 0xCA23,
  0xCA03, 0xB203, 0x89A3, 0x5902, 0x48A1, 0x58E1, 0x9183, 0xB9E3, 0xD223, 0xDA23, 0xCA03, 0xCA03,
  0xCA23, 0xD223, 0xD223, 0xD223, 0xD223, 0xD243, 0xD243, 0xD243, 0xD243, 0xD243, 0xD243, 0xD243,
  0xDA63, 0xDA63, 0xDA63, 0xDA63, 0xDA63, 0xDA63, 0xDA63, 0xDA63, 0xDA83, 0xDA83, 0xDA83, 0xDA83,
  0xDAA3, 0xDAA3, 0xDAA3, 0xDAA3, 0xE2C3, 0xE2C3, 0xE2C3, 0xE2C3, 0xE2C3, 0xE2C3, 0xE2E3, 0xE2E3,
  0xE2E3, 0xE2E3, 0xE2E3, 0xE2E4, 0xE304, 0xE304, 0xE304, 0xE304, 0xE324, 0xE324, 0xE324, 0xE343,
  0xE343, 0xE343, 0xE343, 0xE343, 0xE344, 0xE344, 0xE364, 0xE364, 0xE364, 0xE364, 0xE364, 0xE364,
  0xE364, 0xE384, 0xE384, 0xE383, 0xE3A3, 0xE3A4, 0xE3A4, 0xE3A4, 0xE3C5, 0xE3C5, 0xE3C5, 0xE3A4,
  0xE3A4, 0xE3A4, 0xE3C4, 0xE3C4, 0xE3C4, 0xE3C4, 0xE3C4, 0xEBC4, 0xEBC4, 0xEBC4, 0xE3A4, 0xE3A4,
  0xE3E4, 0xE3C3, 0xE3C4, 0xE3A4, 0xEB84, 0xE382, 0xDBA2, 0xD426, 0xA305, 0x48A1, 0x1821, 0x0001,
  0x0040, 0x0040, 0x0020, 0x0021, 0x0021, 0x0021, 0x18A0, 0x51A2, 0x9AA4, 0xDB65, 0xEB65, 0xEB64,
  0xEB44, 0xE344, 0xE324, 0xE324, 0xE324, 0xE324, 0xE323, 0xE323, 0xE322, 0xE322, 0xE323, 0xE323,
  0xE303, 0xE303, 0xE303, 0xE303, 0xE303, 0xE2E3, 0xE2E3, 0xE2E3, 0xE2E3, 0xE2C3, 0xE2C3, 0xE2C3,
  0xE2C3, 0xE2C3, 0xE2A3, 0xE2A3, 0xE2A3, 0xE2A3, 0xDA83, 0xDA83, 0xDA83, 0xDA83, 0xDA83, 0xDA83,
  0xDA63, 0xDA63, 0xDA63, 0xDA63, 0xDA63, 0xDA63, 0xD243, 0xD243, 0xD243, 0xDA63, 0xD242, 0xD223,
  0xD265, 0xAA04, 0x6922, 0x2060, 0x0020, 0x0041, 0x0820, 0x2041, 0x50C2, 0x8983, 0xAA04, 0xC225,
  0xD225, 0xD204, 0xD1E3, 0xC9C2, 0xC1E2, 0xC202, 0xCA03, 0xC9E3, 0xC1C3, 0xC1E3, 0xC1C3, 0xC1C3,
  0xC1C3, 0xC1C3, 0xC1C3, 0xC1C3, 0xC1C3, 0xC1C3, 0xC1C3, 0xC1A3, 0xB9C3, 0xB9C3, 0xB9C3, 0xB9C3,
  0xB1A3, 0xB1A3, 0xB1A3, 0xB1C3, 0xB1C3, 0xB1C3, 0xB9C3, 0xB9C3, 0xB9C3, 0xB9C3, 0xB9C3, 0xB9C3,
  0xB9C3, 0xB9C3, 0xB9C3, 0xB9C3, 0xB9C3, 0xB9C3, 0xB9C3, 0xB9C3, 0xB9C3, 0xB9C3, 0xB9C3, 0xB9C3,
  0xB9E3, 0xB9E4, 0xBA04, 0xC204, 0xC1E3, 0xC1E3, 0xC1E3, 0xC1E3, 0xC1E3, 0xCA03, 0xCA03, 0xCA03,
  0xC203, 0xAA04, 0x79A3, 0x30A1, 0x1840, 0x3081, 0x7143, 0xA1C5, 0xD225, 0xE245, 0xD1E3, 0xC9C2,
  0xD203, 0xD223, 0xD223, 0xD223, 0xD223, 0xD223, 0xD243, 0xD243, 0xD243, 0xD243, 0xD243, 0xD243,
  0xD243, 0xDA43, 0xDA43, 0xDA63, 0xDA63, 0xDA63, 0xDA63, 0xDA63, 0xDA63, 0xDA63, 0xDA63, 0xDA83,
  0xDA83, 0xDA83, 0xDAA3, 0xDAA3, 0xDAA3, 0xE2A3, 0xE2C3, 0xE2C3, 0xE2C3, 0xE2C3, 0xE2C3, 0xE2C3,
  0xE2C3, 0xE2E3, 0xE2E3, 0xE2E3, 0xE2E4, 0xE304, 0xE304, 0xE304, 0xE304, 0xE324, 0xE324, 0xE323,
  0xE323, 0xE323, 0xE343, 0xE343, 0xE343, 0xE344, 0xE344, 0xEB44, 0xEB64, 0xEB64, 0xE364, 0xE364,
  0xE364, 0xE364, 0xE383, 0xEB83, 0xEB83, 0xE383, 0xE384, 0xE384, 0xDB84, 0xDB85, 0xDBA4, 0xE3A4,
  0xE3A4, 0xE3A4, 0xE3A4, 0xE3C4, 0xE3C4, 0xE3C4, 0xE3C4, 0xE3C4, 0xEBC4, 0xEBC4, 0xE3C5, 0xE3A5,
  0xE3C4, 0xE3C4, 0xEBC4, 0xEBA4, 0xEBA4, 0xE3C3, 0xD3C3, 0xBBA5, 0x7A23, 0x2020, 0x0800, 0x0021,
  0x0061, 0x0040, 0x0020, 0x0021, 0x0042, 0x0041, 0x1080, 0x4141, 0x9263, 0xD345, 0xE345, 0xEB45,
  0xEB24, 0xEB24, 0xE304, 0xE324, 0xE324, 0xE344, 0xE343, 0xE343, 0xE322, 0xE322, 0xE303, 0xE303,
  0xE303, 0xE303, 0xE303, 0xE303, 0xE2E3, 0xE2E3, 0xE2E3, 0xE2E3, 0xE2C3, 0xE2C3, 0xE2C3, 0xE2C3,
  0xE2A3, 0xE2A3, 0xE2A3, 0xE2A3, 0xE283, 0xDA83, 0xDA83, 0xDA83, 0xDA83, 0xDA63, 0xDA63, 0xDA63,
  0xDA63, 0xDA63, 0xDA63, 0xDA43, 0xDA43, 0xD243, 0xD243, 0xD243, 0xD243, 0xDA43, 0xDA23, 0xD223,
  0xD265, 0xA205, 0x6123, 0x1840, 0x0020, 0x0041, 0x0021, 0x1000, 0x3041, 0x6923, 0x91C5, 0xB226,
  0xCA46, 0xD225, 0xD1E3, 0xC9C2, 0xC9C2, 0xC1E2, 0xC203, 0xC1E3, 0xC1C3, 0xC1C3, 0xC1C3, 0xC1C3,
  0xC1C3, 0xC1C3, 0xC1C3, 0xC1C3, 0xC1C3, 0xC1C3, 0xC1A3, 0xC1A3, 0xB9A3, 0xB9C3, 0xB9C3, 0xB9C3,
  0xB1A3, 0xB1A3, 0xB1A3, 0xB1A3, 0xB1A3, 0xB1A3, 0xB1A3, 0xB9A3, 0xB9A3, 0xB9A3, 0xB9A3, 0xB9A3,
  0xB9A3, 0xB9A3, 0xB9A3, 0xB9A3, 0xB9C3, 0xB9C3, 0xB9C3, 0xB9C3, 0xB9C3, 0xB9C3, 0xB9C3, 0xB9C3,
  0xB9E4, 0xB9E4, 0xB9E4, 0xC1E4, 0xC1E3, 0xC1E3, 0xC1E3, 0xC9E3, 0xC9E3, 0xC9E3, 0xC9E2, 0xC9E2,
  0xC203, 0xAA04, 0x71A3, 0x2081, 0x0000, 0x1061, 0x5124, 0x89A5, 0xBA05, 0xDA45, 0xD9E3, 0xD1A2,
  0xD203, 0xD203, 0xD203, 0xD223, 0xD223, 0xD223, 0xD223, 0xD223, 0xD243, 0xD243, 0xD243, 0xD243,
  0xD243, 0xD243, 0xD243, 0xD243, 0xDA43, 0xDA63, 0xDA63, 0xDA63, 0xDA63, 0xDA63, 0xDA63, 0xDA83,
  0xDA83, 0xDA83, 0xDA83, 0xDA83, 0xDAA3, 0xDAA3, 0xE2A3, 0xE2A3, 0xE2C3, 0xE2C3, 0xE2C3, 0xE2C3,
  0xE2C3, 0xE2C3, 0xE2C3, 0xE2E3, 0xE2E3, 0xE2E4, 0xE304, 0xE304, 0xE304, 0xE304, 0xE304, 0xE303,
  0xE303, 0xE323, 0xE323, 0xE323, 0xE344, 0xEB44, 0xEB44, 0xEB44, 0xEB44, 0xEB44, 0xE344, 0xE364,
  0xE364, 0xEB84, 0xEB83, 0xEB83, 0xEB83, 0xEB83, 0xE383, 0xE384, 0xDB84, 0xDB85, 0xDBA4, 0xE3A4,
  0xE3A4, 0xE3A4, 0xE3A4, 0xE3A4, 0xE3C4, 0xE3C4, 0xE3C4, 0xE3C4, 0xE3C4, 0xE3C4, 0xE3C5, 0xDBA5,
  0xDBA4, 0xEBC4, 0xEBE4, 0xEBC4, 0xEBE4, 0xE405, 0xD406, 0x92C3, 0x5121, 0x1000, 0x0801, 0x0042,
  0x0082, 0x0060, 0x0020, 0x0021, 0x0842, 0x0041, 0x0860, 0x3100, 0x8222, 0xCB25, 0xE324, 0xEB24,
  0xEB03, 0xEB03, 0xEB03, 0xEB24, 0xEB44, 0xEB44, 0xEB44, 0xE343, 0xE323, 0xE323, 0xE303, 0xE303,
  0xE303, 0xE303, 0xE2E3, 0xE2E3, 0xE2E3, 0xE2E3, 0xE2C3, 0xE2C3, 0xE2C3, 0xE2C3, 0xE2A3, 0xE2A3,
  0xE2A3, 0xE2A3, 0xE2A3, 0xE283, 0xDA83, 0xDA83, 0xDA83, 0xDA63, 0xDA63, 0xDA63, 0xDA63, 0xDA63,
  0xDA63, 0xDA63, 0xDA43, 0xD243, 0xD243, 0xD243, 0xD223, 0xD223, 0xD223, 0xDA43, 0xDA23, 0xCA23,
  0xC245, 0x91E5, 0x5102, 0x1820, 0x0020, 0x0061, 0x0021, 0x0800, 0x2020, 0x48A2, 0x6944, 0x91C5,
  0xB226, 0xC225, 0xCA03, 0xC9C2, 0xC9C1, 0xC9E2, 0xC1E3, 0xC1E3, 0xC1E3, 0xC1C3, 0xC1C3, 0xC1C3,
  0xC1C3, 0xC1C3, 0xC1C3, 0xC1A3, 0xC1A3, 0xB9A3, 0xB9A3, 0xB9A3, 0xB9A3, 0xB9A3, 0xB9A3, 0xB9A3,
  0xB1A3, 0xB1A3, 0xB1A3, 0xB1A3, 0xB1A3, 0xB1A3, 0xB1A3, 0xB1A3, 0xB9A3, 0xB9A3, 0xB9A3, 0xB9A3,
  0xB9A3, 0xB9A3, 0xB9A3, 0xB9A3, 0xB9A3, 0xB9A3, 0xB9A3, 0xB9A3, 0xB9C3, 0xB9C3, 0xB9C3, 0xB9C3,
  0xB9C3, 0xB9C4, 0xB9C3, 0xB9C3, 0xC1C3, 0xC1C3, 0xC1C3, 0xC9E3, 0xC9E3, 0xC9C2, 0xC1A2, 0xC1A2,
  0xC1E2, 0xB204, 0x81A4, 0x3081, 0x0800, 0x0841, 0x2903, 0x5964, 0x91C4, 0xC224, 0xD9E3, 0xD9A2,
  0xD1E3, 0xCA03, 0xCA03, 0xD203, 0xD203, 0xD223, 0xD223, 0xD223, 0xD223, 0xD223, 0xD223, 0xD223,
  0xD223, 0xD243, 0xD243, 0xD243, 0xD243, 0xDA43, 0xDA43, 0xDA63, 0xDA63, 0xDA63, 0xDA63, 0xDA63,
  0xDA63, 0xDA83, 0xDA83, 0xDA83, 0xDA83, 0xDA83, 0xDAA3, 0xE2A3, 0xE2A3, 0xE2A3, 0xE2A3, 0xE2C3,
  0xE2C3, 0xE2C3, 0xE2C3, 0xE2C3, 0xE2E3, 0xE2E3, 0xE2E3, 0xE304, 0xE304, 0xE304, 0xE304, 0xE303,
  0xE303, 0xE303, 0xE323, 0xE323, 0xEB24, 0xEB44, 0xEB44, 0xEB44, 0xEB44, 0xEB44, 0xE344, 0xE343,
  0xE363, 0xEB63, 0xEB62, 0xEB62, 0xEB62, 0xEB62, 0xEB63, 0xE383, 0xE384, 0xE3A5, 0xE3A4, 0xE3A4,
  0xE3A4, 0xE3A4, 0xE3A4, 0xE3A4, 0xE3A4, 0xE3C4, 0xE3C4, 0xE3C4, 0xE3C4, 0xE3C4, 0xE3C5, 0xDBC5,
  0xDBA4, 0xEBA4, 0xF3E4, 0xEBE4, 0xE3E4, 0xDC06, 0xC3C7, 0x7223, 0x30A0, 0x0800, 0x0802, 0x0042,
  0x0082, 0x0040, 0x0020, 0x0801, 0x0822, 0x0021, 0x0840, 0x28A0, 0x71A2, 0xBAC5, 0xDB24, 0xE343,
  0xE323, 0xE322, 0xEB22, 0xEB23, 0xEB23, 0xEB23, 0xEB24, 0xE324, 0xDB03, 0xDB03, 0xE303, 0xE303,
  0xE2E3, 0xE2E3, 0xE2E3, 0xE2E3, 0xE2C3, 0xE2C3, 0xE2C3, 0xE2C3, 0xE2C3, 0xE2A3, 0xE2A3, 0xE2A3,
  0xE2A3, 0xE283, 0xE283, 0xDA83, 0xDA83, 0xDA63, 0xDA63, 0xDA63, 0xDA63, 0xDA63, 0xDA63, 0xDA43,
  0xDA43, 0xDA43, 0xD243, 0xD243, 0xD223, 0xD223, 0xD223, 0xD223, 0xD223, 0xDA23, 0xD243, 0xC224,
  0xAA25, 0x7964, 0x38A1, 0x1020, 0x0020, 0x0041, 0x0021, 0x0000, 0x1000, 0x2841, 0x40A2, 0x6923,
  0x91A4, 0xB1E4, 0xC203, 0xC9E2, 0xC9C2, 0xC1A2, 0xC1C2, 0xB9C3, 0xB9E3, 0xC1C3, 0xC1C3, 0xC1C3,
  0xC1C3, 0xC1A3, 0xC1A3, 0xB9A3, 0xB9A3, 0xB9A3, 0xB9A3, 0xB9A3, 0xB9A3, 0xB9A3, 0xB9A3, 0xB9A3,
  0xB183, 0xB183, 0xB183, 0xB183, 0xB183, 0xB183, 0xB183, 0xB183, 0xB183, 0xB9A3, 0xB9A3, 0xB9A3,
  0xB9A3, 0xB9A3, 0xB9A3, 0xB9A3, 0xB9A3, 0xB9A3, 0xB9A3, 0xB9A3, 0xB9A3, 0xB9A3, 0xB9A3, 0xB9A3,
  0xB9A3, 0xC1A3, 0xB9A3, 0xB9A3, 0xB9A3, 0xC1A3, 0xC1C3, 0xC9C3, 0xC9C3, 0xC9C3, 0xC1A3, 0xC1A2,
  0xC1E2, 0xBA04, 0x91A4, 0x4881, 0x1800, 0x0841, 0x10C2, 0x3102, 0x6141, 0xA1C3, 0xD1E2, 0xE1C2,
  0xD1E3, 0xCA03, 0xCA03, 0xCA03, 0xCA03, 0xCA03, 0xCA03, 0xD223, 0xD223, 0xD223, 0xD223, 0xD223,
  0xD223, 0xD223, 0xD223, 0xD223, 0xD223, 0xD243, 0xDA43, 0xDA43, 0xDA43, 0xDA43, 0xDA63, 0xDA63,
  0xDA63, 0xDA63, 0xDA63, 0xDA63, 0xDA83, 0xDA83, 0xDA83, 0xE283, 0xE2A3, 0xE2A3, 0xE2A3, 0xE2A3,
  0xE2A3, 0xE2C3, 0xE2C3, 0xE2C3, 0xE2C3, 0xE2E3, 0xE2E3, 0xE2E3, 0xE2E4, 0xE304, 0xE303, 0xE303,
  0xE303, 0xE323, 0xE324, 0xEB24, 0xEB44, 0xEB44, 0xEB44, 0xEB44, 0xEB44, 0xEB44, 0xE344, 0xE343,
  0xE342, 0xE342, 0xEB42, 0xEB42, 0xEB42, 0xEB42, 0xEB62, 0xEB83, 0xEBA4, 0xEBA4, 0xE3A4, 0xE3A3,
  0xE3A3, 0xE3A3, 0xE3A4, 0xE3A4, 0xE3A4, 0xE3A4, 0xE3A4, 0xE3C4, 0xE3C4, 0xE3C4, 0xE3E4, 0xE3E5,
  0xDB84, 0xEBA4, 0xEBC4, 0xEBE4, 0xDBC4, 0xC3A5, 0xA346, 0x61E4, 0x30C1, 0x0800, 0x0822, 0x0822,
  0x0041, 0x0020, 0x0000, 0x0800, 0x0801, 0x0001, 0x0020, 0x2060, 0x6162, 0xAA85, 0xCB43, 0xDB63,
  0xE362, 0xE342, 0xEB22, 0xEB22, 0xEB02, 0xEB03, 0xE2E3, 0xE2E3, 0xDAE4, 0xDAE4, 0xE2E3, 0xE2E3,
  0xE2E3, 0xE2E3, 0xE2E3, 0xE2C3, 0xE2C3, 0xE2C3, 0xE2A3, 0xE2A3, 0xE2A3, 0xE2A3, 0xE283, 0xE283,
  0xE283, 0xE283, 0xDA83, 0xDA83, 0xDA63, 0xDA63, 0xDA63, 0xDA63, 0xDA63, 0xDA43, 0xDA43, 0xDA43,
  0xD243, 0xD243, 0xD223, 0xD223, 0xD223, 0xD203, 0xD203, 0xD203, 0xD203, 0xD223, 0xCA44, 0xBA25,
  0x91C4, 0x5902, 0x2020, 0x0800, 0x0020, 0x0041, 0x0001, 0x0001, 0x0801, 0x1001, 0x2021, 0x4081,
  0x6922, 0x91A3, 0xB1E3, 0xC1E3, 0xC9A2, 0xC182, 0xB982, 0xB9C3, 0xB9C3, 0xB9C3, 0xB9C3, 0xB9A3,
  0xB9A3, 0xB9A3, 0xB9A3, 0xB9A3, 0xB9A3, 0xB9A3, 0xB9A3, 0xB9A3, 0xB9A3, 0xB983, 0xB183, 0xB183,
  0xB183, 0xB184, 0xB183, 0xB183, 0xB183, 0xB183, 0xB183, 0xB183, 0xB183, 0xB183, 0xB183, 0xB183,
  0xB183, 0xB1A3, 0xB1A3, 0xB9A3, 0xB9A3, 0xB9A3, 0xB9A3, 0xB9A3, 0xB9A3, 0xB9A3, 0xB9A3, 0xB9A3,
  0xB9A3, 0xC183, 0xC1A3, 0xC1A3, 0xC1A3, 0xC1C4, 0xC1C4, 0xC1C4, 0xC1E4, 0xC1C4, 0xC1C4, 0xC9C3,
  0xC1E3, 0xBA04, 0x9984, 0x58A1, 0x2821, 0x0821, 0x0061, 0x0880, 0x30C0, 0x8161, 0xB9E2, 0xDA03,
  0xD203, 0xC9E3, 0xC9E3, 0xCA03, 0xCA03, 0xCA03, 0xCA03, 0xCA03, 0xCA03, 0xD223, 0xD223, 0xD223,
  0xD223, 0xD223, 0xD223, 0xD223, 0xD223, 0xD223, 0xD223, 0xD243, 0xDA43, 0xDA43, 0xDA43, 0xDA63,
  0xDA63, 0xDA63, 0xDA63, 0xDA63, 0xDA63, 0xDA83, 0xDA83, 0xDA83, 0xDA83, 0xE283, 0xE2A3, 0xE2A3,
  0xE2A3, 0xE2A3, 0xE2C3, 0xE2C3, 0xE2C3, 0xE2C3, 0xE2E3, 0xE2E3, 0xE2E3, 0xE2E3, 0xE303, 0xE303,
  0xE303, 0xEB24, 0xEB24, 0xEB44, 0xEB44, 0xEB44, 0xEB64, 0xE364, 0xE364, 0xE364, 0xE364, 0xE363,
  0xE363, 0xE363, 0xE343, 0xE363, 0xEB63, 0xEB84, 0xEB83, 0xEB83, 0xEB83, 0xEB83, 0xE383, 0xE3A3,
  0xE3A3, 0xE3A3, 0xE3A3, 0xE3A3, 0xE3A3, 0xE3A3, 0xE3C3, 0xE3C3, 0xE3C3, 0xE3C3, 0xE3E4, 0xE3E4,
  0xE3A4, 0xEBA5, 0xEBC5, 0xE3C4, 0xC363, 0x9AE3, 0x7244, 0x5A06, 0x3964, 0x0820, 0x0822, 0x0822,
  0x0020, 0x0000, 0x0800, 0x0800, 0x0801, 0x0001, 0x0020, 0x1840, 0x5122, 0x9245, 0xC344, 0xD3A4,
  0xDB83, 0xE383, 0xEB63, 0xEB22, 0xEAE2, 0xE2C2, 0xE2C2, 0xDAC3, 0xDAC4, 0xDAE4, 0xE2E3, 0xE2E3,
  0xE2E3, 0xE2C3, 0xE2C3, 0xE2C3, 0xE2C3, 0xE2A3, 0xE2A3, 0xE2A3, 0xE2A3, 0xE2A3, 0xE283, 0xE283,
  0xE283, 0xDA83, 0xDA63, 0xDA63, 0xDA63, 0xDA63, 0xDA63, 0xDA63, 0xDA43, 0xDA43, 0xD242, 0xD222,
  0xD222, 0xD222, 0xD222, 0xD203, 0xD203, 0xD202, 0xD202, 0xD203, 0xD203, 0xCA23, 0xC244, 0xA205,
  0x7163, 0x3881, 0x1000, 0x0800, 0x0020, 0x0020, 0x0000, 0x0021, 0x0021, 0x0001, 0x0800, 0x2020,
  0x40A1, 0x7142, 0xA1C4, 0xB9E4, 0xC1C3, 0xC182, 0xC182, 0xC1C3, 0xB9C3, 0xB9C3, 0xB9A3, 0xB9A3,
  0xB9A3, 0xB9A3, 0xB9A3, 0xB9A3, 0xB9A3, 0xB9A3, 0xB9A3, 0xB982, 0xB983, 0xB183, 0xB183, 0xB183,
  0xA983, 0xA963, 0xA963, 0xA983, 0xB163, 0xB183, 0xB183, 0xB183, 0xB183, 0xB183, 0xB183, 0xB183,
  0xB183, 0xB183, 0xB183, 0xB183, 0xB9A3, 0xB9A3, 0xB9A3, 0xB9A3, 0xB9A3, 0xB9A3, 0xB9A3, 0xB9A3,
  0xB9A3, 0xB9A3, 0xB9C3, 0xB9C4, 0xB9C4, 0xB9C3, 0xB1A3, 0xB1A3, 0xB1A3, 0xB9C4, 0xB9E4, 0xC1E5,
  0xC204, 0xB1E4, 0x9163, 0x5881, 0x2821, 0x0821, 0x0061, 0x0040, 0x2060, 0x6100, 0xA1C2, 0xCA44,
  0xCA03, 0xC9E3, 0xC9E3, 0xC9E3, 0xCA03, 0xCA03, 0xCA03, 0xCA03, 0xCA03, 0xCA03, 0xCA03, 0xD203,
  0xD203, 0xD203, 0xD223, 0xD223, 0xD223, 0xD223, 0xD223, 0xD223, 0xDA23, 0xDA43, 0xDA43, 0xDA43,
  0xDA63, 0xDA63, 0xDA63, 0xDA63, 0xDA63, 0xDA63, 0xDA63, 0xDA83, 0xDA83, 0xDA83, 0xE283, 0xE2A3,
  0xE2A3, 0xE2A3, 0xE2A3, 0xE2C3, 0xE2C3, 0xE2C3, 0xE2C3, 0xE2E3, 0xE2E3, 0xE2E3, 0xE2E3, 0xE303,
  0xEB03, 0xEB04, 0xEB24, 0xEB24, 0xEB44, 0xE344, 0xE364, 0xE364, 0xE364, 0xDB64, 0xE364, 0xE384,
  0xE384, 0xE364, 0xDB65, 0xDB85, 0xE386, 0xE3A6, 0xE3A5, 0xEBA4, 0xEB83, 0xEB62, 0xE382, 0xE3A3,
  0xE3A3, 0xE3A3, 0xE3A3, 0xE3A3, 0xE3A3, 0xE3A3, 0xE3C3, 0xE3C3, 0xE3C3, 0xE3C3, 0xEBE3, 0xEBE4,
  0xE384, 0xEB85, 0xE3A5, 0xD3C4, 0xB343, 0x7A42, 0x4962, 0x49E7, 0x41A6, 0x18A2, 0x1042, 0x0801,
  0x0000, 0x0020, 0x0800, 0x1000, 0x0801, 0x0001, 0x0021, 0x1041, 0x40E2, 0x79C4, 0x9AA4, 0xB304,
  0xC344, 0xD344, 0xE344, 0xEB23, 0xEAE2, 0xE2C2, 0xE2A2, 0xE2C3, 0xE2E4, 0xE2E4, 0xE2E3, 0xE2C3,
  0xE2C3, 0xE2C3, 0xE2C3, 0xE2A3, 0xE2A3, 0xE2A3, 0xE2A3, 0xE2A3, 0xE283, 0xE283, 0xE283, 0xE283,
  0xDA83, 0xDA63, 0xDA63, 0xDA63, 0xDA63, 0xDA63, 0xDA43, 0xDA43, 0xDA43, 0xD223, 0xD222, 0xD222,
  0xD222, 0xD222, 0xD202, 0xD202, 0xD202, 0xD202, 0xD1E2, 0xD1E2, 0xCA03, 0xC223, 0xB204, 0x81A4,
  0x48E2, 0x2040, 0x0000, 0x0000, 0x0000, 0x0000, 0x0000, 0x0021, 0x0022, 0x0021, 0x0000, 0x0820,
  0x2860, 0x5902, 0x8983, 0xA9C4, 0xC1C4, 0xC9A3, 0xC9A3, 0xC1A3, 0xC1A3, 0xB9A3, 0xB9A3, 0xB9A3,
  0xB9A3, 0xB9A3, 0xB9A3, 0xB9A3, 0xB9A3, 0xB983, 0xB983, 0xB982, 0xB183, 0xB183, 0xB183, 0xB183,
  0xA983, 0xA963, 0xA963, 0xA963, 0xA963, 0xA963, 0xB163, 0xB163, 0xB163, 0xB163, 0xB163, 0xB163,
  0xB183, 0xB183, 0xB183, 0xB183, 0xB183, 0xB183, 0xB183, 0xB1A3, 0xB9A3, 0xB9A3, 0xB9A3, 0xB9A3,
  0xB9A3, 0xB9C3, 0xB9E3, 0xB9E4, 0xB1E4, 0xA9A3, 0xA162, 0x9962, 0x9962, 0xA184, 0xB1C5, 0xBA06,
  0xBA05, 0xA9C3, 0x7922, 0x4880, 0x2040, 0x0841, 0x0042, 0x0020, 0x1000, 0x4880, 0x8983, 0xBA44,
  0xC203, 0xC9E3, 0xC9E3, 0xC9E3, 0xC9E3, 0xC9E3, 0xCA03, 0xCA03, 0xCA03, 0xCA03, 0xCA03, 0xD203,
  0xD203, 0xD203, 0xD203, 0xD203, 0xD203, 0xD223, 0xD223, 0xD223, 0xDA23, 0xDA23, 0xDA23, 0xDA43,
  0xDA43, 0xDA43, 0xDA43, 0xDA63, 0xDA63, 0xDA63, 0xDA63, 0xDA63, 0xDA83, 0xDA83, 0xE283, 0xE283,
  0xE2A3, 0xE2A3, 0xE2A3, 0xE2A3, 0xE2C3, 0xE2C3, 0xE2C3, 0xE2C3, 0xE2E3, 0xE2E3, 0xE2E3, 0xE2E3,
  0xEAE3, 0xEB04, 0xE304, 0xE324, 0xE344, 0xE344, 0xDB44, 0xDB44, 0xDB44, 0xD344, 0xDB64, 0xE3A5,
  0xDB85, 0xD365, 0xCB46, 0xCB67, 0xCB67, 0xD387, 0xDBA7, 0xE3A5, 0xEBA4, 0xEB82, 0xEB82, 0xE3A3,
  0xE3A3, 0xE3A3, 0xE3A3, 0xE3A3, 0xE3A3, 0xE3A3, 0xE3C3, 0xE3C3, 0xE3C3, 0xE3C3, 0xEBE3, 0xEBE3,
  0xEB84, 0xE365, 0xE385, 0xCBC5, 0xA303, 0x59C1, 0x28C1, 0x3966, 0x39A7, 0x3144, 0x1882, 0x0821,
  0x0000, 0x0820, 0x1020, 0x1000, 0x0801, 0x0022, 0x0042, 0x0041, 0x28A2, 0x5123, 0x6983, 0x8203,
  0xA284, 0xBAE5, 0xDB25, 0xE324, 0xEB03, 0xEAC2, 0xE2C2, 0xE2C3, 0xEB04, 0xEB04, 0xE2C3, 0xE2C3,
  0xE2C3, 0xE2C3, 0xE2A3, 0xE2A3, 0xE2A3, 0xE2A3, 0xE2A3, 0xE283, 0xE283, 0xE283, 0xE263, 0xE263,
  0xDA63, 0xDA63, 0xDA63, 0xDA63, 0xDA43, 0xDA43, 0xDA43, 0xDA43, 0xDA43, 0xD223, 0xD222, 0xD222,
  0xD202, 0xD202, 0xD202, 0xD202, 0xD1E2, 0xD1E2, 0xD1E2, 0xD1E2, 0xC9E3, 0xBA03, 0x99C3, 0x6122,
  0x2881, 0x0820, 0x0000, 0x0000, 0x0000, 0x0000, 0x0000, 0x0021, 0x0021, 0x0041, 0x0020, 0x0020,
  0x1040, 0x38A1, 0x6922, 0x9984, 0xB9A5, 0xC9C5, 0xC9A3, 0xC182, 0xC182, 0xB9A3, 0xB9A3, 0xB9A3,
  0xB9A3, 0xB9A3, 0xB9A3, 0xB9A3, 0xB983, 0xB983, 0xB983, 0xB183, 0xB183, 0xB163, 0xB163, 0xB163,
  0xA963, 0xA963, 0xA963, 0xA963, 0xA963, 0xA963, 0xA963, 0xB163, 0xB163, 0xB163, 0xB163, 0xB163,
  0xB183, 0xB183, 0xB183, 0xB183, 0xB183, 0xB183, 0xB183, 0xB183, 0xB183, 0xB183, 0xB9A3, 0xB983,
  0xB182, 0xB1A2, 0xB1C3, 0xB1E4, 0xA9C3, 0x9982, 0x8921, 0x80E0, 0x80E1, 0x8922, 0x9984, 0xA1E5,
  0xA9C5, 0x9163, 0x60E1, 0x3060, 0x1040, 0x0041, 0x0043, 0x0801, 0x1000, 0x3820, 0x6942, 0xA204,
  0xC1E3, 0xC9E3, 0xC9E3, 0xC9E3, 0xC9E3, 0xC9E3, 0xC9E3, 0xCA03, 0xCA03, 0xCA03, 0xCA03, 0xD203,
  0xD203, 0xD203, 0xD203, 0xD203, 0xD203, 0xD223, 0xD223, 0xD223, 0xD223, 0xD223, 0xD223, 0xDA43,
  0xDA43, 0xDA43, 0xDA43, 0xDA63, 0xDA63, 0xDA63, 0xDA63, 0xDA63, 0xDA63, 0xDA83, 0xDA83, 0xE283,
  0xE283, 0xE2A3, 0xE2A3, 0xE2A3, 0xE2C3, 0xE2C3, 0xE2C3, 0xE2C3, 0xE2C3, 0xE2E3, 0xE2E3, 0xE2C3,
  0xE2E3, 0xE2E3, 0xE303, 0xE304, 0xE324, 0xDB44, 0xD324, 0xD323, 0xCB23, 0xCB23, 0xCB23, 0xCB24,
  0xBAE3, 0xAA83, 0x9A43, 0x9224, 0x9244, 0xA284, 0xBAE5, 0xCB44, 0xE384, 0xEBA3, 0xEBA3, 0xE3A3,
  0xE3A3, 0xE3A3, 0xE3A3, 0xE3A3, 0xE3A3, 0xE3A3, 0xE3A3, 0xE3A3, 0xE3C3, 0xE3C3, 0xEBC2, 0xEBA1,
  0xEB63, 0xE344, 0xDB65, 0xCBC6, 0x9B24, 0x51C2, 0x2081, 0x1883, 0x2925, 0x4A06, 0x20C3, 0x0821,
  0x0020, 0x0040, 0x0840, 0x0820, 0x0001, 0x0022, 0x0042, 0x0041, 0x1061, 0x3061, 0x3840, 0x50A1,
  0x7163, 0xA245, 0xCAC5, 0xDB05, 0xEB04, 0xEAE3, 0xEAC2, 0xEAE3, 0xEB03, 0xEB04, 0xE2C3, 0xE2C3,
  0xE2C3, 0xE2C3, 0xE2A3, 0xE2A3, 0xE2A3, 0xE2A3, 0xE283, 0xE283, 0xE283, 0xE283, 0xDA63, 0xDA63,
  0xDA63, 0xDA63, 0xDA63, 0xDA63, 0xDA43, 0xDA43, 0xDA43, 0xDA43, 0xDA43, 0xD222, 0xD222, 0xD202,
  0xD202, 0xD202, 0xD202, 0xD202, 0xD1E2, 0xD1E2, 0xD1E2, 0xC9E2, 0xC9E2, 0xB1E3, 0x8182, 0x48A0,
  0x1820, 0x0020, 0x0041, 0x0020, 0x0000, 0x0800, 0x0820, 0x0021, 0x0021, 0x0061, 0x0061, 0x0020,
  0x0020, 0x2840, 0x50A1, 0x8923, 0xB184, 0xC9A5, 0xC983, 0xC162, 0xB961, 0xB9A3, 0xB9A3, 0xB9A3,
  0xB9A3, 0xB9A3, 0xB9A3, 0xB983, 0xB983, 0xB983, 0xB983, 0xB183, 0xB183, 0xB163, 0xB163, 0xB163,
  0xA962, 0xA163, 0xA963, 0xB143, 0xB143, 0xB143, 0xA943, 0xA963, 0xA983, 0xA983, 0xB163, 0xB143,
  0xB162, 0xB182, 0xB162, 0xB162, 0xB182, 0xB983, 0xB983, 0xB963, 0xB963, 0xB963, 0xB963, 0xB983,
  0xB163, 0xB183, 0xB1A4, 0xB1E4, 0xA9C4, 0x9982, 0x8121, 0x70E0, 0x60A0, 0x60C1, 0x68E2, 0x7124,
  0x7965, 0x6103, 0x3860, 0x2040, 0x0840, 0x0041, 0x0042, 0x0021, 0x0800, 0x2020, 0x60E2, 0xA1C5,
  0xC1C3, 0xC9C3, 0xC1C3, 0xC1E3, 0xC1E4, 0xC9E3, 0xC9E3, 0xC9E3, 0xC9E3, 0xC9E2, 0xC9E2, 0xC9E3,
  0xD1E3, 0xD1E3, 0xD1E3, 0xD203, 0xD203, 0xD203, 0xD203, 0xD203, 0xD203, 0xD203, 0xD223, 0xD222,
  0xD242, 0xDA43, 0xDA43, 0xDA43, 0xD243, 0xDA43, 0xDA63, 0xDA83, 0xDA83, 0xDA63, 0xDA63, 0xE263,
  0xE283, 0xE283, 0xE283, 0xE2A3, 0xE2A3, 0xE2C3, 0xE2C3, 0xE2C3, 0xE2C3, 0xE2C3, 0xE2C3, 0xE2C3,
  0xE2E3, 0xE2E3, 0xDAA2, 0xDAE3, 0xDB25, 0xD325, 0xBAA4, 0x9A43, 0x8A23, 0x8223, 0x7A23, 0x7A23,
  0x71A2, 0x6141, 0x5102, 0x4903, 0x4103, 0x5962, 0x8A02, 0xBAE3, 0xDB64, 0xE3A4, 0xE3A4, 0xE3A3,
  0xE3A3, 0xE3A3, 0xE3A3, 0xE3A3, 0xE3A3, 0xE3A3, 0xE3C3, 0xE3C3, 0xE3C3, 0xE3C3, 0xEBA1, 0xF3A0,
  0xEBA3, 0xE3A5, 0xD3C7, 0xBBC7, 0x8AE5, 0x4983, 0x1861, 0x0801, 0x18A3, 0x39C5, 0x18C2, 0x0020,
  0x0020, 0x0040, 0x0840, 0x0820, 0x0001, 0x0021, 0x0021, 0x0021, 0x0820, 0x1020, 0x1001, 0x2020,
  0x48C1, 0x89E4, 0xBAA4, 0xDAE4, 0xEB04, 0xEAE3, 0xEAC3, 0xEAE3, 0xEAE4, 0xEAE3, 0xEAC3, 0xE2A3,
  0xE2A2, 0xE2A3, 0xE2C3, 0xE2C3, 0xE2A3, 0xE283, 0xE283, 0xE283, 0xE263, 0xE263, 0xDA63, 0xDA63,
  0xDA63, 0xDA63, 0xDA43, 0xDA23, 0xE223, 0xE203, 0xE223, 0xDA23, 0xD243, 0xD242, 0xD222, 0xD202,
  0xD202, 0xD202, 0xCA02, 0xC9E1, 0xD1E1, 0xD1E2, 0xD1E2, 0xC9E2, 0xB1E3, 0x89A3, 0x5902, 0x3080,
  0x0820, 0x0020, 0x0041, 0x0021, 0x0000, 0x0800, 0x0800, 0x0821, 0x0021, 0x0041, 0x0040, 0x0020,
  0x0000, 0x1840, 0x3881, 0x6923, 0x9185, 0xB1C5, 0xC1A4, 0xC962, 0xC162, 0xB982, 0xB982, 0xB982,
  0xB983, 0xB983, 0xB983, 0xB963, 0xB983, 0xB183, 0xB183, 0xB1A3, 0xB183, 0xB163, 0xB163, 0xB163,
  0xA922, 0xA162, 0xB143, 0xB943, 0xB923, 0xB123, 0xA943, 0xA163, 0xA1A3, 0xA9A4, 0xB163, 0xB923,
  0xB142, 0xA962, 0xA962, 0xA962, 0xB162, 0xB963, 0xB963, 0xB963, 0xB943, 0xB943, 0xB943, 0xC164,
  0xB964, 0xB964, 0xB984, 0xB9A4, 0xB1C4, 0xA1A3, 0x9162, 0x7921, 0x58A1, 0x4881, 0x4061, 0x3882,
  0x48E4, 0x3082, 0x1800, 0x1000, 0x1021, 0x0021, 0x0021, 0x0040, 0x0040, 0x1800, 0x68C2, 0xB165,
  0xC184, 0xC1A3, 0xC1C3, 0xB9E4, 0xC1E4, 0xC1E4, 0xC9E4, 0xC9C3, 0xC9C3, 0xC9C2, 0xC9E2, 0xC9E2,
  0xD1E3, 0xD1E3, 0xD1E3, 0xD1E3, 0xD1E3, 0xD1E3, 0xD1E3, 0xD203, 0xD203, 0xD203, 0xD203, 0xD222,
  0xD222, 0xD223, 0xD223, 0xD223, 0xD223, 0xD242, 0xDA62, 0xDA83, 0xDA83, 0xDA63, 0xDA43, 0xE243,
  0xE263, 0xE263, 0xE283, 0xE283, 0xDAA3, 0xDAA3, 0xDAC3, 0xE2C3, 0xE2C3, 0xE2C3, 0xE2C3, 0xDAC3,
  0xE304, 0xE304, 0xD282, 0xDAC4, 0xDB26, 0xC2E6, 0x89E3, 0x5921, 0x38E2, 0x28E2, 0x20E3, 0x2902,
  0x2060, 0x1800, 0x1822, 0x0823, 0x0023, 0x1860, 0x5940, 0xA261, 0xD364, 0xDB86, 0xE385, 0xE382,
  0xE3A3, 0xE3A3, 0xE3A3, 0xE3A3, 0xE3A3, 0xE3C3, 0xE3C3, 0xE3C3, 0xE3C3, 0xE3C3, 0xEBA0, 0xF3A0,
  0xF3E2, 0xE406, 0xCBE8, 0xA348, 0x6A26, 0x3903, 0x1040, 0x0000, 0x0861, 0x18C2, 0x0861, 0x0841,
  0x0841, 0x0840, 0x0020, 0x0020, 0x0020, 0x0020, 0x0020, 0x0020, 0x0020, 0x0021, 0x0022, 0x0821,
  0x2880, 0x71C2, 0xAA83, 0xCAE3, 0xE304, 0xE2C3, 0xE2A3, 0xEAE4, 0xEAC4, 0xEAA3, 0xEAA3, 0xE2A2,
  0xE2A2, 0xDAA2, 0xDAC3, 0xDAC3, 0xDAA3, 0xDA83, 0xE263, 0xE283, 0xE243, 0xE243, 0xDA43, 0xDA63,
  0xD263, 0xD243, 0xDA43, 0xE203, 0xE1E3, 0xE1E3, 0xE203, 0xDA22, 0xD242, 0xD242, 0xD222, 0xD1E2,
  0xD9E2, 0xD202, 0xCA02, 0xC9E1, 0xC9E0, 0xD9E1, 0xD1E2, 0xC1E3, 0xA1C3, 0x5922, 0x30A1, 0x1860,
  0x0020, 0x0020, 0x0021, 0x0021, 0x0001, 0x0001, 0x0000, 0x0800, 0x0820, 0x0020, 0x0000, 0x0000,
  0x0000, 0x1040, 0x28A1, 0x4923, 0x7184, 0x91C5, 0xB1A4, 0xC983, 0xC962, 0xB961, 0xB961, 0xB962,
  0xC163, 0xC163, 0xB964, 0xB964, 0xB163, 0xB163, 0xB183, 0xA9A3, 0xB183, 0xB163, 0xB163, 0xB163,
  0xB123, 0xB164, 0xB144, 0xB144, 0xB124, 0xB144, 0xA944, 0xA163, 0xA183, 0xA963, 0xA943, 0xB143,
  0xB142, 0xB162, 0xA942, 0xA942, 0xB142, 0xB162, 0xB963, 0xB163, 0xB163, 0xB163, 0xB163, 0xB183,
  0xB183, 0xB183, 0xB983, 0xB983, 0xB983, 0xB183, 0xA983, 0x9963, 0x8143, 0x6903, 0x58E2, 0x48A2,
  0x30A3, 0x1841, 0x0800, 0x0800, 0x0820, 0x0021, 0x0021, 0x0040, 0x0040, 0x2820, 0x78C3, 0xB965,
  0xC183, 0xC183, 0xC1A3, 0xC1C3, 0xC1C3, 0xC1C3, 0xC9C3, 0xC9C3, 0xC9C3, 0xC9C2, 0xC9E2, 0xC9E3,
  0xD1E3, 0xD1E3, 0xD1E3, 0xD1E3, 0xD1E3, 0xD1E3, 0xD1E3, 0xD203, 0xD203, 0xD203, 0xD203, 0xD202,
  0xD202, 0xD223, 0xDA23, 0xDA23, 0xDA23, 0xDA22, 0xD242, 0xDA42, 0xDA62, 0xE263, 0xE263, 0xE263,
  0xE263, 0xE263, 0xE263, 0xE283, 0xDAA3, 0xDAA3, 0xE2C3, 0xE2C3, 0xE2C3, 0xE2C3, 0xE2A3, 0xDA81,
  0xE2E3, 0xEB24, 0xE2C3, 0xDAE4, 0xD2E5, 0xAA44, 0x6901, 0x3840, 0x1840, 0x0861, 0x0862, 0x1081,
  0x1020, 0x1800, 0x1801, 0x0822, 0x0022, 0x0840, 0x38E0, 0x79E1, 0xB2E4, 0xDB65, 0xEBA5, 0xEBC4,
  0xE3A3, 0xE383, 0xE363, 0xE383, 0xE3A3, 0xEBC4, 0xEBE4, 0xE3E4, 0xE3E4, 0xE3C4, 0xE3C2, 0xEBE2,
  0xE404, 0xCBC5, 0xA305, 0x7204, 0x4102, 0x2081, 0x1040, 0x0840, 0x0840, 0x0040, 0x0040, 0x0020,
  0x0020, 0x0020, 0x0020, 0x0020, 0x0020, 0x0020, 0x0020, 0x0020, 0x0020, 0x0020, 0x0021, 0x0841,
  0x2881, 0x6182, 0x9264, 0xB2C4, 0xBA83, 0xCAA4, 0xDAE4, 0xE2C4, 0xEAC4, 0xEAC3, 0xE2C3, 0xE2C3,
  0xDAA2, 0xDA82, 0xDA82, 0xDA82, 0xDA62, 0xDA42, 0xE242, 0xE263, 0xE263, 0xE263, 0xE263, 0xDA42,
  0xDA43, 0xD243, 0xDA43, 0xDA23, 0xDA23, 0xDA03, 0xD202, 0xD202, 0xD202, 0xD222, 0xD202, 0xD1C2,
  0xD9C3, 0xD203, 0xCA03, 0xC9E2, 0xC9C1, 0xD9A2, 0xD1A2, 0xC1C3, 0x99A3, 0x50E1, 0x2040, 0x1020,
  0x0000, 0x0000, 0x0021, 0x0021, 0x0021, 0x0801, 0x0800, 0x0800, 0x0020, 0x0020, 0x0000, 0x0000,
  0x0000, 0x0820, 0x1840, 0x30A1, 0x50E1, 0x7102, 0x9123, 0xB143, 0xB922, 0xB921, 0xB941, 0xB962,
  0xB962, 0xB983, 0xB983, 0xB163, 0xB163, 0xB163, 0xB163, 0xB163, 0xB163, 0xB163, 0xB163, 0xB163,
  0xB944, 0xB165, 0xA944, 0xA124, 0xA124, 0xA144, 0xA164, 0xA964, 0xA943, 0xA943, 0xA942, 0xB143,
  0xB162, 0xB142, 0xA942, 0xA922, 0xA942, 0xB162, 0xB163, 0xB183, 0xA983, 0xA982, 0xA982, 0xA9A2,
  0xA9A2, 0xB182, 0xB182, 0xB962, 0xB962, 0xB963, 0xB983, 0xB1A4, 0xA1C5, 0x8985, 0x7164, 0x5903,
  0x2882, 0x0820, 0x0020, 0x0020, 0x0840, 0x0841, 0x0020, 0x0020, 0x0820, 0x4061, 0x8924, 0xC186,
  0xC184, 0xC183, 0xC1A3, 0xC1A3, 0xC1A3, 0xC1A3, 0xC9A3, 0xC9A3, 0xC9C3, 0xC9C3, 0xC9E3, 0xC9E3,
  0xC9E3, 0xD1E3, 0xD1E3, 0xD1E3, 0xD1E3, 0xD1E3, 0xD1E3, 0xD1E3, 0xD203, 0xD203, 0xD203, 0xCA02,
  0xD202, 0xD223, 0xDA23, 0xE223, 0xDA23, 0xDA22, 0xD222, 0xD222, 0xDA22, 0xE242, 0xE243, 0xE243,
  0xE263, 0xE263, 0xE263, 0xE283, 0xDAA3, 0xE2A3, 0xE2A3, 0xE2A3, 0xE2A3, 0xE2C3, 0xE2A2, 0xDA81,
  0xE2E2, 0xEB23, 0xE2E3, 0xE304, 0xCAE5, 0x9A03, 0x60E0, 0x3020, 0x1840, 0x0841, 0x0021, 0x0820,
  0x0800, 0x1000, 0x1801, 0x1022, 0x0822, 0x0021, 0x1080, 0x4941, 0x9263, 0xD344, 0xE3A5, 0xEBC5,
  0xE3A4, 0xE383, 0xE383, 0xE3A4, 0xEBC4, 0xEBE4, 0xE3E5, 0xE3E5, 0xE3E5, 0xE3E5, 0xE3E5, 0xD3E4,
  0xC384, 0x9AC4, 0x71E2, 0x40E1, 0x2040, 0x1020, 0x0820, 0x0840, 0x0020, 0x0000, 0x0020, 0x0020,
  0x0020, 0x0020, 0x0020, 0x0000, 0x0000, 0x0000, 0x0000, 0x0000, 0x0000, 0x0000, 0x0001, 0x0841,
  0x20A1, 0x4922, 0x71E4, 0x8A44, 0x89C2, 0xA223, 0xC2A4, 0xD2A4, 0xE2C3, 0xE2C3, 0xDAA2, 0xDAC3,
  0xE2C3, 0xE2A2, 0xE282, 0xE283, 0xE283, 0xE263, 0xDA43, 0xDA43, 0xDA63, 0xDA63, 0xDA63, 0xDA63,
  0xDA43, 0xD223, 0xCA23, 0xC243, 0xC243, 0xC243, 0xCA43, 0xD223, 0xD202, 0xD202, 0xD1E2, 0xD9A2,
  0xD9C4, 0xDA04, 0xCA25, 0xCA03, 0xC9C2, 0xD982, 0xD183, 0xC9A3, 0xA1A3, 0x6123, 0x30A2, 0x2061,
  0x0840, 0x0021, 0x0021, 0x0022, 0x0821, 0x0801, 0x0000, 0x0000, 0x0000, 0x0000, 0x0000, 0x0000,
  0x0000, 0x0800, 0x0820, 0x1820, 0x3040, 0x5060, 0x78C1, 0x9923, 0xB143, 0xB922, 0xB942, 0xB962,
  0xB182, 0xB1A2, 0xB1A2, 0xB182, 0xB182, 0xB162, 0xB943, 0xB943, 0xB143, 0xB163, 0xB163, 0xB163,
  0xA924, 0xA145, 0x9124, 0x8103, 0x8103, 0x8924, 0x9144, 0xA144, 0xA923, 0xA923, 0xB122, 0xB163,
  0xB162, 0xB142, 0xA942, 0xA922, 0xA922, 0xB142, 0xB162, 0xA962, 0xA982, 0xA182, 0xA182, 0xA182,
  0xA982, 0xB182, 0xB182, 0xB162, 0xB142, 0xB142, 0xB163, 0xA984, 0xA1C5, 0x91C5, 0x8185, 0x6124,
  0x2081, 0x0020, 0x0040, 0x0040, 0x0840, 0x0841, 0x0000, 0x0000, 0x1040, 0x50C2, 0x9165, 0xC1A6,
  0xC1A4, 0xC1A3, 0xC1A3, 0xC9A3, 0xC9A3, 0xC9A2, 0xC982, 0xC9A3, 0xC9C3, 0xC9C3, 0xC9C3, 0xC9C3,
  0xC9C3, 0xC9C3, 0xC9C3, 0xC9C3, 0xD1E3, 0xD1E3, 0xD1E3, 0xD1E3, 0xD1E3, 0xD1E3, 0xD203, 0xD203,
  0xD223, 0xD203, 0xDA03, 0xDA03, 0xE223, 0xDA23, 0xD222, 0xD222, 0xDA22, 0xE222, 0xE222, 0xE243,
  0xE263, 0xE263, 0xE263, 0xE283, 0xE283, 0xE2A3, 0xE2A3, 0xE2A3, 0xE2A3, 0xE2A3, 0xE2C3, 0xE2C2,
  0xEAE2, 0xEB03, 0xE2C3, 0xDAE4, 0xD2E5, 0xAA43, 0x7982, 0x5101, 0x3902, 0x20A2, 0x1061, 0x0820,
  0x0800, 0x0800, 0x1001, 0x1021, 0x0821, 0x0021, 0x0041, 0x20C2, 0x69C2, 0xB2E3, 0xDB64, 0xE3A4,
  0xE3A4, 0xEBC4, 0xEBC4, 0xEBC4, 0xEBC4, 0xEBC4, 0xE3C4, 0xE3C5, 0xE3E5, 0xE406, 0xCBE6, 0xB386,
  0x8A83, 0x61A1, 0x38C0, 0x2060, 0x1020, 0x0800, 0x0000, 0x0000, 0x0000, 0x0020, 0x0020, 0x0000,
  0x0000, 0x0000, 0x0000, 0x0000, 0x0000, 0x0000, 0x0000, 0x0000, 0x0000, 0x0000, 0x0000, 0x0841,
  0x1881, 0x28A1, 0x4123, 0x5163, 0x5101, 0x6942, 0x91E3, 0xC283, 0xDAC3, 0xE2C3, 0xD2A2, 0xDAC3,
  0xE2C3, 0xE2A3, 0xEA82, 0xEA83, 0xEAA4, 0xE284, 0xCA43, 0xBA02, 0xBA23, 0xBA23, 0xBA43, 0xC243,
  0xC224, 0xB9E3, 0xA9C3, 0x99C2, 0x9A02, 0xA243, 0xBA43, 0xD243, 0xDA03, 0xD9E2, 0xD1E2, 0xD9A2,
  0xD9A4, 0xD9E5, 0xD225, 0xCA04, 0xD1C3, 0xD962, 0xD183, 0xC983, 0xA9A3, 0x7164, 0x4124, 0x28A2,
  0x1061, 0x0041, 0x0021, 0x0021, 0x0001, 0x0001, 0x0000, 0x0000, 0x0000, 0x0020, 0x0000, 0x0000,
  0x0020, 0x0020, 0x0800, 0x0800, 0x1800, 0x3020, 0x60A1, 0x8924, 0xA144, 0xA923, 0xB143, 0xB162,
  0xB182, 0xB1A2, 0xB1A1, 0xB181, 0xB162, 0xB142, 0xB943, 0xB923, 0xB943, 0xB143, 0xA943, 0xA943,
  0x8904, 0x8104, 0x68E3, 0x58C2, 0x50C2, 0x60E2, 0x7103, 0x9104, 0xA104, 0xA923, 0xB123, 0xA962,
  0xA962, 0xA943, 0xA942, 0xA942, 0xA922, 0xB142, 0xB142, 0xA942, 0xA962, 0xA162, 0xA182, 0xA182,
  0xA982, 0xB183, 0xB183, 0xA963, 0xA142, 0x9102, 0x8902, 0x8922, 0x8164, 0x7964, 0x7144, 0x5903,
  0x1861, 0x0041, 0x0060, 0x0040, 0x0820, 0x0820, 0x0000, 0x0000, 0x1040, 0x5103, 0x8965, 0xB1A6,
  0xB9A4, 0xC1A4, 0xC1A4, 0xC9A3, 0xC983, 0xC982, 0xC982, 0xC1A2, 0xC9A3, 0xC9C3, 0xC9C3, 0xC9C3,
  0xC9C3, 0xC9C3, 0xC9C3, 0xC9C3, 0xC9C3, 0xC9E3, 0xD1E3, 0xD1E3, 0xD1E3, 0xD1E3, 0xD203, 0xD224,
  0xD224, 0xD1E3, 0xD1C2, 0xD9C2, 0xDA03, 0xDA23, 0xD243, 0xD243, 0xD223, 0xDA02, 0xE222, 0xE243,
  0xE243, 0xE263, 0xE263, 0xE263, 0xE283, 0xE283, 0xE283, 0xE2A3, 0xE2A3, 0xE2A3, 0xEAC3, 0xEB03,
  0xEAE3, 0xEAC2, 0xE2A2, 0xDAC3, 0xDAE4, 0xC2A4, 0xA264, 0x8A45, 0x7A25, 0x59A4, 0x40E2, 0x2840,
  0x1020, 0x0821, 0x0001, 0x0821, 0x0841, 0x0041, 0x0042, 0x1082, 0x4122, 0x9242, 0xC303, 0xDBA4,
  0xEBC4, 0xEBE4, 0xF3E4, 0xEBC3, 0xEBA3, 0xE3A3, 0xE3C4, 0xE3E5, 0xE405, 0xDC06, 0xB386, 0x82A5,
  0x5161, 0x28A0, 0x1020, 0x1020, 0x0841, 0x0841, 0x0000, 0x0000, 0x0020, 0x0840, 0x0020, 0x0000,
  0x0000, 0x0000, 0x0000, 0x0000, 0x0000, 0x0000, 0x0000, 0x0000, 0x0000, 0x0000, 0x0000, 0x0020,
  0x0840, 0x0840, 0x1061, 0x1882, 0x2040, 0x3860, 0x6121, 0xAA44, 0xCAA3, 0xDAE3, 0xDAC3, 0xE2E4,
  0xEAE4, 0xEA83, 0xE242, 0xE243, 0xE284, 0xD265, 0xAA03, 0x8982, 0x81A3, 0x79A3, 0x7982, 0x81A3,
  0x89A4, 0x8143, 0x68E1, 0x5900, 0x5940, 0x79C2, 0xA203, 0xCA03, 0xD9C3, 0xD9E2, 0xD9E2, 0xD9A2,
  0xD9A3, 0xD1C4, 0xCA05, 0xC9E4, 0xC9A3, 0xD162, 0xD163, 0xC983, 0xA163, 0x6924, 0x38C3, 0x2082,
  0x1041, 0x0020, 0x0000, 0x0000, 0x0000, 0x0000, 0x0000, 0x0000, 0x0020, 0x0020, 0x0000, 0x0000,
  0x0020, 0x0020, 0x0020, 0x0000, 0x0800, 0x2020, 0x48A2, 0x7145, 0x8965, 0x9124, 0x9923, 0xA163,
  0xA982, 0xB182, 0xB181, 0xB161, 0xB141, 0xB142, 0xB142, 0xB943, 0xB143, 0xA943, 0xA943, 0xA943,
  0x58C3, 0x4882, 0x3881, 0x2860, 0x2060, 0x3081, 0x50A2, 0x78C3, 0x9904, 0xA924, 0xB143, 0xA942,
  0xA942, 0xA963, 0xA943, 0xA943, 0xB142, 0xB122, 0xB122, 0xB122, 0xB142, 0xA962, 0xA962, 0xA983,
  0xB184, 0xB184, 0xA984, 0x9163, 0x7902, 0x60C1, 0x5080, 0x48A0, 0x48C1, 0x48C2, 0x4881, 0x3841,
  0x1021, 0x0041, 0x0061, 0x0020, 0x0800, 0x0800, 0x0800, 0x0000, 0x0840, 0x38E2, 0x6923, 0x9144,
  0xA184, 0xB184, 0xB9A4, 0xC984, 0xC983, 0xC982, 0xC182, 0xC182, 0xC1A3, 0xC1A3, 0xC1A3, 0xC9A3,
  0xC9A3, 0xC9C3, 0xC9C3, 0xC9C3, 0xC9C3, 0xC9C3, 0xC9C3, 0xC9E3, 0xC9E3, 0xD1E3, 0xD1E3, 0xD204,
  0xD204, 0xD1C2, 0xD1A2, 0xD9A2, 0xDA03, 0xD224, 0xCA44, 0xC224, 0xC203, 0xCA03, 0xD223, 0xDA43,
  0xDA43, 0xDA63, 0xE263, 0xE263, 0xE263, 0xE263, 0xE283, 0xE283, 0xE283, 0xE283, 0xE2A3, 0xE2E3,
  0xE2C3, 0xE2C2, 0xE2A2, 0xE2C3, 0xE304, 0xD2E4, 0xCAE5, 0xC2E6, 0xB306, 0xA285, 0x81E3, 0x6120,
  0x38C2, 0x1083, 0x0022, 0x0021, 0x0841, 0x0841, 0x0041, 0x0841, 0x28A1, 0x6182, 0xA2A3, 0xD383,
  0xE3E4, 0xEBE4, 0xEBE3, 0xEBC2, 0xE3A2, 0xEBC3, 0xEC04, 0xE405, 0xD3C5, 0xC364, 0x8284, 0x4983,
  0x28A0, 0x1020, 0x0000, 0x0000, 0x0841, 0x0042, 0x0021, 0x0020, 0x0020, 0x0020, 0x0000, 0x0000,
  0x0000, 0x0000, 0x0000, 0x0000, 0x0000, 0x0000, 0x0000, 0x0000, 0x0000, 0x0000, 0x0000, 0x0020,
  0x0020, 0x0021, 0x0021, 0x0042, 0x0841, 0x1820, 0x40A0, 0x9224, 0xBAA4, 0xD2E4, 0xDAA3, 0xEAA3,
  0xEAA3, 0xEA63, 0xE222, 0xE243, 0xDA85, 0xBA45, 0x89A3, 0x48A0, 0x38A1, 0x30C1, 0x28C1, 0x38E2,
  0x40C3, 0x40A2, 0x2841, 0x2040, 0x2880, 0x4900, 0x7962, 0xB1A3, 0xD9A3, 0xD9E2, 0xD202, 0xD9C2,
  0xD182, 0xC983, 0xC9C3, 0xC9C3, 0xC982, 0xD142, 0xD182, 0xC183, 0x9942, 0x5081, 0x2021, 0x1820,
  0x0800, 0x0000, 0x0000, 0x0000, 0x0000, 0x0000, 0x0000, 0x0000, 0x0020, 0x0000, 0x0000, 0x0000,
  0x0000, 0x0020, 0x0020, 0x0020, 0x0800, 0x1820, 0x3882, 0x5904, 0x6924, 0x60E3, 0x70E2, 0x8922,
  0xA162, 0xB162, 0xB961, 0xB941, 0xB921, 0xB121, 0xB142, 0xA943, 0xA943, 0xA943, 0xA942, 0xA942,
  0x2882, 0x1840, 0x1040, 0x0040, 0x0040, 0x0840, 0x2861, 0x58A2, 0x8904, 0xA124, 0xA944, 0xA922,
  0xA142, 0xA163, 0xA963, 0xA963, 0xB143, 0xB123, 0xB122, 0xB122, 0xB123, 0xB143, 0xB163, 0xB184,
  0xB165, 0xA165, 0x9145, 0x7123, 0x48C1, 0x2860, 0x1840, 0x1040, 0x1860, 0x2040, 0x2000, 0x1800,
  0x1000, 0x0821, 0x0841, 0x0020, 0x0800, 0x0800, 0x0800, 0x0000, 0x0040, 0x20A1, 0x40C1, 0x60C1,
  0x8123, 0x9963, 0xA964, 0xC184, 0xC963, 0xC962, 0xC161, 0xC182, 0xC1A3, 0xC1A3, 0xC1A4, 0xC9A3,
  0xC9A3, 0xC9A3, 0xC9A3, 0xC9A3, 0xC9C3, 0xC9C3, 0xC9C3, 0xC9C3, 0xC9C3, 0xC9C3, 0xC9E3, 0xCA04,
  0xC9E4, 0xD1A2, 0xD1A2, 0xD9C2, 0xD203, 0xC204, 0xA9E4, 0x99A3, 0x9982, 0xA9A2, 0xB9E3, 0xD223,
  0xDA43, 0xDA43, 0xDA43, 0xE243, 0xE263, 0xE263, 0xE263, 0xE263, 0xE283, 0xE283, 0xE283, 0xDAA3,
  0xDAA3, 0xE2A3, 0xE2C3, 0xEAC3, 0xEAE3, 0xE2E3, 0xE2E3, 0xE325, 0xDB45, 0xD305, 0xBAA3, 0xA202,
  0x69A3, 0x3104, 0x0063, 0x0021, 0x0020, 0x1040, 0x0820, 0x0820, 0x1061, 0x3101, 0x7A22, 0xC363,
  0xD3C4, 0xE405, 0xEC04, 0xE3E3, 0xE3E3, 0xE404, 0xE425, 0xD3E5, 0xB343, 0x9260, 0x5161, 0x18A1,
  0x1041, 0x0820, 0x0000, 0x0021, 0x0021, 0x0041, 0x0041, 0x0020, 0x0000, 0x0000, 0x0000, 0x0000,
  0x0000, 0x0000, 0x0000, 0x0000, 0x0000, 0x0000, 0x0000, 0x0000, 0x0000, 0x0020, 0x0020, 0x0020,
  0x0020, 0x0021, 0x0022, 0x0042, 0x0042, 0x0800, 0x2860, 0x71C3, 0x9A64, 0xBAA4, 0xD243, 0xDA43,
  0xEA63, 0xEA63, 0xE222, 0xE243, 0xD285, 0xB265, 0x7163, 0x2840, 0x1000, 0x0020, 0x0041, 0x0841,
  0x1042, 0x1022, 0x0022, 0x0021, 0x0840, 0x2080, 0x58E1, 0x9943, 0xC9A4, 0xD203, 0xD202, 0xD9C2,
  0xD162, 0xC962, 0xC1A2, 0xC9A2, 0xC982, 0xD161, 0xC983, 0xB183, 0x8101, 0x3840, 0x1000, 0x1000,
  0x0820, 0x0020, 0x0021, 0x0821, 0x0800, 0x0000, 0x0000, 0x0000, 0x0000, 0x0000, 0x0000, 0x0000,
  0x0000, 0x0020, 0x0020, 0x0020, 0x0020, 0x0820, 0x2061, 0x38A3, 0x40A3, 0x3081, 0x48A1, 0x68E2,
  0x8922, 0xA942, 0xB942, 0xC142, 0xB922, 0xB142, 0xA942, 0xA163, 0xA143, 0xA942, 0xA922, 0xA922,
  0x0020, 0x0020, 0x0040, 0x0040, 0x0040, 0x0020, 0x1840, 0x4082, 0x7104, 0x9144, 0xA144, 0xA923,
  0xA122, 0x9942, 0xA143, 0xA963, 0xB143, 0xB123, 0xB103, 0xB123, 0xB123, 0xB144, 0xB164, 0xA964,
  0xA145, 0x8925, 0x68E4, 0x48A2, 0x2040, 0x0820, 0x0020, 0x0040, 0x0061, 0x0040, 0x0800, 0x0800,
  0x0800, 0x0801, 0x0821, 0x0000, 0x0800, 0x1000, 0x0801, 0x0000, 0x0040, 0x0860, 0x1840, 0x3040,
  0x50A1, 0x7903, 0x9943, 0xB164, 0xC163, 0xC162, 0xC161, 0xB982, 0xB982, 0xC1A3, 0xC184, 0xC983,
  0xC983, 0xC9A3, 0xC9A3, 0xC9A3, 0xC9A3, 0xC9A3, 0xC9A3, 0xC9A2, 0xC9C2, 0xC9C2, 0xC9C3, 0xC9E3,
  0xC9E3, 0xD1C2, 0xD9C2, 0xD9E2, 0xD203, 0xA9A3, 0x8142, 0x60C1, 0x60C1, 0x7901, 0x9982, 0xC203,
  0xD243, 0xDA43, 0xDA43, 0xE243, 0xE243, 0xE243, 0xE243, 0xE263, 0xE263, 0xE263, 0xE263, 0xDA83,
  0xDAA3, 0xE2A3, 0xE2C3, 0xE2C3, 0xEAA2, 0xE2A2, 0xEAC2, 0xEB03, 0xF323, 0xEB03, 0xE2E3, 0xDB04,
  0xA285, 0x59C5, 0x18C3, 0x0041, 0x0000, 0x1020, 0x1020, 0x0800, 0x0800, 0x1061, 0x4982, 0x9AC2,
  0xBB85, 0xD406, 0xE447, 0xE446, 0xE426, 0xDC05, 0xCBE5, 0xAB44, 0x7A41, 0x5120, 0x2060, 0x0021,
  0x0041, 0x0041, 0x0042, 0x0021, 0x0021, 0x0021, 0x0021, 0x0020, 0x0000, 0x0000, 0x0000, 0x0000,
  0x0000, 0x0000, 0x0000, 0x0000, 0x0000, 0x0020, 0x0020, 0x0020, 0x0020, 0x0020, 0x0020, 0x0000,
  0x0000, 0x0021, 0x0042, 0x0062, 0x0042, 0x0001, 0x1840, 0x4902, 0x71E4, 0x9A24, 0xB1C3, 0xC1E2,
  0xD223, 0xE263, 0xE243, 0xDA64, 0xD2A5, 0xB286, 0x79A4, 0x3060, 0x1000, 0x0021, 0x0041, 0x0022,
  0x0002, 0x0023, 0x0044, 0x0063, 0x0062, 0x1020, 0x4081, 0x8123, 0xB9E5, 0xCA24, 0xCA23, 0xD1E3,
  0xD182, 0xC961, 0xC9A1, 0xC9A1, 0xC9A1, 0xC982, 0xC1A3, 0xA983, 0x7101, 0x3041, 0x1001, 0x1041,
  0x0861, 0x0861, 0x0861, 0x0820, 0x0000, 0x0000, 0x0000, 0x0000, 0x0000, 0x0020, 0x0000, 0x0000,
  0x0000, 0x0000, 0x0020, 0x0040, 0x0040, 0x0020, 0x1021, 0x1821, 0x1821, 0x0820, 0x2040, 0x40A1,
  0x70E2, 0x9123, 0xB144, 0xB964, 0xB963, 0xB163, 0xA963, 0xA163, 0xA142, 0xA122, 0xA122, 0xA122,
  0x0000, 0x0020, 0x0040, 0x0020, 0x0020, 0x0000, 0x0821, 0x2861, 0x48C2, 0x7103, 0x8923, 0xA123,
  0xA122, 0x9942, 0xA142, 0xA923, 0xA923, 0xA903, 0xA903, 0xA923, 0xA944, 0xA144, 0x9123, 0x8903,
  0x7103, 0x58C2, 0x4081, 0x2841, 0x1000, 0x0000, 0x0021, 0x0041, 0x0062, 0x0061, 0x0020, 0x0000,
  0x0801, 0x0801, 0x0020, 0x0020, 0x0800, 0x1001, 0x1001, 0x0021, 0x0020, 0x0040, 0x0820, 0x1800,
  0x3061, 0x58C2, 0x8123, 0xA964, 0xC163, 0xC162, 0xB961, 0xB982, 0xB982, 0xC183, 0xC164, 0xC963,
  0xC183, 0xC982, 0xC982, 0xC982, 0xC9A2, 0xC9A2, 0xC9A2, 0xC9A2, 0xC9A2, 0xC9A2, 0xC9A2, 0xC9C3,
  0xC9E3, 0xD1C2, 0xD9C2, 0xD9E3, 0xC204, 0x9183, 0x58C2, 0x3840, 0x3020, 0x4880, 0x7122, 0xB1E3,
  0xD223, 0xDA23, 0xDA23, 0xDA23, 0xE223, 0xE243, 0xE243, 0xE243, 0xE263, 0xE263, 0xE263, 0xE284,
  0xE2A4, 0xE2A3, 0xE2A3, 0xE282, 0xE282, 0xEAA2, 0xEAC2, 0xF2E3, 0xEAE2, 0xEAC2, 0xEAE3, 0xEB25,
  0xCAE5, 0x8A45, 0x4963, 0x20A1, 0x0821, 0x0800, 0x1000, 0x0800, 0x0800, 0x0041, 0x28E1, 0x61A2,
  0x8284, 0xA326, 0xB3A7, 0xBB86, 0xB345, 0xA304, 0x8A83, 0x69E2, 0x4120, 0x2060, 0x0820, 0x0001,
  0x0021, 0x0021, 0x0021, 0x0041, 0x0021, 0x0021, 0x0020, 0x0000, 0x0000, 0x0000, 0x0000, 0x0000,
  0x0000, 0x0000, 0x0000, 0x0000, 0x0000, 0x0020, 0x0020, 0x0020, 0x0020, 0x0020, 0x0000, 0x0000,
  0x0000, 0x0000, 0x0041, 0x0041, 0x0021, 0x0021, 0x0841, 0x2060, 0x4102, 0x6983, 0x91A3, 0xA1A3,
  0xBA03, 0xD243, 0xD222, 0xD221, 0xD242, 0xC264, 0xA1E4, 0x7143, 0x6924, 0x5123, 0x38E2, 0x2061,
  0x0821, 0x0002, 0x0043, 0x0063, 0x0042, 0x0800, 0x2840, 0x50C1, 0x8183, 0xA1E3, 0xB9E3, 0xD1E4,
  0xD183, 0xD182, 0xC9A2, 0xD1C1, 0xD1A2, 0xC982, 0xB9A4, 0x9184, 0x58C2, 0x2041, 0x0800, 0x0820,
  0x0040, 0x0040, 0x0020, 0x0000, 0x0000, 0x0000, 0x0000, 0x0020, 0x0020, 0x0021, 0x0020, 0x0000,
  0x0000, 0x0000, 0x0020, 0x0040, 0x0040, 0x0020, 0x0800, 0x1000, 0x0800, 0x0020, 0x0840, 0x2861,
  0x48A2, 0x70E3, 0x8924, 0xA165, 0xA964, 0xB164, 0xA963, 0xA943, 0xA142, 0xA122, 0xA122, 0xA122,
  0x0820, 0x0040, 0x0021, 0x0021, 0x0001, 0x0001, 0x0021, 0x1041, 0x2861, 0x48A1, 0x70E2, 0x9103,
  0xA122, 0xA122, 0xA122, 0xA902, 0xA903, 0xA903, 0xA103, 0xA124, 0x9944, 0x8923, 0x78E2, 0x60A1,
  0x4081, 0x2060, 0x1840, 0x1000, 0x0800, 0x0001, 0x0001, 0x0022, 0x0042, 0x0041, 0x0041, 0x0040,
  0x0001, 0x0021, 0x0020, 0x0020, 0x0800, 0x1001, 0x1001, 0x0001, 0x0021, 0x0021, 0x0020, 0x0800,
  0x1840, 0x40A2, 0x7104, 0xA165, 0xB984, 0xC183, 0xB961, 0xB182, 0xB982, 0xC163, 0xC164, 0xC963,
  0xC163, 0xC182, 0xC182, 0xC182, 0xC182, 0xC982, 0xC982, 0xC9A2, 0xC9A2, 0xC9A2, 0xC9A2, 0xC9C3,
  0xC9C3, 0xD1C2, 0xD9C2, 0xD1E2, 0xBA04, 0x8163, 0x40A2, 0x1800, 0x1000, 0x2041, 0x5902, 0xA1C3,
  0xD223, 0xD223, 0xDA23, 0xDA23, 0xE223, 0xE223, 0xE223, 0xE243, 0xE243, 0xE243, 0xE263, 0xE284,
  0xE283, 0xE283, 0xE283, 0xE262, 0xE262, 0xEAA3, 0xEAE3, 0xEAC3, 0xE2A2, 0xE2A2, 0xEAC4, 0xEB05,
  0xE305, 0xBAC4, 0x8202, 0x4121, 0x1061, 0x0001, 0x0801, 0x0800, 0x0800, 0x0001, 0x1061, 0x28C1,
  0x4943, 0x61E4, 0x7244, 0x7A24, 0x71E3, 0x5982, 0x4921, 0x28C1, 0x1060, 0x0020, 0x0001, 0x0001,
  0x0001, 0x0001, 0x0021, 0x0021, 0x0021, 0x0020, 0x0000, 0x0000, 0x0000, 0x0000, 0x0000, 0x0000,
  0x0000, 0x0000, 0x0000, 0x0000, 0x0000, 0x0000, 0x0020, 0x0020, 0x0020, 0x0020, 0x0001, 0x0000,
  0x0000, 0x0000, 0x0020, 0x0020, 0x0020, 0x0041, 0x0841, 0x0800, 0x1860, 0x38C2, 0x6143, 0x7962,
  0x99E3, 0xBA63, 0xCA41, 0xD200, 0xD200, 0xDA42, 0xCA23, 0xB1C3, 0xB1E5, 0xA1E5, 0x7983, 0x58E1,
  0x3060, 0x1020, 0x0042, 0x0042, 0x0022, 0x0800, 0x1820, 0x3080, 0x5121, 0x7962, 0xA9A4, 0xC9C5,
  0xD184, 0xD183, 0xD1A2, 0xD1C2, 0xD1A2, 0xC183, 0xA9A5, 0x8145, 0x4082, 0x1821, 0x0000, 0x0020,
  0x0020, 0x0020, 0x0020, 0x0000, 0x0000, 0x0000, 0x0000, 0x0020, 0x0041, 0x0021, 0x0000, 0x0800,
  0x0800, 0x0000, 0x0020, 0x0020, 0x0020, 0x0020, 0x0000, 0x0800, 0x0000, 0x0020, 0x0020, 0x1040,
  0x2061, 0x4082, 0x60E3, 0x8144, 0x9965, 0xA964, 0xB143, 0xB122, 0xA902, 0xA122, 0xA122, 0xA122,
  0x2061, 0x1041, 0x1001, 0x1001, 0x0801, 0x0801, 0x0001, 0x0020, 0x0800, 0x3040, 0x5881, 0x80C2,
  0x9902, 0xA102, 0xA102, 0xA0E2, 0xA0E2, 0xA0E3, 0x9903, 0x9124, 0x8124, 0x68E2, 0x50A1, 0x3840,
  0x1840, 0x0040, 0x0020, 0x0800, 0x0800, 0x0801, 0x0801, 0x0801, 0x0801, 0x0000, 0x0040, 0x0040,
  0x0021, 0x0021, 0x0020, 0x0020, 0x0000, 0x0800, 0x0801, 0x0001, 0x0021, 0x0021, 0x0021, 0x0820,
  0x1021, 0x3082, 0x6104, 0x9965, 0xB185, 0xC183, 0xB982, 0xB182, 0xB162, 0xB963, 0xC143, 0xC943,
  0xC162, 0xC162, 0xC162, 0xC182, 0xC182, 0xC182, 0xC182, 0xC982, 0xC982, 0xC982, 0xC9A2, 0xC9C3,
  0xC9C3, 0xD1A1, 0xD1A1, 0xD1C2, 0xB9E4, 0x7964, 0x38C3, 0x0821, 0x0001, 0x1882, 0x4923, 0xA1E3,
  0xCA23, 0xD223, 0xDA23, 0xDA03, 0xE203, 0xE223, 0xE223, 0xE223, 0xE243, 0xE243, 0xE243, 0xDA42,
  0xE263, 0xE283, 0xE283, 0xE263, 0xE282, 0xE2A3, 0xEAC4, 0xE2C4, 0xE2A3, 0xE2C4, 0xEAC5, 0xE2C5,
  0xE2E4, 0xDAE3, 0xAA82, 0x61A2, 0x28E2, 0x0842, 0x0801, 0x0801, 0x0800, 0x0021, 0x0021, 0x0841,
  0x1041, 0x2060, 0x2860, 0x2840, 0x2840, 0x2020, 0x1020, 0x0821, 0x0042, 0x0063, 0x0022, 0x0001,
  0x0000, 0x0000, 0x0000, 0x0000, 0x0020, 0x0020, 0x0020, 0x0020, 0x0000, 0x0000, 0x0000, 0x0000,
  0x0000, 0x0000, 0x0000, 0x0000, 0x0000, 0x0000, 0x0000, 0x0000, 0x0020, 0x0020, 0x0021, 0x0001,
  0x0000, 0x0820, 0x0800, 0x0800, 0x0020, 0x0841, 0x0841, 0x0000, 0x0800, 0x1820, 0x3081, 0x58E1,
  0x89C3, 0xBAA4, 0xD2A3, 0xDA61, 0xE240, 0xEA41, 0xEA02, 0xD9A2, 0xD9C3, 0xD204, 0xC224, 0x99A3,
  0x6901, 0x3880, 0x1840, 0x0821, 0x0001, 0x0820, 0x0840, 0x1080, 0x20C0, 0x58E1, 0x9123, 0xB985,
  0xC985, 0xD163, 0xD1A3, 0xD1A2, 0xC982, 0xB963, 0x9965, 0x6904, 0x2842, 0x1001, 0x0021, 0x0041,
  0x0040, 0x0040, 0x0040, 0x0020, 0x0000, 0x0800, 0x0000, 0x0000, 0x0000, 0x0000, 0x0000, 0x0000,
  0x0800, 0x0000, 0x0000, 0x0000, 0x0020, 0x0020, 0x0020, 0x0800, 0x0820, 0x0041, 0x0021, 0x0020,
  0x0820, 0x1841, 0x3882, 0x58E3, 0x7924, 0x9924, 0xA903, 0xB8E2, 0xB0E2, 0xA102, 0xA122, 0xA122,
  0x5061, 0x3882, 0x2842, 0x1801, 0x1021, 0x0841, 0x0041, 0x0020, 0x0000, 0x1820, 0x3861, 0x60C3,
  0x80E3, 0xA0E3, 0xA0E3, 0xA0E3, 0xA0E3, 0xA103, 0x9103, 0x8103, 0x60C3, 0x40A1, 0x2860, 0x1020,
  0x0820, 0x0040, 0x0020, 0x0000, 0x0800, 0x0801, 0x0801, 0x0801, 0x0000, 0x0000, 0x0020, 0x0040,
  0x0021, 0x0020, 0x0020, 0x0020, 0x0000, 0x0000, 0x0000, 0x0001, 0x0021, 0x0021, 0x0041, 0x0820,
  0x0820, 0x1861, 0x38C2, 0x6924, 0x9944, 0xB964, 0xD1A4, 0xB962, 0xB161, 0xB162, 0xC163, 0xC143,
  0xC163, 0xC162, 0xC163, 0xC162, 0xC162, 0xC162, 0xC182, 0xC182, 0xC982, 0xC982, 0xC982, 0xC9A3,
  0xC9A3, 0xC981, 0xD1A1, 0xD1C2, 0xC1C4, 0x8144, 0x40A3, 0x0841, 0x0041, 0x18A2, 0x4923, 0x91C4,
  0xC224, 0xDA04, 0xE9E3, 0xE1E3, 0xD9E2, 0xDA22, 0xDA43, 0xE243, 0xE223, 0xE223, 0xE222, 0xE222,
  0xE242, 0xE263, 0xE263, 0xE263, 0xE283, 0xE2A3, 0xE2C3, 0xE2C3, 0xE2C3, 0xE2C4, 0xE2E4, 0xEAE5,
  0xE2E4, 0xDB03, 0xCAE4, 0xA284, 0x79E4, 0x5102, 0x2840, 0x1000, 0x0800, 0x0042, 0x0042, 0x0821,
  0x0820, 0x0820, 0x0820, 0x0800, 0x0800, 0x0800, 0x0800, 0x0001, 0x0021, 0x0041, 0x0021, 0x0000,
  0x0821, 0x0020, 0x0000, 0x0020, 0x0020, 0x0020, 0x0020, 0x0020, 0x0020, 0x0000, 0x0021, 0x0021,
  0x0001, 0x0001, 0x0001, 0x0000, 0x0000, 0x0000, 0x0000, 0x0020, 0x0020, 0x0020, 0x0021, 0x0000,
  0x0000, 0x0020, 0x0820, 0x0820, 0x0800, 0x0821, 0x0821, 0x0821, 0x0800, 0x1000, 0x3080, 0x7163,
  0xAA25, 0xCA64, 0xDA62, 0xE261, 0xE242, 0xE202, 0xE1C2, 0xE1A2, 0xE1C2, 0xE1E3, 0xE203, 0xC9C3,
  0xA183, 0x7122, 0x40C1, 0x1860, 0x0020, 0x0040, 0x0041, 0x0841, 0x1841, 0x3861, 0x68A3, 0x8924,
  0xA944, 0xB964, 0xC163, 0xB963, 0xB163, 0xA164, 0x7944, 0x48C3, 0x1821, 0x0821, 0x0821, 0x0041,
  0x0041, 0x0041, 0x0041, 0x0041, 0x0021, 0x0020, 0x0000, 0x0000, 0x0000, 0x0000, 0x0000, 0x0000,
  0x0000, 0x0000, 0x0020, 0x0020, 0x0020, 0x0040, 0x0020, 0x0820, 0x0820, 0x0821, 0x0800, 0x0020,
  0x0840, 0x0860, 0x1061, 0x2061, 0x48A2, 0x70E3, 0x9903, 0xB103, 0xA903, 0xA102, 0xA102, 0xA102,
  0x7082, 0x60E4, 0x4883, 0x3042, 0x1841, 0x0861, 0x0061, 0x0040, 0x0000, 0x1000, 0x2041, 0x38A3,
  0x68C3, 0x90C4, 0x98C4, 0x98E4, 0x98E4, 0x9104, 0x80E3, 0x60C2, 0x4081, 0x2040, 0x0820, 0x0020,
  0x0020, 0x0841, 0x0020, 0x0020, 0x0020, 0x0020, 0x0020, 0x0020, 0x0020, 0x0020, 0x0020, 0x0020,
  0x0820, 0x0800, 0x0000, 0x0000, 0x0000, 0x0000, 0x0000, 0x0020, 0x0020, 0x0020, 0x0020, 0x0020,
  0x0820, 0x0820, 0x1861, 0x40E2, 0x7903, 0xA924, 0xD185, 0xB942, 0xB141, 0xB161, 0xB962, 0xC143,
  0xC143, 0xC143, 0xC143, 0xC163, 0xC163, 0xC163, 0xC163, 0xC163, 0xC963, 0xC963, 0xC963, 0xC983,
  0xC983, 0xC1A1, 0xC9C1, 0xD1E2, 0xC9A4, 0x8904, 0x4082, 0x0841, 0x0041, 0x1081, 0x40E2, 0x8184,
  0xB1E5, 0xD9E5, 0xE9C4, 0xE9C2, 0xD9E1, 0xD222, 0xD243, 0xDA43, 0xE223, 0xE202, 0xE222, 0xE242,
  0xE242, 0xE242, 0xE262, 0xE263, 0xE283, 0xE283, 0xE2A3, 0xE2C3, 0xE2C3, 0xE2C3, 0xE2E4, 0xEB05,
  0xE2E4, 0xDAE4, 0xDB04, 0xD325, 0xC2E5, 0x9A23, 0x6122, 0x3080, 0x1040, 0x0061, 0x0042, 0x0821,
  0x0861, 0x0060, 0x0080, 0x0060, 0x0060, 0x0842, 0x0802, 0x0001, 0x0020, 0x0040, 0x0000, 0x0000,
  0x0861, 0x0841, 0x0020, 0x0840, 0x0840, 0x0040, 0x0020, 0x0040, 0x0040, 0x0000, 0x0041, 0x0042,
  0x0021, 0x0001, 0x0001, 0x0801, 0x0801, 0x0801, 0x0001, 0x0020, 0x0020, 0x0020, 0x0020, 0x0020,
  0x0020, 0x0020, 0x0040, 0x0820, 0x0800, 0x0801, 0x0801, 0x1041, 0x0800, 0x1020, 0x30A1, 0x89E5,
  0xCA86, 0xDA23, 0xDA01, 0xDA22, 0xDA43, 0xD9C2, 0xD9A2, 0xE1C2, 0xD9C2, 0xE1C2, 0xE9C2, 0xE1C3,
  0xC9E4, 0xA1A4, 0x7143, 0x30C1, 0x0860, 0x0040, 0x0041, 0x0022, 0x1002, 0x2001, 0x3841, 0x50C2,
  0x7103, 0x8123, 0x8922, 0x8122, 0x7923, 0x6923, 0x48C2, 0x2061, 0x0800, 0x0800, 0x0820, 0x0021,
  0x0021, 0x0041, 0x0041, 0x0041, 0x0021, 0x0021, 0x0000, 0x0000, 0x0000, 0x0000, 0x0000, 0x0000,
  0x0000, 0x0020, 0x0020, 0x0020, 0x0020, 0x0020, 0x0020, 0x0020, 0x0820, 0x1000, 0x0800, 0x0820,
  0x0860, 0x0080, 0x0040, 0x0000, 0x2040, 0x50A2, 0x8103, 0xA124, 0xA923, 0xA102, 0xA102, 0xA102,
  0x80C3, 0x7925, 0x60E4, 0x48A2, 0x2861, 0x1041, 0x0840, 0x0020, 0x0000, 0x0800, 0x1000, 0x2021,
  0x4862, 0x70C3, 0x70C3, 0x78C3, 0x78E3, 0x70E2, 0x60A2, 0x4881, 0x2840, 0x1020, 0x0020, 0x0020,
  0x0020, 0x0020, 0x0020, 0x0020, 0x0020, 0x0000, 0x0000, 0x0000, 0x0000, 0x0000, 0x0020, 0x0000,
  0x0000, 0x0000, 0x0000, 0x0000, 0x0000, 0x0000, 0x0000, 0x0000, 0x0000, 0x0020, 0x0020, 0x0000,
  0x0800, 0x0000, 0x0840, 0x3081, 0x6082, 0x90C2, 0xB943, 0xB142, 0xB141, 0xB162, 0xC143, 0xC123,
  0xC143, 0xC143, 0xC143, 0xC143, 0xC163, 0xC163, 0xC163, 0xC163, 0xC963, 0xC963, 0xC963, 0xC963,
  0xC162, 0xC181, 0xC9C2, 0xC9C3, 0xB9A4, 0x8103, 0x3862, 0x0821, 0x0020, 0x0840, 0x3060, 0x5901,
  0x9163, 0xC184, 0xE1A3, 0xE1C3, 0xD9E2, 0xD202, 0xD223, 0xDA23, 0xE203, 0xE202, 0xE222, 0xE222,
  0xE242, 0xE242, 0xE262, 0xE263, 0xE283, 0xE283, 0xE2A3, 0xE2A3, 0xE2C3, 0xE2C3, 0xE2C3, 0xEAE4,
  0xE2C3, 0xDAC3, 0xDAE3, 0xDB25, 0xDB46, 0xC306, 0xA265, 0x69A3, 0x40E1, 0x1880, 0x0820, 0x0001,
  0x0061, 0x0081, 0x00A0, 0x0080, 0x0061, 0x0842, 0x0822, 0x0822, 0x0021, 0x0020, 0x0000, 0x0020,
  0x0861, 0x0841, 0x0020, 0x0020, 0x0840, 0x0040, 0x0020, 0x0040, 0x0040, 0x0000, 0x0040, 0x0040,
  0x0040, 0x0020, 0x0020, 0x0820, 0x0821, 0x0821, 0x0821, 0x0821, 0x0801, 0x0801, 0x0021, 0x0020,
  0x0020, 0x0040, 0x0040, 0x0820, 0x0000, 0x0001, 0x0801, 0x0821, 0x0821, 0x1020, 0x30A1, 0x81C4,
  0xCA66, 0xDA03, 0xD9E1, 0xDA02, 0xDA23, 0xD1C2, 0xD9A2, 0xE1C2, 0xD9C2, 0xD9A1, 0xD9A2, 0xD9C3,
  0xD9E5, 0xC1C5, 0x9984, 0x60E2, 0x3060, 0x1020, 0x0820, 0x0021, 0x0000, 0x0800, 0x1020, 0x2061,
  0x30C1, 0x30C1, 0x30A0, 0x2880, 0x2880, 0x2060, 0x1040, 0x0820, 0x0000, 0x0000, 0x0800, 0x0000,
  0x0000, 0x0001, 0x0001, 0x0001, 0x0001, 0x0000, 0x0000, 0x0820, 0x0820, 0x0800, 0x0800, 0x0800,
  0x0820, 0x0020, 0x0020, 0x0020, 0x0000, 0x0000, 0x0000, 0x0000, 0x0800, 0x0800, 0x0800, 0x0000,
  0x0040, 0x0060, 0x0040, 0x0000, 0x1820, 0x4061, 0x70C2, 0x9103, 0xA103, 0xA103, 0xA102, 0x98E2,
  0x88E2, 0x9125, 0x7904, 0x60C3, 0x4081, 0x2040, 0x1020, 0x0020, 0x0020, 0x0800, 0x0800, 0x1000,
  0x2821, 0x4062, 0x4882, 0x4882, 0x48A1, 0x4081, 0x3060, 0x2020, 0x1000, 0x0000, 0x0020, 0x0020,
  0x0020, 0x0020, 0x0020, 0x0000, 0x0000, 0x0000, 0x0000, 0x0000, 0x0000, 0x0000, 0x0000, 0x0000,
  0x0000, 0x0000, 0x0000, 0x0000, 0x0000, 0x0000, 0x0000, 0x0000, 0x0000, 0x0000, 0x0000, 0x0000,
  0x0000, 0x0000, 0x0020, 0x1840, 0x4040, 0x6881, 0x9922, 0xA142, 0xB162, 0xB963, 0xC143, 0xC123,
  0xC123, 0xB922, 0xB942, 0xB942, 0xB942, 0xB942, 0xC162, 0xC162, 0xC162, 0xC943, 0xC943, 0xC142,
  0xC162, 0xC181, 0xC1A2, 0xC1C3, 0xA984, 0x70E3, 0x3062, 0x0820, 0x0000, 0x0000, 0x1820, 0x3880,
  0x68E1, 0xA943, 0xD183, 0xE1C3, 0xD9E2, 0xD202, 0xD202, 0xDA02, 0xD9E2, 0xE202, 0xE222, 0xE222,
  0xE222, 0xE242, 0xE242, 0xE262, 0xE263, 0xE283, 0xE283, 0xE2A3, 0xE2A3, 0xE2A3, 0xE2C3, 0xEAA3,
  0xE2C2, 0xE2C2, 0xE303, 0xE324, 0xEB65, 0xE366, 0xCB26, 0xA285, 0x79E3, 0x5120, 0x2880, 0x0000,
  0x0020, 0x0040, 0x0060, 0x0040, 0x0021, 0x0002, 0x0802, 0x0802, 0x0021, 0x0020, 0x0000, 0x0000,
  0x0841, 0x0840, 0x0000, 0x0020, 0x0841, 0x0841, 0x0020, 0x0020, 0x0020, 0x0020, 0x0040, 0x0040,
  0x0020, 0x0020, 0x0020, 0x0020, 0x0000, 0x0000, 0x0801, 0x0801, 0x0802, 0x0801, 0x0821, 0x0820,
  0x0020, 0x0041, 0x0861, 0x0841, 0x0000, 0x0000, 0x0001, 0x0001, 0x0000, 0x0820, 0x3080, 0x8184,
  0xC225, 0xD9E3, 0xD9C1, 0xD9E2, 0xDA02, 0xD1A2, 0xD982, 0xD9A3, 0xD9C2, 0xD1A1, 0xC981, 0xD9A3,
  0xE1C4, 0xD9C5, 0xC185, 0x9103, 0x6882, 0x4061, 0x2060, 0x1060, 0x0020, 0x0020, 0x0020, 0x0040,
  0x0860, 0x0880, 0x0860, 0x0040, 0x0020, 0x0020, 0x0020, 0x0021, 0x0021, 0x0020, 0x0820, 0x0800,
  0x0800, 0x0000, 0x0800, 0x0000, 0x0000, 0x0000, 0x0800, 0x0800, 0x0820, 0x0000, 0x0000, 0x0000,
  0x0000, 0x0000, 0x0000, 0x0000, 0x0000, 0x0000, 0x0000, 0x0000, 0x0000, 0x0020, 0x0000, 0x0000,
  0x0840, 0x0040, 0x0020, 0x0000, 0x1000, 0x3041, 0x60A2, 0x80E2, 0x9102, 0x9903, 0x9902, 0x98E2,
  0x90C2, 0x98E3, 0x88E3, 0x70E3, 0x58A2, 0x3881, 0x2040, 0x1020, 0x0020, 0x0000, 0x0000, 0x0000,
  0x1000, 0x1820, 0x2040, 0x2040, 0x2060, 0x1860, 0x1040, 0x0820, 0x0000, 0x0000, 0x0020, 0x0041,
  0x0020, 0x0020, 0x0000, 0x0000, 0x0000, 0x0000, 0x0000, 0x0000, 0x0000, 0x0000, 0x0000, 0x0000,
  0x0000, 0x0000, 0x0000, 0x0000, 0x0000, 0x0000, 0x0000, 0x0000, 0x0000, 0x0000, 0x0000, 0x0000,
  0x0020, 0x0020, 0x0020, 0x0820, 0x2000, 0x4840, 0x78E1, 0x9142, 0xA963, 0xB963, 0xC123, 0xC103,
  0xB922, 0xB922, 0xB922, 0xB922, 0xB942, 0xB942, 0xB942, 0xC142, 0xC142, 0xC142, 0xC142, 0xC142,
  0xC162, 0xC182, 0xB9A2, 0xB183, 0x9143, 0x58A2, 0x2841, 0x0020, 0x0020, 0x0020, 0x1000, 0x1820,
  0x48A0, 0x9123, 0xC984, 0xE1C4, 0xD9E3, 0xD9E2, 0xD1E2, 0xD9E2, 0xD9E2, 0xDA02, 0xDA22, 0xDA22,
  0xDA22, 0xDA22, 0xE242, 0xE242, 0xE263, 0xE263, 0xE283, 0xE283, 0xE283, 0xE2A3, 0xE2A3, 0xE2A2,
  0xEAC2, 0xEB03, 0xEB03, 0xEB03, 0xEB23, 0xE324, 0xDB25, 0xCB05, 0xAAA4, 0x9243, 0x69C2, 0x3922,
  0x28E1, 0x18A0, 0x0880, 0x0860, 0x0841, 0x0842, 0x0822, 0x0822, 0x0021, 0x0020, 0x0000, 0x0000,
  0x0840, 0x0020, 0x0000, 0x0000, 0x0821, 0x0821, 0x0000, 0x0000, 0x0001, 0x0841, 0x0820, 0x0820,
  0x0820, 0x0020, 0x0020, 0x0040, 0x0020, 0x0020, 0x0001, 0x0021, 0x0021, 0x0801, 0x0800, 0x0800,
  0x0020, 0x0041, 0x0041, 0x0021, 0x0000, 0x0000, 0x0000, 0x0000, 0x0020, 0x0020, 0x3060, 0x7943,
  0xC1E5, 0xD9C3, 0xD9C1, 0xD9E2, 0xD9E2, 0xD1A2, 0xD183, 0xD9A3, 0xD1A2, 0xC9A1, 0xC981, 0xD182,
  0xD984, 0xE185, 0xD945, 0xB904, 0x90C3, 0x70C2, 0x50C2, 0x38C1, 0x2080, 0x0860, 0x0040, 0x0020,
  0x0020, 0x0020, 0x0021, 0x0001, 0x0001, 0x0001, 0x0021, 0x0021, 0x0021, 0x0021, 0x0820, 0x0820,
  0x0800, 0x0800, 0x0800, 0x0800, 0x0800, 0x0800, 0x0000, 0x0020, 0x0020, 0x0000, 0x0000, 0x0000,
  0x0000, 0x0000, 0x0000, 0x0000, 0x0000, 0x0000, 0x0000, 0x0000, 0x0000, 0x0020, 0x0020, 0x0000,
  0x0820, 0x0841, 0x0020, 0x0000, 0x0800, 0x2840, 0x5081, 0x70E2, 0x88E2, 0x98E2, 0x98E2, 0x98E2,
  0x90A1, 0x98A2, 0x90C2, 0x80E3, 0x70E2, 0x50C2, 0x3881, 0x2040, 0x0800, 0x0000, 0x0000, 0x0020,
  0x0020, 0x0020, 0x0020, 0x0020, 0x0040, 0x0040, 0x0040, 0x0020, 0x0000, 0x0020, 0x0021, 0x0841,
  0x0041, 0x0020, 0x0020, 0x0000, 0x0000, 0x0000, 0x0000, 0x0000, 0x0000, 0x0000, 0x0000, 0x0000,
  0x0000, 0x0000, 0x0000, 0x0000, 0x0000, 0x0000, 0x0000, 0x0000, 0x0000, 0x0000, 0x0000, 0x0020,
  0x0020, 0x0020, 0x0020, 0x0000, 0x0800, 0x3020, 0x58A0, 0x8122, 0xA963, 0xB944, 0xC0E3, 0xB8E2,
  0xB902, 0xB902, 0xB922, 0xB122, 0xB922, 0xB942, 0xB942, 0xB942, 0xC142, 0xC142, 0xC142, 0xC142,
  0xC162, 0xC183, 0xB983, 0xA163, 0x78E2, 0x4861, 0x1820, 0x0020, 0x0040, 0x0020, 0x0800, 0x0820,
  0x3080, 0x8123, 0xC184, 0xD9C4, 0xD9E3, 0xD9E3, 0xD9C2, 0xD9C2, 0xD9C2, 0xD9E2, 0xDA02, 0xDA02,
  0xDA02, 0xDA02, 0xDA22, 0xDA42, 0xE242, 0xE263, 0xE263, 0xE263, 0xE283, 0xE283, 0xE283, 0xE2A2,
  0xE2E3, 0xEB03, 0xEB03, 0xE2E2, 0xE2C2, 0xE2C2, 0xE2E3, 0xE324, 0xD345, 0xCB45, 0xB345, 0x9305,
  0x6A63, 0x49C1, 0x3981, 0x3183, 0x3164, 0x3145, 0x2104, 0x18A3, 0x0861, 0x0020, 0x0000, 0x0020,
  0x0841, 0x0020, 0x0000, 0x0000, 0x0021, 0x0821, 0x0001, 0x0000, 0x0821, 0x1062, 0x1001, 0x1000,
  0x1001, 0x0821, 0x0841, 0x0061, 0x0061, 0x0041, 0x0021, 0x0021, 0x0021, 0x0021, 0x1000, 0x1000,
  0x0800, 0x0021, 0x0041, 0x0021, 0x0000, 0x0800, 0x0800, 0x0020, 0x0021, 0x0041, 0x2861, 0x7923,
  0xB9A4, 0xD1A3, 0xD9A2, 0xD9C2, 0xD1C2, 0xD183, 0xD163, 0xD183, 0xC9A2, 0xC9A1, 0xC9A2, 0xC962,
  0xD142, 0xD923, 0xD924, 0xC904, 0xB904, 0xA144, 0x8943, 0x6922, 0x50E1, 0x30A1, 0x1860, 0x1020,
  0x0800, 0x0800, 0x0001, 0x0001, 0x0001, 0x0021, 0x0001, 0x0001, 0x0020, 0x0040, 0x0040, 0x0020,
  0x0800, 0x0800, 0x0800, 0x0800, 0x0800, 0x0800, 0x0020, 0x0020, 0x0020, 0x0020, 0x0000, 0x0000,
  0x0000, 0x0000, 0x0000, 0x0000, 0x0001, 0x0001, 0x0001, 0x0001, 0x0021, 0x0040, 0x0020, 0x0800,
  0x0800, 0x0821, 0x0021, 0x0000, 0x0000, 0x1820, 0x4081, 0x68C2, 0x80E2, 0x90C2, 0x90E2, 0x98E3,
  0x90C1, 0xA0A2, 0x98C2, 0x90E3, 0x8103, 0x6903, 0x50E2, 0x3081, 0x1820, 0x0800, 0x0000, 0x0000,
  0x0021, 0x0041, 0x0041, 0x0040, 0x0040, 0x0060, 0x0040, 0x0040, 0x0020, 0x0020, 0x0821, 0x0841,
  0x0821, 0x0020, 0x0020, 0x0000, 0x0000, 0x0000, 0x0000, 0x0000, 0x0000, 0x0000, 0x0000, 0x0000,
  0x0000, 0x0000, 0x0000, 0x0000, 0x0000, 0x0000, 0x0000, 0x0000, 0x0000, 0x0000, 0x0000, 0x0000,
  0x0020, 0x0020, 0x0021, 0x0020, 0x0000, 0x1820, 0x4080, 0x7102, 0xA143, 0xB923, 0xB8C3, 0xB8C2,
  0xB102, 0xB102, 0xB122, 0xB122, 0xB122, 0xB122, 0xB122, 0xB922, 0xB922, 0xB922, 0xC142, 0xC142,
  0xC163, 0xC183, 0xB163, 0x9143, 0x68C1, 0x3040, 0x1000, 0x0020, 0x0061, 0x0861, 0x0020, 0x0020,
  0x2880, 0x7123, 0xB184, 0xD1A4, 0xD9C3, 0xD9C2, 0xD9C2, 0xD9A2, 0xD9A2, 0xD1E2, 0xD202, 0xDA02,
  0xDA02, 0xDA02, 0xDA02, 0xDA22, 0xDA22, 0xE243, 0xE243, 0xE263, 0xE263, 0xE263, 0xE283, 0xE2A3,
  0xE2C3, 0xDAE3, 0xDAE3, 0xE2C2, 0xE2C2, 0xE2C2, 0xEAE3, 0xEB24, 0xE364, 0xE385, 0xD3C4, 0xC3C3,
  0xABA4, 0xA3C6, 0x9C2A, 0xA4AE, 0xA4F0, 0x9C91, 0x83CF, 0x5ACA, 0x2985, 0x0061, 0x0020, 0x0020,
  0x0861, 0x0861, 0x0841, 0x0000, 0x0001, 0x0821, 0x0821, 0x0801, 0x0800, 0x0820, 0x0801, 0x0801,
  0x0802, 0x0022, 0x0021, 0x0021, 0x0020, 0x0020, 0x0020, 0x0840, 0x1061, 0x2081, 0x3081, 0x2861,
  0x1020, 0x0841, 0x0041, 0x0021, 0x0800, 0x1000, 0x1020, 0x0000, 0x0021, 0x0041, 0x2861, 0x7103,
  0xB184, 0xD1A3, 0xD9A2, 0xD9A2, 0xD1A2, 0xD183, 0xD163, 0xD163, 0xC982, 0xC9A2, 0xC982, 0xC142,
  0xC122, 0xC902, 0xC922, 0xC923, 0xC944, 0xC164, 0xB164, 0xA163, 0x8902, 0x70E2, 0x58C2, 0x4081,
  0x2840, 0x1020, 0x0020, 0x0020, 0x0040, 0x0020, 0x0000, 0x0000, 0x0800, 0x0020, 0x0020, 0x0020,
  0x0000, 0x0000, 0x0801, 0x0801, 0x0801, 0x0020, 0x0040, 0x0040, 0x0040, 0x0040, 0x0040, 0x0040,
  0x0020, 0x0021, 0x0021, 0x0001, 0x0001, 0x0021, 0x0021, 0x0021, 0x0020, 0x0020, 0x0000, 0x0800,
  0x1000, 0x0800, 0x0000, 0x0000, 0x0000, 0x1820, 0x4060, 0x68C2, 0x80C2, 0x88C2, 0x90C2, 0x90E3,
  0x88C2, 0x98C2, 0x90C2, 0x88C2, 0x80E3, 0x7923, 0x6903, 0x48C2, 0x3061, 0x1820, 0x0800, 0x0800,
  0x0020, 0x0041, 0x0020, 0x0020, 0x0040, 0x0040, 0x0040, 0x0020, 0x0000, 0x0000, 0x0800, 0x0820,
  0x0020, 0x0020, 0x0000, 0x0000, 0x0000, 0x0000, 0x0000, 0x0000, 0x0000, 0x0000, 0x0000, 0x0000,
  0x0000, 0x0000, 0x0000, 0x0000, 0x0000, 0x0000, 0x0000, 0x0000, 0x0000, 0x0000, 0x0000, 0x0000,
  0x0000, 0x0020, 0x0041, 0x0021, 0x0020, 0x0820, 0x2840, 0x68E2, 0x9923, 0xB103, 0xB8C3, 0xB0C2,
  0xB102, 0xB102, 0xB102, 0xB122, 0xB122, 0xB122, 0xB122, 0xB122, 0xB922, 0xB922, 0xB922, 0xB942,
  0xC162, 0xC163, 0xB164, 0x8923, 0x50C2, 0x2840, 0x0800, 0x0020, 0x0841, 0x0841, 0x0020, 0x0020,
  0x2080, 0x7103, 0xB164, 0xC983, 0xD1A2, 0xD1A2, 0xD1A2, 0xD9A2, 0xD9A2, 0xD1C2, 0xD1E2, 0xD9E2,
  0xD9E2, 0xD9E2, 0xDA02, 0xDA02, 0xDA22, 0xE222, 0xE243, 0xE243, 0xE243, 0xE263, 0xE263, 0xE2A3,
  0xDAA3, 0xDAA3, 0xDAC3, 0xDAE3, 0xE2E3, 0xEAE3, 0xEB03, 0xEB23, 0xEB43, 0xE384, 0xE3C2, 0xDC21,
  0xDC64, 0xDD2A, 0xE610, 0xE695, 0xEEF8, 0xDEB8, 0xCE37, 0xA533, 0x73AE, 0x3207, 0x10C2, 0x0020,
  0x0841, 0x0861, 0x0841, 0x0001, 0x0000, 0x0801, 0x0821, 0x0800, 0x0800, 0x0800, 0x0001, 0x0002,
  0x0022, 0x0021, 0x0021, 0x0820, 0x0820, 0x1840, 0x2860, 0x38C1, 0x5102, 0x5944, 0x6164, 0x4102,
  0x2061, 0x1062, 0x0841, 0x0001, 0x0800, 0x1820, 0x1820, 0x0800, 0x0000, 0x0021, 0x2061, 0x68E3,
  0xA964, 0xC983, 0xD9A2, 0xD1A2, 0xD1A3, 0xD163, 0xD163, 0xD163, 0xC962, 0xC162, 0xC962, 0xC142,
  0xB942, 0xC142, 0xC142, 0xC143, 0xC943, 0xC944, 0xC944, 0xC144, 0xB103, 0xA124, 0x9124, 0x78E3,
  0x58A2, 0x4081, 0x2881, 0x2081, 0x1881, 0x1860, 0x1840, 0x2020, 0x2020, 0x0840, 0x0020, 0x0020,
  0x0020, 0x0020, 0x0000, 0x0000, 0x0020, 0x0020, 0x0020, 0x0040, 0x0040, 0x0040, 0x0020, 0x0020,
  0x0020, 0x0020, 0x0000, 0x0000, 0x0001, 0x0021, 0x0021, 0x0021, 0x0020, 0x0020, 0x1020, 0x1821,
  0x2001, 0x1000, 0x0800, 0x0000, 0x0020, 0x1820, 0x4061, 0x68C2, 0x80C2, 0x88A2, 0x88A2, 0x88C2,
  0x80C2, 0x90E3, 0x88A2, 0x8082, 0x80A2, 0x7903, 0x7124, 0x6104, 0x48C2, 0x3061, 0x1820, 0x1000,
  0x0800, 0x0800, 0x0000, 0x0000, 0x0000, 0x0800, 0x0800, 0x0800, 0x0000, 0x0000, 0x0000, 0x0000,
  0x0000, 0x0000, 0x0000, 0x0000, 0x0000, 0x0000, 0x0000, 0x0000, 0x0000, 0x0000, 0x0000, 0x0000,
  0x0000, 0x0000, 0x0000, 0x0000, 0x0000, 0x0000, 0x0000, 0x0000, 0x0000, 0x0000, 0x0000, 0x0000,
  0x0000, 0x0820, 0x0041, 0x0021, 0x0020, 0x0040, 0x2040, 0x68C2, 0x9903, 0xB104, 0xB8E3, 0xB0E3,
  0xB102, 0xB103, 0xB102, 0xB102, 0xB123, 0xB123, 0xB122, 0xB122, 0xB922, 0xB922, 0xB922, 0xB922,
  0xB922, 0xC143, 0xA944, 0x8104, 0x48C2, 0x1840, 0x0000, 0x0020, 0x0821, 0x0021, 0x0020, 0x0020,
  0x2060, 0x7103, 0xA943, 0xC963, 0xC961, 0xC981, 0xD1A2, 0xD9A3, 0xD9A3, 0xD1A2, 0xD1C2, 0xD9C2,
  0xD9C2, 0xD9E2, 0xD9E2, 0xD9E2, 0xDA02, 0xDA22, 0xE223, 0xE223, 0xE243, 0xE243, 0xE263, 0xE283,
  0xDA83, 0xD283, 0xD2A3, 0xDAE4, 0xE304, 0xEB04, 0xEAE3, 0xE303, 0xE323, 0xE363, 0xE3C1, 0xEC40,
  0xF525, 0xF60C, 0xF6F3, 0xF737, 0xF759, 0xF79B, 0xF7BC, 0xE75B, 0xC637, 0x8471, 0x39E7, 0x0020,
  0x0000, 0x0020, 0x0021, 0x0001, 0x0000, 0x0000, 0x0000, 0x0800, 0x0800, 0x0800, 0x0040, 0x0061,
  0x0081, 0x1081, 0x1881, 0x2860, 0x3860, 0x50A0, 0x6902, 0x8984, 0xA206, 0xB267, 0x9246, 0x6184,
  0x30A2, 0x1862, 0x0821, 0x0800, 0x1000, 0x2020, 0x2020, 0x1000, 0x0000, 0x0021, 0x1861, 0x58C3,
  0x9943, 0xC983, 0xD1A2, 0xD182, 0xC983, 0xD163, 0xC963, 0xC943, 0xC162, 0xC142, 0xC922, 0xC122,
  0xB962, 0xB982, 0xB9A3, 0xB962, 0xB922, 0xC102, 0xC903, 0xD103, 0xC8E3, 0xC124, 0xB945, 0xB144,
  0xA144, 0x9124, 0x8104, 0x70E3, 0x60C2, 0x50A1, 0x48A1, 0x48A1, 0x40A1, 0x1881, 0x0860, 0x0840,
  0x0040, 0x0020, 0x0020, 0x0020, 0x0000, 0x0000, 0x0000, 0x0000, 0x0000, 0x0000, 0x0000, 0x0000,
  0x0000, 0x0000, 0x0000, 0x0000, 0x0000, 0x0021, 0x0021, 0x0041, 0x0020, 0x0820, 0x2041, 0x3041,
  0x3021, 0x1801, 0x0800, 0x0020, 0x0020, 0x1840, 0x4881, 0x78E2, 0x88E2, 0x88A2, 0x88A2, 0x88A2,
  0x68A2, 0x78A3, 0x7882, 0x7062, 0x7082, 0x70A2, 0x70C3, 0x68E3, 0x58E3, 0x48A2, 0x3061, 0x2841,
  0x1800, 0x1000, 0x1000, 0x1000, 0x1000, 0x1000, 0x1000, 0x0800, 0x0000, 0x0000, 0x0000, 0x0000,
  0x0000, 0x0000, 0x0000, 0x0000, 0x0000, 0x0000, 0x0000, 0x0000, 0x0000, 0x0000, 0x0000, 0x0000,
  0x0000, 0x0000, 0x0000, 0x0000, 0x0000, 0x0000, 0x0000, 0x0000, 0x0000, 0x0000, 0x0000, 0x0000,
  0x0000, 0x0840, 0x0841, 0x0021, 0x0041, 0x0040, 0x1840, 0x60C2, 0x9903, 0xB103, 0xB103, 0xB0E3,
  0xB103, 0xB103, 0xA903, 0xA922, 0xA923, 0xB123, 0xB123, 0xB122, 0xB122, 0xB923, 0xB922, 0xB922,
  0xB922, 0xB903, 0xA904, 0x7904, 0x40A2, 0x1041, 0x0000, 0x0000, 0x0801, 0x0821, 0x0020, 0x0020,
  0x2881, 0x7103, 0xB143, 0xC962, 0xC961, 0xC981, 0xD182, 0xD982, 0xD983, 0xD9A3, 0xD1A2, 0xD1C2,
  0xD9C2, 0xD9C2, 0xD9E2, 0xD9E2, 0xD9E2, 0xE202, 0xE203, 0xE223, 0xE223, 0xE223, 0xE243, 0xE262,
  0xE262, 0xDAA3, 0xDAC3, 0xE2E4, 0xE2E4, 0xE2E3, 0xE2C3, 0xE2E2, 0xE322, 0xEB83, 0xE3E2, 0xE482,
  0xED69, 0xF650, 0xF6F6, 0xEEF8, 0xE6F9, 0xE73B, 0xF77C, 0xE73B, 0xBDD6, 0x73AE, 0x3186, 0x0040,
  0x0020, 0x0020, 0x0821, 0x0001, 0x0000, 0x0841, 0x20A2, 0x2923, 0x3143, 0x3163, 0x3942, 0x4141,
  0x4982, 0x61A3, 0x71C3, 0x81E4, 0x9A04, 0xAA04, 0xBA24, 0xCA45, 0xD285, 0xCA85, 0x9204, 0x5902,
  0x2020, 0x1001, 0x0801, 0x1021, 0x2861, 0x40C2, 0x40E2, 0x2841, 0x1041, 0x0841, 0x1041, 0x50A2,
  0x9123, 0xC163, 0xD182, 0xC982, 0xC963, 0xC964, 0xD164, 0xC943, 0xC162, 0xC142, 0xC903, 0xC122,
  0xB962, 0xB1A3, 0xB1A3, 0xB962, 0xB922, 0xC102, 0xC102, 0xC103, 0xC103, 0xB903, 0xB923, 0xB923,
  0xC124, 0xC104, 0xB904, 0xA8E4, 0x98E3, 0x88C2, 0x70C2, 0x60C2, 0x50C2, 0x3081, 0x1861, 0x1061,
  0x0841, 0x0020, 0x0020, 0x0000, 0x0000, 0x0000, 0x0800, 0x1000, 0x1000, 0x1000, 0x1000, 0x1000,
  0x1000, 0x1000, 0x1000, 0x0800, 0x0800, 0x0021, 0x0021, 0x0041, 0x0821, 0x2021, 0x3862, 0x4083,
  0x4062, 0x2821, 0x0820, 0x0020, 0x0040, 0x2061, 0x50A2, 0x80E3, 0x90E3, 0x88C2, 0x88C2, 0x88A2,
  0x5882, 0x6082, 0x6882, 0x6862, 0x6861, 0x7061, 0x7062, 0x6882, 0x60A3, 0x58A2, 0x4882, 0x3861,
  0x2840, 0x2020, 0x2020, 0x2020, 0x2021, 0x2021, 0x1801, 0x1000, 0x0800, 0x0000, 0x0020, 0x0040,
  0x0020, 0x0020, 0x0020, 0x0000, 0x0000, 0x0000, 0x0000, 0x0000, 0x0000, 0x0000, 0x0000, 0x0000,
  0x0020, 0x0020, 0x0020, 0x0020, 0x0000, 0x0000, 0x0000, 0x0000, 0x0000, 0x0000, 0x0000, 0x0000,
  0x0020, 0x0820, 0x1021, 0x0001, 0x0041, 0x0040, 0x1820, 0x60A2, 0x98E3, 0xA8E3, 0xA8E2, 0xA902,
  0xA902, 0xA903, 0xA903, 0xA923, 0xA923, 0xA923, 0xB123, 0xB123, 0xB123, 0xB923, 0xB922, 0xB922,
  0xB902, 0xB8E3, 0xA0E4, 0x78E4, 0x38A3, 0x1041, 0x0000, 0x0000, 0x0801, 0x0821, 0x0021, 0x0820,
  0x3881, 0x7903, 0xB163, 0xC982, 0xC961, 0xC981, 0xC981, 0xD982, 0xD983, 0xD983, 0xD1A2, 0xD1A2,
  0xD1C2, 0xD9C2, 0xD9C2, 0xD9E2, 0xD9E2, 0xE1E2, 0xE203, 0xE203, 0xE203, 0xE223, 0xE222, 0xEA21,
  0xE262, 0xE282, 0xE2C3, 0xE2C4, 0xE2E4, 0xE2C3, 0xE2C3, 0xE302, 0xEB42, 0xEB82, 0xE403, 0xDCC5,
  0xEDAC, 0xF693, 0xF739, 0xE6FA, 0xDEDB, 0xDEFB, 0xEF5C, 0xDE9A, 0xA4D3, 0x5249, 0x20E3, 0x0040,
  0x0840, 0x1082, 0x1082, 0x0821, 0x0000, 0x20C3, 0x5227, 0x6B2A, 0x736A, 0x7329, 0x82C5, 0x9283,
  0x9A83, 0xAA84, 0xBAA4, 0xCAA4, 0xD2A4, 0xDAA4, 0xE2A4, 0xE2A4, 0xE2A4, 0xDA83, 0x99C2, 0x58C1,
  0x2000, 0x1000, 0x0801, 0x2062, 0x40E3, 0x6165, 0x6164, 0x3881, 0x1841, 0x0821, 0x0841, 0x4081,
  0x88E2, 0xB942, 0xC962, 0xC962, 0xC963, 0xC964, 0xD144, 0xC943, 0xC163, 0xC943, 0xC903, 0xC103,
  0xB942, 0xB182, 0xB1A2, 0xB162, 0xB922, 0xB902, 0xB923, 0xB923, 0xB123, 0xB123, 0xB122, 0xB922,
  0xC103, 0xC103, 0xC0E2, 0xB8E3, 0xB103, 0x9903, 0x80E3, 0x68C2, 0x58A1, 0x3861, 0x2841, 0x1841,
  0x1021, 0x0820, 0x0020, 0x0020, 0x0020, 0x0820, 0x1821, 0x2021, 0x2021, 0x2041, 0x2041, 0x2021,
  0x2021, 0x2001, 0x2001, 0x1801, 0x1001, 0x0801, 0x0021, 0x0021, 0x0820, 0x2821, 0x4883, 0x58C4,
  0x50A3, 0x2841, 0x0820, 0x0040, 0x0060, 0x2081, 0x58A2, 0x90E3, 0x98E3, 0x88E3, 0x88C3, 0x88C3,
  0x5082, 0x5862, 0x6082, 0x6882, 0x6862, 0x6841, 0x6841, 0x6041, 0x6062, 0x5882, 0x5082, 0x4861,
  0x4081, 0x3881, 0x3881, 0x40A2, 0x4082, 0x4082, 0x3062, 0x2021, 0x0800, 0x0020, 0x0040, 0x0040,
  0x0040, 0x0020, 0x0020, 0x0020, 0x0020, 0x0000, 0x0000, 0x0000, 0x0020, 0x0020, 0x0020, 0x0800,
  0x0020, 0x0020, 0x0020, 0x0020, 0x0820, 0x0820, 0x1020, 0x1021, 0x1821, 0x1021, 0x0820, 0x0020,
  0x0020, 0x1020, 0x1021, 0x0001, 0x0021, 0x0020, 0x1000, 0x5861, 0x90A3, 0xA8C2, 0xA0E2, 0xA0E2,
  0xA903, 0xA903, 0xA903, 0xA903, 0xB103, 0xA923, 0xA923, 0xB123, 0xB122, 0xB122, 0xB902, 0xB902,
  0xB902, 0xB8E3, 0x98E4, 0x68C4, 0x2882, 0x0841, 0x0000, 0x0000, 0x0801, 0x0821, 0x0041, 0x1040,
  0x4081, 0x8923, 0xB964, 0xC983, 0xC961, 0xC981, 0xC981, 0xD182, 0xD963, 0xD163, 0xD182, 0xD1A2,
  0xD1A2, 0xD9C2, 0xD9C2, 0xD9C2, 0xD9C2, 0xE1E3, 0xE1E3, 0xE203, 0xE203, 0xE203, 0xEA02, 0xEA21,
  0xEA41, 0xEA62, 0xE2A3, 0xE2A3, 0xE2C3, 0xE2C3, 0xEAE3, 0xEB03, 0xEB22, 0xE342, 0xE404, 0xDD28,
  0xE5EF, 0xEEB6, 0xEF3C, 0xE73D, 0xE71D, 0xDF1C, 0xDEDB, 0xB596, 0x7B6E, 0x28E4, 0x0881, 0x08A1,
  0x2124, 0x31A7, 0x3166, 0x0861, 0x0000, 0x3185, 0x8C0F, 0xBD94, 0xC5B3, 0xB50E, 0xD408, 0xDB85,
  0xE344, 0xE303, 0xE2C3, 0xE282, 0xE262, 0xE262, 0xE262, 0xE282, 0xE282, 0xD262, 0x99C2, 0x58C0,
  0x2000, 0x1000, 0x1842, 0x30A3, 0x5944, 0x79C6, 0x7185, 0x4082, 0x1821, 0x0000, 0x0821, 0x3061,
  0x70C2, 0xA942, 0xC162, 0xC962, 0xC942, 0xC964, 0xC964, 0xC943, 0xC963, 0xC943, 0xC903, 0xC103,
  0xB122, 0xB142, 0xB162, 0xB942, 0xB922, 0xB922, 0xB943, 0xB143, 0xA943, 0xA943, 0xA942, 0xA922,
  0xA901, 0xA8E1, 0xA8E1, 0xA902, 0xA122, 0x9923, 0x8102, 0x70C2, 0x5881, 0x3841, 0x2821, 0x2021,
  0x1021, 0x0821, 0x0020, 0x0820, 0x1841, 0x2841, 0x3862, 0x4062, 0x4882, 0x48A2, 0x48A2, 0x4082,
  0x3862, 0x3842, 0x3842, 0x3021, 0x2001, 0x1001, 0x0000, 0x0020, 0x0820, 0x2821, 0x4883, 0x58A3,
  0x50A3, 0x2841, 0x0820, 0x0040, 0x0040, 0x2060, 0x5882, 0x90E3, 0x98E3, 0x88C3, 0x88C3, 0x88E3,
  0x5862, 0x5862, 0x5862, 0x6062, 0x6062, 0x6061, 0x6061, 0x6061, 0x6061, 0x5881, 0x5881, 0x5861,
  0x5881, 0x5881, 0x58A1, 0x58C2, 0x68C2, 0x68A3, 0x5883, 0x3862, 0x0841, 0x0040, 0x0020, 0x0020,
  0x0820, 0x0820, 0x0040, 0x0040, 0x0020, 0x0020, 0x0000, 0x0000, 0x0020, 0x0020, 0x1000, 0x1800,
  0x1020, 0x1040, 0x1040, 0x1840, 0x2060, 0x3080, 0x4081, 0x50A2, 0x50A3, 0x3882, 0x1861, 0x0020,
  0x0800, 0x1020, 0x1001, 0x0000, 0x0020, 0x0040, 0x0800, 0x4820, 0x8082, 0xA103, 0x9902, 0x9902,
  0xA103, 0xA8E3, 0xB0C3, 0xB0C2, 0xB0E2, 0xB102, 0xA922, 0xA942, 0xA922, 0xB102, 0xB8E2, 0xB902,
  0xB922, 0xA903, 0x88C3, 0x5082, 0x1861, 0x0040, 0x0020, 0x0000, 0x0800, 0x0800, 0x0820, 0x2840,
  0x5882, 0x9104, 0xB923, 0xC943, 0xC962, 0xC962, 0xC962, 0xD143, 0xD943, 0xD163, 0xC962, 0xD182,
  0xD182, 0xD982, 0xD9A2, 0xD9A2, 0xD9A2, 0xE1C3, 0xE1C3, 0xE1E3, 0xE1E3, 0xE9E3, 0xE202, 0xE202,
  0xE222, 0xE262, 0xE283, 0xE283, 0xE2A2, 0xE2A2, 0xE2A2, 0xE2E2, 0xE302, 0xE322, 0xE3E3, 0xE4E7,
  0xDE30, 0xDED8, 0xEF1E, 0xF6FD, 0xEF1D, 0xDEFB, 0xBE17, 0x7C10, 0x4208, 0x08A1, 0x1943, 0x3A67,
  0x6B8E, 0x7BF0, 0x630C, 0x18C2, 0x0020, 0x3A07, 0xA514, 0xDE99, 0xEEB6, 0xDE0F, 0xE447, 0xE363,
  0xE343, 0xE303, 0xE2C3, 0xE282, 0xE242, 0xE242, 0xEA43, 0xEA43, 0xE243, 0xDA42, 0xA9E2, 0x6101,
  0x1820, 0x1021, 0x2021, 0x48A1, 0x7963, 0x89A4, 0x7924, 0x5041, 0x2000, 0x0000, 0x0021, 0x1861,
  0x48C1, 0x8921, 0xC162, 0xD142, 0xC922, 0xC142, 0xB963, 0xB983, 0xC943, 0xC923, 0xC123, 0xB923,
  0xB923, 0xB923, 0xB922, 0xB922, 0xB922, 0xB922, 0xB922, 0xB122, 0xB122, 0xA922, 0xA922, 0xA922,
  0xA902, 0xA8E2, 0xA8C2, 0xA8E2, 0xA903, 0xA123, 0x9103, 0x80C2, 0x6881, 0x4020, 0x2821, 0x3062,
  0x2063, 0x0842, 0x0040, 0x1861, 0x4082, 0x7082, 0x7861, 0x7881, 0x80C2, 0x88C3, 0x78C3, 0x60A2,
  0x5081, 0x5881, 0x6062, 0x5842, 0x4021, 0x1800, 0x0020, 0x0040, 0x0840, 0x2040, 0x3061, 0x3862,
  0x3062, 0x1841, 0x0840, 0x0040, 0x0840, 0x2840, 0x5862, 0x90C4, 0x98C3, 0x9082, 0x90A1, 0x88A2,
  0x5862, 0x5862, 0x5862, 0x5862, 0x5862, 0x5861, 0x5861, 0x5861, 0x5861, 0x5861, 0x5861, 0x5881,
  0x6081, 0x6081, 0x60A1, 0x68E1, 0x78E2, 0x80C3, 0x68A3, 0x4062, 0x0841, 0x0040, 0x0020, 0x1000,
  0x2021, 0x1841, 0x0840, 0x0040, 0x0020, 0x0800, 0x0800, 0x0820, 0x0840, 0x1861, 0x2841, 0x3021,
  0x3061, 0x3861, 0x4061, 0x4881, 0x50C1, 0x58E2, 0x70E2, 0x80E4, 0x80E4, 0x58A3, 0x2861, 0x0020,
  0x0800, 0x1020, 0x1021, 0x0020, 0x0040, 0x0040, 0x0820, 0x4020, 0x7882, 0xA124, 0x9903, 0x9902,
  0xA103, 0xA8C3, 0xB0A2, 0xB0A2, 0xB0C2, 0xB0E2, 0xA922, 0xA922, 0xA922, 0xB0E2, 0xB8E2, 0xB902,
  0xB122, 0xA102, 0x78A2, 0x4061, 0x0820, 0x0040, 0x0020, 0x0000, 0x0000, 0x0800, 0x1000, 0x2840,
  0x6082, 0x9903, 0xB903, 0xC122, 0xC142, 0xC162, 0xC943, 0xD143, 0xD143, 0xD163, 0xC962, 0xD162,
  0xD182, 0xD182, 0xD182, 0xD982, 0xD9A2, 0xD9A2, 0xD9C2, 0xE1C2, 0xE1C2, 0xE1C2, 0xE1E2, 0xDA02,
  0xE222, 0xE242, 0xE242, 0xE262, 0xE262, 0xE262, 0xDA82, 0xDAA2, 0xE2E2, 0xE303, 0xEBA3, 0xECC5,
  0xE651, 0xE719, 0xEF1E, 0xF6FD, 0xEEDB, 0xC637, 0x8C91, 0x4A69, 0x2104, 0x1923, 0x4AE9, 0x8490,
  0xB5B7, 0xBD97, 0x8C11, 0x2124, 0x0040, 0x4249, 0xAD97, 0xEF1B, 0xF717, 0xEE6F, 0xE446, 0xDB41,
  0xE342, 0xE302, 0xE2C2, 0xE282, 0xE243, 0xE243, 0xEA43, 0xEA43, 0xEA23, 0xE223, 0xB9E2, 0x6921,
  0x1840, 0x1021, 0x2821, 0x58A1, 0x8983, 0x9184, 0x8123, 0x6062, 0x3841, 0x1841, 0x0842, 0x1041,
  0x3080, 0x70E1, 0xB142, 0xD142, 0xD122, 0xB942, 0xB162, 0xB983, 0xC123, 0xC123, 0xB923, 0xB923,
  0xB923, 0xB923, 0xB923, 0xB902, 0xB102, 0xB102, 0xB102, 0xB102, 0xB102, 0xA902, 0xA902, 0xA902,
  0xA8E2, 0xA8C2, 0xA8C2, 0xA8E3, 0xA903, 0xA103, 0x9903, 0x88E2, 0x7881, 0x4820, 0x3821, 0x3843,
  0x2043, 0x0822, 0x0821, 0x3082, 0x68A3, 0x98A3, 0xA082, 0xA0A2, 0xA0C2, 0xA0C3, 0x90A2, 0x70A1,
  0x60A1, 0x70A2, 0x7883, 0x7883, 0x5862, 0x2821, 0x0820, 0x0040, 0x0860, 0x2040, 0x2841, 0x2021,
  0x1821, 0x1021, 0x0041, 0x0040, 0x0820, 0x2020, 0x5042, 0x80A4, 0x90A3, 0x9081, 0x9081, 0x90A1,
  0x5862, 0x5862, 0x5862, 0x5862, 0x5862, 0x5861, 0x5861, 0x5861, 0x5861, 0x5861, 0x5881, 0x5881,
  0x5881, 0x5881, 0x58A1, 0x60C1, 0x70C2, 0x78A3, 0x6083, 0x3862, 0x0821, 0x0020, 0x0020, 0x1841,
  0x3861, 0x4082, 0x3061, 0x2061, 0x1820, 0x1000, 0x1000, 0x1840, 0x2881, 0x40A2, 0x5082, 0x5861,
  0x6082, 0x6882, 0x70A2, 0x78C3, 0x8103, 0x8103, 0x9104, 0x98E5, 0x90C5, 0x6883, 0x3841, 0x0800,
  0x0020, 0x0820, 0x0800, 0x0020, 0x0061, 0x0060, 0x0840, 0x3840, 0x7082, 0x9904, 0xA0E3, 0xA0C2,
  0xA0E3, 0xA8C2, 0xA8A2, 0xA8A2, 0xB0A2, 0xA8E2, 0xA902, 0xA902, 0xA902, 0xA902, 0xB102, 0xB122,
  0xA922, 0xA102, 0x7882, 0x4020, 0x0800, 0x0020, 0x0021, 0x0001, 0x0800, 0x0800, 0x0800, 0x2020,
  0x58A1, 0x9103, 0xB123, 0xC122, 0xC142, 0xB962, 0xC142, 0xC943, 0xD163, 0xC963, 0xC962, 0xC962,
  0xD182, 0xD182, 0xD182, 0xD182, 0xD1A2, 0xD9A2, 0xD9A2, 0xD9C2, 0xD9C2, 0xD9C2, 0xE1E2, 0xE202,
  0xE202, 0xE202, 0xE222, 0xE222, 0xE242, 0xE262, 0xE262, 0xE2A3, 0xE2C3, 0xE304, 0xEB83, 0xEC84,
  0xE650, 0xEF18, 0xEF3D, 0xEEDB, 0xCDF7, 0x9490, 0x52AA, 0x3145, 0x3946, 0x62CB, 0x9CD2, 0xCE78,
  0xE6DB, 0xDE5A, 0x9C72, 0x3185, 0x0861, 0x426A, 0xB5B8, 0xEF1B, 0xF6F7, 0xEE2F, 0xE446, 0xDB42,
  0xE342, 0xE302, 0xE2C2, 0xE262, 0xE242, 0xE223, 0xEA23, 0xEA23, 0xEA23, 0xE203, 0xC1E3, 0x6922,
  0x1860, 0x1021, 0x3021, 0x68C1, 0x99A3, 0xA1A4, 0x9144, 0x78E4, 0x60C3, 0x48A3, 0x2881, 0x1840,
  0x2840, 0x60A1, 0x9902, 0xC143, 0xC942, 0xC121, 0xB141, 0xB122, 0xC102, 0xC102, 0xB923, 0xB923,
  0xB922, 0xB122, 0xB102, 0xB102, 0xB102, 0xB102, 0xB102, 0xB102, 0xB102, 0xA902, 0xA8E2, 0xA8E2,
  0xB0E2, 0xB0C2, 0xB0C2, 0xB0C2, 0xA8E3, 0xA903, 0xA0E3, 0x90E2, 0x80A2, 0x6821, 0x5021, 0x4042,
  0x2001, 0x1001, 0x1801, 0x4883, 0x70C3, 0x98C3, 0xA0A3, 0xA0A3, 0xA0C3, 0xA0A3, 0x90A2, 0x80A2,
  0x70A1, 0x78A2, 0x80C3, 0x80C4, 0x6083, 0x4042, 0x1820, 0x0020, 0x0860, 0x2061, 0x2841, 0x2000,
  0x1800, 0x1020, 0x0041, 0x0060, 0x0020, 0x1800, 0x4021, 0x70A3, 0x88C3, 0x90C2, 0x90A2, 0x88A2,
  0x5882, 0x5862, 0x5862, 0x5862, 0x5862, 0x5861, 0x5861, 0x5861, 0x5861, 0x5861, 0x5861, 0x5861,
  0x5881, 0x5881, 0x5881, 0x60A1, 0x68A2, 0x68A3, 0x5883, 0x3842, 0x0800, 0x0800, 0x1020, 0x2861,
  0x50C2, 0x60E3, 0x58A2, 0x4862, 0x3021, 0x1800, 0x1000, 0x2841, 0x48C2, 0x6903, 0x78E3, 0x78A2,
  0x8082, 0x8862, 0x9083, 0x98A3, 0x98E3, 0x9903, 0xA0E3, 0xA0C4, 0x98A4, 0x7863, 0x4021, 0x1000,
  0x0020, 0x0020, 0x0000, 0x0000, 0x0061, 0x0081, 0x0040, 0x3040, 0x6082, 0x90C4, 0xA0C3, 0xA8A3,
  0xA8C2, 0xA8C2, 0xA0C2, 0xA0C1, 0xA8C1, 0xA8C1, 0xB0C1, 0xB0E2, 0xB102, 0xA903, 0xA923, 0xA122,
  0xA102, 0xA0E3, 0x80A2, 0x5041, 0x1800, 0x0000, 0x0001, 0x0801, 0x0801, 0x0000, 0x0020, 0x2040,
  0x58A1, 0x9123, 0xB123, 0xC142, 0xB962, 0xB962, 0xB942, 0xC142, 0xC963, 0xC983, 0xC982, 0xC982,
  0xD182, 0xD182, 0xD182, 0xD1A2, 0xD1A2, 0xD1A2, 0xD9A2, 0xD9C2, 0xD9C2, 0xD9C2, 0xE1E2, 0xE202,
  0xE202, 0xE202, 0xE202, 0xE222, 0xE223, 0xE243, 0xE263, 0xE284, 0xEAA4, 0xEAC5, 0xE323, 0xE402,
  0xEDEE, 0xEEF6, 0xEF3B, 0xD638, 0x9470, 0x4A68, 0x2103, 0x3145, 0x72CC, 0xBD56, 0xDE99, 0xF73B,
  0xF73D, 0xE67B, 0xACB3, 0x41E7, 0x0882, 0x4229, 0xB597, 0xEEFA, 0xF6D6, 0xEDEE, 0xE426, 0xDB41,
  0xE322, 0xE2E2, 0xE2A2, 0xE262, 0xE242, 0xE222, 0xE203, 0xEA03, 0xE203, 0xE1E3, 0xC9E4, 0x7943,
  0x20A1, 0x1040, 0x4041, 0x80E2, 0xA9A3, 0xA9A3, 0x9963, 0x9945, 0x9145, 0x7924, 0x50C1, 0x3040,
  0x2820, 0x4861, 0x80E3, 0xB144, 0xC943, 0xC121, 0xB901, 0xB901, 0xB8E2, 0xB8E2, 0xB102, 0xB102,
  0xB102, 0xB102, 0xB102, 0xB122, 0xB122, 0xB122, 0xB102, 0xB102, 0xA902, 0xA8E1, 0xA8C1, 0xA8E2,
  0xB0E2, 0xB0C2, 0xB0C2, 0xA8C2, 0xA8C2, 0xA8E2, 0xA0E2, 0x98E2, 0x90A2, 0x8041, 0x6822, 0x4842,
  0x2000, 0x1800, 0x3001, 0x58A3, 0x70C3, 0x80A2, 0x90C3, 0x98C3, 0x98C3, 0x98C3, 0x90C3, 0x88C2,
  0x80A2, 0x78C2, 0x80E3, 0x8104, 0x70A4, 0x5062, 0x2821, 0x0820, 0x1040, 0x3081, 0x3041, 0x2800,
  0x1800, 0x1021, 0x0861, 0x0061, 0x0020, 0x1000, 0x3821, 0x60A3, 0x78E3, 0x88E3, 0x88C3, 0x88C2,
  0x5882, 0x5862, 0x5862, 0x5862, 0x5862, 0x5861, 0x5861, 0x5861, 0x5861, 0x5861, 0x5861, 0x5861,
  0x5081, 0x5081, 0x5080, 0x5881, 0x6081, 0x60A2, 0x5082, 0x3021, 0x1000, 0x1000, 0x2041, 0x38A2,
  0x60E2, 0x8103, 0x78C3, 0x6883, 0x4842, 0x2000, 0x1800, 0x3041, 0x58C2, 0x8103, 0x8902, 0x88C1,
  0x88A2, 0x9082, 0x9882, 0xA0A2, 0x98E3, 0x98E3, 0x98C3, 0xA0A3, 0x98A4, 0x80A3, 0x5061, 0x2060,
  0x0040, 0x0020, 0x0800, 0x0800, 0x0841, 0x0860, 0x0040, 0x1820, 0x4041, 0x78A3, 0x98A4, 0xA8A3,
  0xA8C2, 0xA8C2, 0xA0E2, 0xA0E1, 0xA0E1, 0xA8C1, 0xB0A1, 0xB0C2, 0xA8C2, 0xA0E2, 0x9902, 0x90E1,
  0x98C1, 0xA103, 0x88E3, 0x60A3, 0x2841, 0x0821, 0x0000, 0x0801, 0x0800, 0x0000, 0x0020, 0x2040,
  0x58A1, 0x9123, 0xB143, 0xC142, 0xB962, 0xB942, 0xB942, 0xC122, 0xC942, 0xC962, 0xC162, 0xC962,
  0xC962, 0xC962, 0xD182, 0xD182, 0xD182, 0xD182, 0xD9A2, 0xD9A2, 0xD9A2, 0xD9C2, 0xD9C2, 0xE1E2,
  0xE1E2, 0xE202, 0xE203, 0xE203, 0xE223, 0xE223, 0xE224, 0xDA24, 0xDA24, 0xDA24, 0xDA82, 0xDB41,
  0xED6C, 0xE633, 0xC5D5, 0x8C2F, 0x4A68, 0x2164, 0x39E7, 0x736E, 0xB535, 0xE69B, 0xEEFC, 0xEF3C,
  0xF71D, 0xE69B, 0xB535, 0x5A8A, 0x10C3, 0x3A29, 0xAD75, 0xEEB8, 0xF673, 0xE54B, 0xDBC5, 0xDB21,
  0xDB02, 0xDAC2, 0xDA82, 0xDA42, 0xE222, 0xE202, 0xE1E2, 0xE1E2, 0xE1E2, 0xE1C3, 0xD1C4, 0x7963,
  0x20C1, 0x1040, 0x4861, 0x9102, 0xB9A3, 0xA962, 0xA142, 0xA964, 0xB165, 0xA144, 0x7101, 0x4880,
  0x3020, 0x3821, 0x60A3, 0x9104, 0xB943, 0xC921, 0xC101, 0xC0E1, 0xB8C2, 0xB8E2, 0xB902, 0xB102,
  0xB102, 0xB102, 0xB102, 0xB102, 0xB102, 0xB102, 0xB102, 0xA902, 0xA902, 0xA8C1, 0xA8C1, 0xA8C1,
  0xB0C2, 0xB0C2, 0xA8A2, 0xA8A2, 0xA8A2, 0xA8C2, 0xA0C2, 0xA0C2, 0x98A2, 0x8862, 0x7082, 0x4082,
  0x1020, 0x1800, 0x3842, 0x5883, 0x6082, 0x5860, 0x60A1, 0x70A2, 0x80A2, 0x88C2, 0x90C3, 0x88A2,
  0x8082, 0x78A2, 0x70C2, 0x70C3, 0x68A3, 0x5042, 0x3021, 0x0820, 0x1060, 0x3062, 0x3041, 0x2821,
  0x2000, 0x1021, 0x0861, 0x0061, 0x0020, 0x0800, 0x2820, 0x4882, 0x60C3, 0x70E3, 0x78C3, 0x80C3,
  0x5882, 0x5862, 0x5862, 0x5862, 0x5862, 0x5862, 0x5861, 0x5861, 0x5861, 0x5861, 0x5861, 0x5861,
  0x5081, 0x5081, 0x5081, 0x5881, 0x5881, 0x58A2, 0x4062, 0x2821, 0x1000, 0x1800, 0x2841, 0x48C2,
  0x70E2, 0x8902, 0x90E4, 0x80A4, 0x5863, 0x2821, 0x1000, 0x3040, 0x60A2, 0x8903, 0x98E2, 0x90C0,
  0x88E1, 0x90C2, 0x98C2, 0x98C2, 0x98E2, 0x90E2, 0x88C2, 0x98A3, 0x98A3, 0x88C3, 0x68C2, 0x38A1,
  0x0860, 0x0000, 0x1000, 0x1800, 0x2041, 0x1061, 0x0020, 0x0800, 0x2820, 0x5882, 0x80A4, 0xA0A4,
  0xA8C2, 0xA0E2, 0x9902, 0x9922, 0x9901, 0xA8C1, 0xB0A1, 0xB0A2, 0xA8A2, 0x98C2, 0x88E2, 0x80A1,
  0x88A1, 0x9903, 0x9105, 0x68E4, 0x3062, 0x1021, 0x0000, 0x0800, 0x0800, 0x0000, 0x0040, 0x2020,
  0x5081, 0x9103, 0xB123, 0xC122, 0xB942, 0xB941, 0xB921, 0xC102, 0xC922, 0xC142, 0xC142, 0xC942,
  0xC942, 0xC942, 0xC942, 0xD162, 0xD162, 0xD162, 0xD982, 0xD982, 0xD982, 0xD9A2, 0xD9A2, 0xD9A2,
  0xE1C2, 0xE1E2, 0xE1E3, 0xE1E3, 0xD9E3, 0xD1C3, 0xD1A3, 0xC983, 0xC983, 0xC963, 0xC9C1, 0xD280,
  0xF4CB, 0xD50F, 0x8BED, 0x39E7, 0x10E3, 0x29A5, 0x73AE, 0xBDB7, 0xE6DC, 0xEF1D, 0xE71D, 0xE71D,
  0xEF1C, 0xE6DB, 0xBDB7, 0x6B4D, 0x2125, 0x4228, 0xB553, 0xEE55, 0xEDAF, 0xDC47, 0xDB63, 0xDAE2,
  0xDAC2, 0xDAA2, 0xDA61, 0xDA21, 0xDA01, 0xD9E2, 0xD9C2, 0xE1C2, 0xE1C2, 0xD9A2, 0xD1A4, 0x7943,
  0x20C1, 0x1860, 0x5881, 0xA123, 0xC163, 0xB121, 0xA101, 0xB144, 0xC944, 0xC143, 0x9141, 0x60C0,
  0x3840, 0x3021, 0x4063, 0x70C3, 0xA103, 0xC121, 0xC901, 0xC0E1, 0xB8C2, 0xB0C2, 0xB8E2, 0xB8E2,
  0xB0E2, 0xB0E2, 0xB0E2, 0xB0E2, 0xB0E2, 0xB0E2, 0xA8E2, 0xA8E2, 0xA8E2, 0xA8C1, 0xA8A1, 0xA8C2,
  0xA8E2, 0xA8C2, 0xA8C1, 0xA0A1, 0xA0A1, 0xA0A2, 0xA0C2, 0xA0C2, 0x98A2, 0x9082, 0x70C3, 0x38E2,
  0x0860, 0x1840, 0x4062, 0x5883, 0x4841, 0x3020, 0x4080, 0x5081, 0x6881, 0x70A2, 0x80A2, 0x8882,
  0x8061, 0x6861, 0x5881, 0x5882, 0x5862, 0x5022, 0x3021, 0x1040, 0x1040, 0x3041, 0x3862, 0x3041,
  0x2021, 0x1841, 0x0841, 0x0040, 0x0020, 0x0800, 0x1820, 0x3061, 0x4882, 0x60A2, 0x68C3, 0x78C3,
  0x5082, 0x5062, 0x5062, 0x5062, 0x5062, 0x5062, 0x5061, 0x5061, 0x5061, 0x5061, 0x5061, 0x5061,
  0x5081, 0x50A1, 0x5081, 0x5861, 0x5881, 0x48A2, 0x3061, 0x2021, 0x1000, 0x2000, 0x3841, 0x50C2,
  0x70C1, 0x88C1, 0x90C3, 0x88C4, 0x6083, 0x3041, 0x1000, 0x2840, 0x58A1, 0x80E2, 0x90E1, 0x90C0,
  0x8901, 0x8922, 0x90E2, 0x98E2, 0x90E2, 0x88E2, 0x88A1, 0x90A2, 0x98A3, 0x90C3, 0x78E3, 0x50C2,
  0x1861, 0x0800, 0x1800, 0x3021, 0x3882, 0x2881, 0x0820, 0x0820, 0x1020, 0x3861, 0x6083, 0x88A3,
  0x98A2, 0x98E2, 0x9922, 0x9922, 0x9902, 0xA0C1, 0xA881, 0xA882, 0xA082, 0x90A1, 0x80C1, 0x7880,
  0x88A1, 0x9904, 0x9105, 0x68E4, 0x3062, 0x1021, 0x0000, 0x0800, 0x0000, 0x0000, 0x0020, 0x1800,
  0x5041, 0x90E3, 0xB103, 0xC122, 0xB922, 0xB922, 0xB902, 0xC0E2, 0xC902, 0xC102, 0xC121, 0xC102,
  0xC902, 0xC901, 0xC901, 0xC922, 0xD122, 0xD142, 0xD142, 0xD962, 0xD962, 0xD962, 0xD962, 0xD961,
  0xD982, 0xD9A2, 0xD9C3, 0xD1A3, 0xC962, 0xC122, 0xB8E1, 0xB0C1, 0xB0A1, 0xB8A1, 0xC121, 0xD201,
  0xEB89, 0xB329, 0x51A5, 0x18C3, 0x1945, 0x530B, 0x9D54, 0xC679, 0xD6FB, 0xE75E, 0xE73E, 0xDF3D,
  0xE71C, 0xDEFB, 0xBDF7, 0x73AF, 0x2986, 0x4A48, 0xBD52, 0xF611, 0xECEA, 0xD342, 0xDAE2, 0xDAC2,
  0xDAA2, 0xDA62, 0xDA42, 0xDA21, 0xD9E1, 0xD9C1, 0xD9A1, 0xD9A2, 0xD9A2, 0xD982, 0xC164, 0x7103,
  0x18A0, 0x2040, 0x60A1, 0xB143, 0xC962, 0xB101, 0xA0E1, 0xB903, 0xD102, 0xD122, 0xA961, 0x8101,
  0x5081, 0x2821, 0x2821, 0x5062, 0x88C2, 0xB902, 0xC922, 0xC902, 0xB0C2, 0xB0C2, 0xB8C2, 0xB8C2,
  0xB8C2, 0xB0C2, 0xB0C2, 0xB0C2, 0xB0C2, 0xA8C2, 0xA8C2, 0xA8C2, 0xA8C2, 0xA0C2, 0xA0C2, 0xA0E2,
  0xA0E2, 0xA0E2, 0x98C2, 0x98A1, 0x98A1, 0x98A1, 0x98A2, 0x98A2, 0x98A2, 0x90A3, 0x70C3, 0x38E2,
  0x0860, 0x1861, 0x4883, 0x5883, 0x4040, 0x2000, 0x3080, 0x4081, 0x5861, 0x5860, 0x6860, 0x7061,
  0x7041, 0x5840, 0x4840, 0x4060, 0x4841, 0x4021, 0x2821, 0x0840, 0x0840, 0x2000, 0x3041, 0x3062,
  0x2862, 0x1821, 0x0820, 0x0020, 0x0020, 0x0000, 0x0820, 0x1820, 0x2840, 0x4041, 0x5082, 0x60A3,
  0x5081, 0x5062, 0x5062, 0x5062, 0x5062, 0x5062, 0x5061, 0x5061, 0x5061, 0x5061, 0x5061, 0x5061,
  0x5081, 0x48A1, 0x5881, 0x5861, 0x5081, 0x4081, 0x2861, 0x1821, 0x1800, 0x2800, 0x4041, 0x58A2,
  0x6880, 0x7880, 0x88A2, 0x80C4, 0x60A3, 0x3862, 0x1820, 0x2040, 0x4881, 0x70C2, 0x88C1, 0x90A1,
  0x80E1, 0x80E1, 0x90C2, 0x98C2, 0x90C2, 0x88C2, 0x8881, 0x9082, 0xA062, 0x98A3, 0x88A2, 0x60A2,
  0x2841, 0x1800, 0x2821, 0x4882, 0x58C4, 0x48C3, 0x2860, 0x1040, 0x0820, 0x2040, 0x4062, 0x6882,
  0x88A2, 0x90E2, 0x9123, 0x9943, 0x9902, 0xA0E2, 0xA8A2, 0xA8A2, 0xA0C2, 0x90C2, 0x80C1, 0x80A1,
  0x90C2, 0x9904, 0x88E4, 0x6083, 0x2821, 0x0800, 0x0000, 0x0000, 0x0000, 0x0000, 0x0020, 0x1800,
  0x5041, 0x88C3, 0xB0E3, 0xB903, 0xB922, 0xB922, 0xB902, 0xC0E2, 0xC903, 0xC122, 0xC122, 0xC102,
  0xC902, 0xC902, 0xC922, 0xC922, 0xD142, 0xD142, 0xD162, 0xD962, 0xD962, 0xD963, 0xD983, 0xD982,
  0xD9A3, 0xD9A3, 0xD1A3, 0xC963, 0xB922, 0xB0C1, 0xA860, 0xA840, 0xA841, 0xB061, 0xB8A1, 0xC141,
  0xE2A7, 0xB267, 0x5944, 0x18C2, 0x29A7, 0x73EF, 0xC637, 0xDF19, 0xDF3A, 0xE75C, 0xE75D, 0xE73D,
  0xE73B, 0xE71A, 0xBE16, 0x73CE, 0x2966, 0x4A06, 0xB4AE, 0xE52D, 0xEC27, 0xDAA0, 0xDAA2, 0xE282,
  0xDA62, 0xDA42, 0xDA22, 0xDA02, 0xD9E2, 0xD9C2, 0xD1A2, 0xD182, 0xD182, 0xD183, 0xB123, 0x60C2,
  0x1860, 0x2860, 0x70C2, 0xB964, 0xC963, 0xB922, 0xB102, 0xC103, 0xD102, 0xD122, 0xB962, 0x9143,
  0x68C3, 0x3842, 0x2001, 0x3841, 0x70A1, 0xA902, 0xC123, 0xC903, 0xB0E2, 0xA8C2, 0xB0C2, 0xB0C2,
  0xB0C2, 0xB0C2, 0xB0C2, 0xA8C2, 0xA8C2, 0xA8C2, 0xA8C2, 0xA8C2, 0xA0C2, 0x98C2, 0x98C2, 0x98E2,
  0x98E2, 0x90E2, 0x90C2, 0x88A1, 0x88A1, 0x90A1, 0x90A2, 0x90A2, 0x90A2, 0x9083, 0x68A2, 0x30A1,
  0x0840, 0x2041, 0x5063, 0x6883, 0x5061, 0x3040, 0x3880, 0x4881, 0x5861, 0x5040, 0x6041, 0x6861,
  0x6861, 0x5840, 0x4040, 0x4060, 0x3841, 0x3021, 0x2020, 0x0840, 0x0820, 0x1800, 0x2841, 0x3082,
  0x2882, 0x1821, 0x0800, 0x0000, 0x0820, 0x0820, 0x0820, 0x0800, 0x1000, 0x2800, 0x3841, 0x4882,
  0x5061, 0x5062, 0x5062, 0x5062, 0x5062, 0x5062, 0x5061, 0x5061, 0x5061, 0x5061, 0x5061, 0x5061,
  0x4881, 0x4881, 0x5861, 0x5861, 0x5081, 0x3881, 0x2061, 0x1841, 0x2000, 0x3801, 0x4861, 0x58A1,
  0x6060, 0x6840, 0x7882, 0x78C3, 0x60A3, 0x4082, 0x1840, 0x1840, 0x3080, 0x58C2, 0x78A2, 0x8882,
  0x78A1, 0x78A1, 0x8881, 0x9882, 0x90A2, 0x88A2, 0x8882, 0x9062, 0xA062, 0xA083, 0x9082, 0x7082,
  0x3862, 0x2020, 0x3041, 0x50C3, 0x6905, 0x68E4, 0x5082, 0x2860, 0x1040, 0x1020, 0x2021, 0x4861,
  0x78A2, 0x88E3, 0x9123, 0x9923, 0x9903, 0xA0E3, 0xA0C3, 0xA0E3, 0x98E3, 0x90E2, 0x88C2, 0x88E2,
  0x90E3, 0x98E4, 0x78A3, 0x5041, 0x1800, 0x0000, 0x0000, 0x0000, 0x0801, 0x0021, 0x0040, 0x1800,
  0x4841, 0x88A3, 0xA8C3, 0xB8E3, 0xB902, 0xB102, 0xB902, 0xC0E3, 0xC103, 0xC123, 0xC123, 0xC123,
  0xC923, 0xC923, 0xC923, 0xC943, 0xC943, 0xD143, 0xD163, 0xD163, 0xD163, 0xD983, 0xD983, 0xD983,
  0xD1A4, 0xD1A4, 0xC984, 0xB943, 0xA8E1, 0xA060, 0x9820, 0x9800, 0xA021, 0xA862, 0xB081, 0xB8A1,
  0xD1C5, 0xB206, 0x6985, 0x28E3, 0x41E8, 0x9451, 0xDE97, 0xF779, 0xEF79, 0xE759, 0xE73B, 0xEF3B,
  0xEF59, 0xEF18, 0xC615, 0x7BAD, 0x2945, 0x4184, 0xA3CA, 0xD428, 0xE364, 0xE260, 0xE262, 0xE243,
  0xE222, 0xDA02, 0xDA02, 0xD9E2, 0xD9C2, 0xD9A2, 0xD182, 0xD182, 0xD182, 0xC983, 0x9903, 0x50A1,
  0x1840, 0x3061, 0x7903, 0xB964, 0xC963, 0xC143, 0xB923, 0xC124, 0xD122, 0xD142, 0xC163, 0xA164,
  0x7924, 0x4882, 0x2020, 0x3040, 0x58A1, 0x9903, 0xB924, 0xC103, 0xA8E2, 0xA8E2, 0xB0E2, 0xB0E2,
  0xA8E2, 0xA8C2, 0xA8C2, 0xA8C2, 0xA0C3, 0xA0C3, 0x98C3, 0x98C3, 0x98C3, 0x90A2, 0x88A2, 0x88C2,
  0x80E2, 0x80C2, 0x78C2, 0x78A1, 0x7881, 0x8082, 0x8082, 0x8882, 0x8882, 0x8862, 0x6042, 0x3040,
  0x1000, 0x2801, 0x5843, 0x7084, 0x6882, 0x4881, 0x48A2, 0x5082, 0x5842, 0x5021, 0x5861, 0x6882,
  0x6882, 0x5861, 0x4861, 0x4061, 0x3061, 0x2041, 0x1020, 0x0020, 0x0000, 0x1000, 0x2061, 0x28A2,
  0x28A2, 0x1020, 0x0800, 0x0800, 0x0820, 0x0840, 0x0820, 0x0000, 0x0000, 0x1000, 0x2000, 0x3041,
  0x4861, 0x5062, 0x5062, 0x5062, 0x5062, 0x5062, 0x5062, 0x5061, 0x5061, 0x5061, 0x5061, 0x5061,
  0x4861, 0x4861, 0x5841, 0x5861, 0x4861, 0x2861, 0x1060, 0x1041, 0x2001, 0x4021, 0x5061, 0x58A1,
  0x5860, 0x6040, 0x6861, 0x68A3, 0x60A3, 0x4082, 0x2040, 0x1840, 0x2080, 0x48A2, 0x6883, 0x8063,
  0x7882, 0x7881, 0x8862, 0x9062, 0x9083, 0x88A2, 0x8082, 0x8882, 0x9882, 0x9882, 0x88A2, 0x70A2,
  0x3861, 0x2020, 0x2840, 0x50C2, 0x7104, 0x78C4, 0x6862, 0x4061, 0x2040, 0x1020, 0x1020, 0x3041,
  0x60A2, 0x78C3, 0x88E3, 0x90E3, 0x98C3, 0x90C2, 0x90C2, 0x90E2, 0x90E2, 0x88C2, 0x88A2, 0x90C2,
  0x90C3, 0x90C3, 0x7082, 0x4841, 0x1000, 0x0020, 0x0020, 0x0020, 0x0001, 0x0021, 0x0041, 0x1000,
  0x4041, 0x78A3, 0xA0A3, 0xA8A2, 0xA0C1, 0xA0E2, 0xA8C2, 0xB0C2, 0xB8E3, 0xB103, 0xB102, 0xB903,
  0xB903, 0xB923, 0xB923, 0xB923, 0xC123, 0xC143, 0xC143, 0xC143, 0xC143, 0xC143, 0xC963, 0xC943,
  0xC963, 0xC163, 0xB943, 0xA8E2, 0xA0A1, 0x9840, 0x9020, 0x9821, 0xA042, 0xA863, 0xB8C3, 0xC103,
  0xC0E2, 0xA943, 0x7984, 0x4103, 0x51E7, 0xA3CE, 0xE5D3, 0xF6B4, 0xEEF4, 0xEED5, 0xF6D7, 0xF6D7,
  0xF6F5, 0xF6B4, 0xCDB2, 0x7B4B, 0x3104, 0x4103, 0x92C7, 0xC305, 0xDAA2, 0xEA21, 0xEA22, 0xE203,
  0xE1E2, 0xD9E2, 0xD9C2, 0xD9C2, 0xD9A2, 0xD182, 0xC982, 0xC962, 0xC963, 0xB963, 0x8903, 0x4881,
  0x1820, 0x3861, 0x78E3, 0xB144, 0xB923, 0xB923, 0xB924, 0xC104, 0xC102, 0xB921, 0xB123, 0xA944,
  0x8924, 0x58A1, 0x2840, 0x2840, 0x48A1, 0x80E3, 0xA8E4, 0xB0E3, 0xA0C1, 0x98C1, 0xA0C2, 0xA0C2,
  0x98C2, 0x98C2, 0x98A2, 0x90A2, 0x90A2, 0x88A2, 0x88A2, 0x88A2, 0x80A2, 0x7882, 0x7082, 0x7082,
  0x70A2, 0x6882, 0x6081, 0x6081, 0x6861, 0x7061, 0x7062, 0x7862, 0x7862, 0x7042, 0x5021, 0x2000,
  0x0800, 0x2021, 0x4843, 0x6863, 0x6062, 0x5061, 0x4881, 0x4862, 0x5042, 0x5821, 0x5862, 0x60A2,
  0x60A2, 0x5862, 0x5041, 0x4061, 0x3061, 0x1861, 0x0820, 0x0000, 0x0800, 0x1000, 0x1861, 0x2082,
  0x1881, 0x1020, 0x0800, 0x1000, 0x1020, 0x1041, 0x0820, 0x0020, 0x0000, 0x0800, 0x1000, 0x1820,
  0x4861, 0x5062, 0x5062, 0x5062, 0x5062, 0x5062, 0x5062, 0x5061, 0x5061, 0x5061, 0x5061, 0x5061,
  0x4861, 0x4040, 0x5841, 0x6041, 0x4841, 0x2060, 0x1060, 0x1040, 0x2821, 0x4041, 0x5061, 0x5880,
  0x5860, 0x6041, 0x5861, 0x6082, 0x5882, 0x4862, 0x2820, 0x1040, 0x1060, 0x3082, 0x6063, 0x8044,
  0x7083, 0x7082, 0x8042, 0x8842, 0x8062, 0x7082, 0x6881, 0x7081, 0x8081, 0x8081, 0x78A1, 0x60A1,
  0x3881, 0x1820, 0x2040, 0x40A1, 0x70A3, 0x8083, 0x8042, 0x5862, 0x3061, 0x1020, 0x1020, 0x2841,
  0x5081, 0x6882, 0x8082, 0x8882, 0x9062, 0x8861, 0x8081, 0x80C1, 0x80C1, 0x8081, 0x8061, 0x8861,
  0x8862, 0x8883, 0x6862, 0x4041, 0x1040, 0x0040, 0x0040, 0x0020, 0x0000, 0x0020, 0x0021, 0x1000,
  0x3841, 0x7083, 0x9082, 0x9861, 0x9080, 0x9081, 0x9881, 0xA061, 0xA882, 0xA0A1, 0x98C1, 0xA0C2,
  0xA8C2, 0xA8E2, 0xA8E2, 0xA8E2, 0xA8E2, 0xA8E1, 0xA8E1, 0xB0E1, 0xB0E1, 0xB0E1, 0xB0E1, 0xB8E2,
  0xB8E2, 0xB0E2, 0xA8C2, 0xA0A1, 0x9060, 0x9020, 0x9000, 0x9001, 0x9822, 0xA842, 0xA883, 0xB0C2,
  0xB880, 0xA902, 0x89A3, 0x40C2, 0x4924, 0x92C9, 0xD46D, 0xE54D, 0xE5AE, 0xE5F0, 0xF5F1, 0xF5D1,
  0xEDCE, 0xE58E, 0xBCAC, 0x7288, 0x38C3, 0x40E2, 0x8A65, 0xBA83, 0xD242, 0xF202, 0xE9E3, 0xE1C3,
  0xD9A2, 0xD982, 0xD9A2, 0xD9A2, 0xD182, 0xD182, 0xC962, 0xC142, 0xC162, 0xB163, 0x7902, 0x3861,
  0x1800, 0x4041, 0x78C3, 0xA103, 0xA8C1, 0xB0E3, 0xB8E4, 0xB0A3, 0xA8C1, 0xA0E0, 0xA8C3, 0xA904,
  0x9103, 0x60A0, 0x2860, 0x2060, 0x4081, 0x70A3, 0x90A3, 0xA082, 0x9080, 0x88A0, 0x8881, 0x8881,
  0x8881, 0x8081, 0x8081, 0x8081, 0x7861, 0x7861, 0x7061, 0x7061, 0x7061, 0x6841, 0x6041, 0x6041,
  0x5861, 0x5861, 0x5041, 0x5040, 0x5841, 0x6041, 0x6841, 0x6841, 0x6841, 0x5821, 0x3000, 0x1000,
  0x0040, 0x1861, 0x3862, 0x5042, 0x4821, 0x4040, 0x3840, 0x3821, 0x4021, 0x5001, 0x5841, 0x5862,
  0x5862, 0x5821, 0x5001, 0x4821, 0x2861, 0x1061, 0x0841, 0x0800, 0x0800, 0x0800, 0x1061, 0x1061,
  0x1060, 0x0800, 0x0800, 0x1000, 0x1020, 0x1021, 0x0020, 0x0020, 0x0020, 0x0000, 0x0800, 0x0820,
  0x4861, 0x5062, 0x5062, 0x5062, 0x5062, 0x5062, 0x5062, 0x5062, 0x5062, 0x5062, 0x5082, 0x5081,
  0x4861, 0x4841, 0x5841, 0x5841, 0x4041, 0x2040, 0x1040, 0x1040, 0x2861, 0x4862, 0x5081, 0x5881,
  0x5861, 0x5861, 0x5861, 0x5862, 0x5862, 0x4862, 0x3020, 0x1820, 0x0840, 0x2842, 0x5043, 0x7044,
  0x6883, 0x6882, 0x7042, 0x7042, 0x6862, 0x6081, 0x5861, 0x6060, 0x6860, 0x6881, 0x6080, 0x5080,
  0x3081, 0x1040, 0x1840, 0x3080, 0x6081, 0x7842, 0x7801, 0x6042, 0x4061, 0x2041, 0x1041, 0x1840,
  0x4041, 0x5861, 0x7062, 0x8042, 0x8021, 0x7841, 0x7060, 0x7081, 0x7081, 0x7061, 0x7820, 0x7821,
  0x7841, 0x7842, 0x6041, 0x3841, 0x1040, 0x0040, 0x0040, 0x0020, 0x0000, 0x0000, 0x0021, 0x0800,
  0x3021, 0x6062, 0x7842, 0x8841, 0x8040, 0x8040, 0x8040, 0x8840, 0x8861, 0x8861, 0x8860, 0x9081,
  0x9081, 0x9081, 0x9081, 0x9081, 0x9081, 0x9080, 0x9080, 0x9080, 0x9080, 0x9880, 0x9880, 0x9860,
  0x9881, 0x9881, 0x9061, 0x8860, 0x8840, 0x8820, 0x8800, 0x8801, 0x9021, 0x9822, 0x9862, 0x9881,
  0xB060, 0xB0E2, 0x9984, 0x5081, 0x48A2, 0x7984, 0xB2A6, 0xCB67, 0xD3C7, 0xDC09, 0xE40A, 0xE40A,
  0xDBC7, 0xCBA7, 0xAB06, 0x69A4, 0x3881, 0x48A2, 0x89C5, 0xB1E4, 0xC9C3, 0xE1A3, 0xD183, 0xD142,
  0xC922, 0xC921, 0xC921, 0xC921, 0xC921, 0xC101, 0xB901, 0xB0E2, 0xB102, 0xA102, 0x60A2, 0x3040,
  0x2000, 0x4021, 0x7082, 0x9082, 0x9061, 0xA082, 0xA083, 0x9842, 0x9060, 0x8880, 0x9062, 0x98A3,
  0x88A2, 0x6080, 0x3040, 0x2840, 0x3861, 0x5862, 0x7862, 0x8041, 0x8060, 0x7860, 0x7860, 0x7840,
  0x7040, 0x7040, 0x6840, 0x6840, 0x6040, 0x5840, 0x5840, 0x5040, 0x5020, 0x4820, 0x4820, 0x4821,
  0x4841, 0x4840, 0x4020, 0x4020, 0x4820, 0x5021, 0x5821, 0x6021, 0x5801, 0x4001, 0x2000, 0x0820,
  0x0861, 0x1861, 0x2862, 0x3821, 0x3000, 0x2800, 0x2000, 0x2000, 0x3000, 0x4000, 0x4801, 0x4821,
  0x4821, 0x4801, 0x4801, 0x4001, 0x2841, 0x1061, 0x0841, 0x1021, 0x1000, 0x1020, 0x1040, 0x1040,
  0x0820, 0x0800, 0x1000, 0x1800, 0x1800, 0x1021, 0x0820, 0x0020, 0x0020, 0x0020, 0x0020, 0x0000,
  0x4841, 0x4862, 0x4862, 0x4862, 0x4862, 0x5062, 0x5062, 0x5062, 0x5062, 0x5062, 0x5082, 0x4882,
  0x5062, 0x5062, 0x5082, 0x4882, 0x3861, 0x2020, 0x1800, 0x2040, 0x3882, 0x48A2, 0x50A2, 0x5061,
  0x5061, 0x5061, 0x5061, 0x5862, 0x5862, 0x4862, 0x3061, 0x1840, 0x1020, 0x2821, 0x4843, 0x6043,
  0x5862, 0x5861, 0x5861, 0x5861, 0x5861, 0x5861, 0x5061, 0x5841, 0x5841, 0x5861, 0x5861, 0x4861,
  0x2861, 0x1040, 0x1840, 0x2860, 0x4881, 0x5861, 0x5800, 0x5041, 0x4882, 0x2882, 0x1041, 0x1820,
  0x3820, 0x4861, 0x6062, 0x6862, 0x7041, 0x6841, 0x6040, 0x6061, 0x6061, 0x6041, 0x6020, 0x6821,
  0x6842, 0x5842, 0x4041, 0x2040, 0x0840, 0x0020, 0x0020, 0x0020, 0x0021, 0x0021, 0x0821, 0x0820,
  0x2840, 0x4842, 0x6842, 0x7822, 0x7801, 0x7021, 0x7041, 0x7061, 0x7061, 0x7041, 0x7821, 0x7841,
  0x7841, 0x7841, 0x7841, 0x7841, 0x8041, 0x8041, 0x8041, 0x8041, 0x8041, 0x8041, 0x8041, 0x7840,
  0x7841, 0x7841, 0x7841, 0x7841, 0x8041, 0x8021, 0x8021, 0x8821, 0x8821, 0x9022, 0x9061, 0x9081,
  0xA021, 0xA842, 0xA8A4, 0x78A3, 0x5882, 0x60A1, 0x8922, 0xB183, 0xD1A4, 0xD963, 0xD1A3, 0xC9C3,
  0xD183, 0xC984, 0xA164, 0x60E2, 0x3860, 0x5041, 0x88C3, 0xB104, 0xB903, 0xA8C1, 0xA8A1, 0xA881,
  0xA081, 0xA060, 0xA060, 0xA860, 0xB060, 0xA861, 0xA041, 0x9842, 0x9042, 0x7842, 0x3820, 0x2000,
  0x3001, 0x4801, 0x6822, 0x7822, 0x8001, 0x8001, 0x8021, 0x7821, 0x7040, 0x7040, 0x7821, 0x7842,
  0x7062, 0x5841, 0x4020, 0x3020, 0x3821, 0x4842, 0x5842, 0x6841, 0x6820, 0x6820, 0x6820, 0x6820,
  0x6820, 0x6021, 0x5841, 0x5040, 0x4840, 0x4020, 0x3820, 0x3020, 0x2820, 0x2820, 0x3020, 0x3840,
  0x3860, 0x3840, 0x3800, 0x3800, 0x4000, 0x4821, 0x5021, 0x5001, 0x4800, 0x3801, 0x2020, 0x1800,
  0x1820, 0x1841, 0x2061, 0x2041, 0x2020, 0x1800, 0x1000, 0x1020, 0x1820, 0x2800, 0x2801, 0x3001,
  0x3001, 0x3001, 0x3001, 0x3001, 0x2821, 0x1821, 0x1821, 0x1041, 0x1040, 0x1040, 0x1040, 0x1040,
  0x1020, 0x1020, 0x1820, 0x2020, 0x2021, 0x1820, 0x0820, 0x0000, 0x0000, 0x0000, 0x0000, 0x0020,
  0x4841, 0x4841, 0x4841, 0x4841, 0x4842, 0x4842, 0x4842, 0x4842, 0x4862, 0x4862, 0x4062, 0x4062,
  0x4862, 0x5062, 0x4882, 0x4082, 0x3061, 0x2020, 0x1800, 0x2840, 0x3882, 0x40A2, 0x4882, 0x4841,
  0x4861, 0x4861, 0x5041, 0x5842, 0x5042, 0x4862, 0x3041, 0x2020, 0x1800, 0x2801, 0x4022, 0x5043,
  0x5041, 0x5041, 0x5041, 0x5041, 0x5041, 0x5041, 0x5041, 0x5041, 0x5041, 0x5041, 0x5041, 0x4841,
  0x2861, 0x1820, 0x1820, 0x3061, 0x4081, 0x5041, 0x5000, 0x5021, 0x4862, 0x3882, 0x1841, 0x1800,
  0x3020, 0x4841, 0x5861, 0x6062, 0x6041, 0x6040, 0x5820, 0x5841, 0x5841, 0x5821, 0x5800, 0x6021,
  0x6042, 0x4842, 0x3021, 0x1820, 0x0820, 0x0020, 0x0020, 0x0020, 0x0021, 0x0021, 0x0821, 0x0820,
  0x2020, 0x4041, 0x6042, 0x7022, 0x7001, 0x6801, 0x6841, 0x6061, 0x6861, 0x6841, 0x7021, 0x7020,
  0x6820, 0x7020, 0x7020, 0x7020, 0x7020, 0x7021, 0x7021, 0x7021, 0x7021, 0x7821, 0x7021, 0x7040,
  0x7040, 0x7040, 0x7041, 0x7841, 0x7821, 0x8021, 0x8021, 0x8821, 0x8821, 0x8821, 0x8841, 0x8860,
  0x9800, 0xA002, 0xA043, 0x8863, 0x6061, 0x5840, 0x7081, 0x98C2, 0xB8A2, 0xC840, 0xB880, 0xB8A0,
  0xC840, 0xC062, 0x9882, 0x6081, 0x4040, 0x5000, 0x8021, 0xA863, 0xA841, 0x9020, 0x9020, 0x9041,
  0x9020, 0x8820, 0x9020, 0x9020, 0x9020, 0x9020, 0x8821, 0x7801, 0x6801, 0x5801, 0x2800, 0x2020,
  0x3821, 0x5021, 0x6022, 0x7002, 0x7801, 0x7001, 0x7000, 0x6820, 0x6040, 0x6820, 0x7001, 0x7021,
  0x6022, 0x5822, 0x4801, 0x3801, 0x4001, 0x4821, 0x5041, 0x6041, 0x6000, 0x6000, 0x6000, 0x6000,
  0x6000, 0x5800, 0x5020, 0x4820, 0x4020, 0x3020, 0x2820, 0x2000, 0x1800, 0x2000, 0x2820, 0x3040,
  0x3040, 0x3840, 0x3800, 0x3800, 0x4000, 0x4801, 0x4801, 0x5001, 0x4800, 0x3021, 0x2021, 0x1800,
  0x1800, 0x1821, 0x2041, 0x2041, 0x1821, 0x1000, 0x1000, 0x1020, 0x1820, 0x1800, 0x2000, 0x2001,
  0x2801, 0x2821, 0x2801, 0x2801, 0x2001, 0x2021, 0x1821, 0x1040, 0x1040, 0x1040, 0x1020, 0x1020,
  0x1020, 0x1820, 0x2020, 0x2021, 0x2020, 0x1800, 0x1000, 0x0000, 0x0000, 0x0000, 0x0000, 0x0020,
  0x4021, 0x4041, 0x4041, 0x4041, 0x4041, 0x4041, 0x4021, 0x4021, 0x4021, 0x3821, 0x3841, 0x3841,
  0x3841, 0x4041, 0x4061, 0x3861, 0x2841, 0x2020, 0x2020, 0x2041, 0x3061, 0x4062, 0x4061, 0x4821,
  0x4841, 0x4841, 0x5021, 0x5021, 0x5022, 0x4841, 0x3041, 0x2020, 0x1800, 0x2801, 0x4002, 0x5022,
  0x5021, 0x4821, 0x5021, 0x5021, 0x5021, 0x5021, 0x5021, 0x5021, 0x5021, 0x5021, 0x5021, 0x4021,
  0x2841, 0x1820, 0x2020, 0x3040, 0x4861, 0x5041, 0x5000, 0x5001, 0x5042, 0x4062, 0x2021, 0x2000,
  0x3000, 0x4021, 0x5041, 0x5841, 0x5821, 0x5800, 0x5000, 0x5020, 0x5040, 0x5020, 0x5000, 0x5801,
  0x5822, 0x4021, 0x2820, 0x1020, 0x0020, 0x0020, 0x0020, 0x0020, 0x0020, 0x0021, 0x0020, 0x0820,
  0x2020, 0x4021, 0x5822, 0x6801, 0x7001, 0x6801, 0x6021, 0x6041, 0x6041, 0x6821, 0x6801, 0x6800,
  0x6000, 0x6000, 0x6820, 0x6820, 0x6820, 0x6820, 0x6820, 0x6820, 0x6820, 0x6820, 0x7020, 0x7020,
  0x7020, 0x7020, 0x7020, 0x7821, 0x7821, 0x7821, 0x8021, 0x8001, 0x8801, 0x8801, 0x8820, 0x8000,
  0x9000, 0x9801, 0x9802, 0x8022, 0x6821, 0x5820, 0x6040, 0x8081, 0x9881, 0xB020, 0xA840, 0xA820,
  0xB800, 0xB001, 0x9842, 0x6861, 0x4820, 0x5000, 0x7801, 0xA001, 0xA000, 0x8800, 0x8800, 0x8841,
  0x8820, 0x8020, 0x8020, 0x8020, 0x8020, 0x7820, 0x7021, 0x6021, 0x5021, 0x4021, 0x3040, 0x3040,
  0x4041, 0x5041, 0x6041, 0x6821, 0x7021, 0x7000, 0x6820, 0x6820, 0x6040, 0x6820, 0x6801, 0x6801,
  0x6022, 0x5822, 0x4801, 0x4001, 0x4001, 0x4821, 0x5021, 0x5821, 0x6000, 0x6000, 0x6000, 0x5800,
  0x5800, 0x5000, 0x5000, 0x4800, 0x4000, 0x3000, 0x2800, 0x2000, 0x2000, 0x2000, 0x2800, 0x3040,
  0x3041, 0x3020, 0x3000, 0x3000, 0x3800, 0x4001, 0x4801, 0x4801, 0x4001, 0x3021, 0x2041, 0x1820,
  0x1800, 0x1821, 0x1841, 0x1841, 0x1020, 0x1000, 0x1020, 0x1040, 0x1841, 0x1800, 0x1800, 0x2001,
  0x2001, 0x2801, 0x2801, 0x2001, 0x2001, 0x1820, 0x1020, 0x1040, 0x1040, 0x1020, 0x1020, 0x1020,
  0x1020, 0x1800, 0x1800, 0x2000, 0x2000, 0x1800, 0x1000, 0x0000, 0x0000, 0x0800, 0x0800, 0x0020,
  0x3821, 0x3821, 0x3821, 0x4021, 0x4021, 0x3821, 0x3821, 0x3821, 0x3020, 0x3020, 0x2800, 0x2800,
  0x3020, 0x3020, 0x3041, 0x2841, 0x2041, 0x2040, 0x2041, 0x2041, 0x3061, 0x3841, 0x3821, 0x4000,
  0x4021, 0x4041, 0x4801, 0x4801, 0x4821, 0x4021, 0x3041, 0x2021, 0x2000, 0x2801, 0x3801, 0x4802,
  0x4801, 0x4801, 0x4801, 0x4801, 0x4801, 0x4801, 0x4801, 0x4801, 0x4801, 0x4801, 0x4801, 0x4001,
  0x2800, 0x2000, 0x2800, 0x3820, 0x4841, 0x5000, 0x5000, 0x5000, 0x5021, 0x4042, 0x3021, 0x2800,
  0x3000, 0x4021, 0x4821, 0x5021, 0x5000, 0x5000, 0x4800, 0x4820, 0x5020, 0x5000, 0x5000, 0x5001,
  0x4822, 0x3821, 0x2020, 0x1020, 0x0020, 0x0020, 0x0000, 0x0000, 0x0000, 0x0000, 0x0000, 0x0800,
  0x1820, 0x3820, 0x5021, 0x6001, 0x6000, 0x6000, 0x5800, 0x5820, 0x5821, 0x6000, 0x6000, 0x6000,
  0x5800, 0x5800, 0x6020, 0x6020, 0x6020, 0x6020, 0x6020, 0x6020, 0x6020, 0x6820, 0x6800, 0x6800,
  0x6800, 0x7000, 0x7000, 0x7000, 0x7800, 0x7800, 0x7801, 0x7801, 0x8001, 0x8001, 0x8000, 0x8000,
  0x8000, 0x8801, 0x9002, 0x8002, 0x7001, 0x5800, 0x5040, 0x6060, 0x7840, 0x9820, 0x9820, 0xA000,
  0xA800, 0xA801, 0x9042, 0x6862, 0x5041, 0x5820, 0x7801, 0x9801, 0x9000, 0x8000, 0x8801, 0x8822,
  0x8821, 0x8021, 0x7820, 0x7820, 0x7020, 0x6821, 0x6021, 0x5021, 0x4041, 0x3841, 0x4040, 0x4860,
  0x5061, 0x6061, 0x6841, 0x6841, 0x6820, 0x6820, 0x6820, 0x6020, 0x6020, 0x6020, 0x6800, 0x6801,
  0x6021, 0x5021, 0x4821, 0x4001, 0x4001, 0x4821, 0x5021, 0x5800, 0x5800, 0x5800, 0x5800, 0x5800,
  0x5000, 0x5000, 0x4800, 0x4000, 0x3800, 0x3000, 0x2800, 0x2000, 0x2000, 0x2000, 0x2800, 0x2821,
  0x3021, 0x3021, 0x2800, 0x3000, 0x3000, 0x3801, 0x3801, 0x3801, 0x3001, 0x2841, 0x2041, 0x1821,
  0x1800, 0x1820, 0x1821, 0x1821, 0x1020, 0x1000, 0x1020, 0x1041, 0x1041, 0x1000, 0x1000, 0x1800,
  0x1801, 0x2001, 0x2001, 0x1801, 0x1800, 0x1020, 0x1020, 0x0820, 0x1020, 0x1020, 0x1020, 0x1020,
  0x1000, 0x1000, 0x1800, 0x2000, 0x2000, 0x1800, 0x1000, 0x0800, 0x0800, 0x0800, 0x0800, 0x0820,
  0x3000, 0x3021, 0x3821, 0x3821, 0x3821, 0x3021, 0x3021, 0x3021, 0x2800, 0x2000, 0x2000, 0x1800,
  0x2000, 0x2820, 0x2020, 0x2020, 0x1841, 0x1841, 0x2061, 0x2061, 0x2841, 0x3021, 0x3020, 0x3800,
  0x3821, 0x3821, 0x3801, 0x4001, 0x4001, 0x3821, 0x2841, 0x2041, 0x1820, 0x2001, 0x3001, 0x3801,
  0x3801, 0x3801, 0x3801, 0x3801, 0x3801, 0x3801, 0x4001, 0x4001, 0x4001, 0x4001, 0x4001, 0x3801,
  0x2000, 0x2000, 0x2800, 0x3020, 0x4020, 0x4800, 0x4800, 0x4800, 0x4801, 0x4021, 0x3001, 0x2800,
  0x3000, 0x3821, 0x4821, 0x4821, 0x4800, 0x4800, 0x4800, 0x4020, 0x4820, 0x4801, 0x4801, 0x4801,
  0x4021, 0x3021, 0x1820, 0x0820, 0x0020, 0x0000, 0x0000, 0x0000, 0x0000, 0x0000, 0x0000, 0x0800,
  0x1820, 0x3020, 0x4820, 0x5000, 0x5800, 0x5000, 0x5000, 0x5000, 0x5000, 0x5800, 0x5800, 0x5800,
  0x5800, 0x5800, 0x5800, 0x5820, 0x5820, 0x5820, 0x5820, 0x5820, 0x6020, 0x6020, 0x6000, 0x6800,
  0x6800, 0x6800, 0x6800, 0x7000, 0x7000, 0x7000, 0x7000, 0x7001, 0x7801, 0x7801, 0x7800, 0x7800,
  0x7820, 0x8021, 0x8022, 0x8002, 0x7802, 0x6021, 0x4840, 0x4840, 0x5840, 0x7841, 0x8861, 0x9041,
  0x9801, 0x9002, 0x8043, 0x6082, 0x4861, 0x5041, 0x6821, 0x8021, 0x8821, 0x7820, 0x8021, 0x8022,
  0x7822, 0x7821, 0x7021, 0x7021, 0x6821, 0x6021, 0x5821, 0x4821, 0x3821, 0x3841, 0x5041, 0x5840,
  0x6041, 0x6041, 0x6021, 0x6021, 0x6000, 0x6000, 0x6000, 0x6000, 0x6000, 0x6000, 0x5800, 0x5821,
  0x5021, 0x4841, 0x4021, 0x3821, 0x3821, 0x4021, 0x4021, 0x4800, 0x4800, 0x4800, 0x4800, 0x4800,
  0x4800, 0x4001, 0x4001, 0x3801, 0x3021, 0x3021, 0x2820, 0x2020, 0x2020, 0x1800, 0x2000, 0x2021,
  0x2021, 0x2021, 0x2000, 0x2000, 0x2000, 0x2800, 0x2801, 0x2801, 0x2800, 0x2021, 0x1821, 0x1020,
  0x1000, 0x1020, 0x1020, 0x1020, 0x1020, 0x0800, 0x0820, 0x1020, 0x1020, 0x1000, 0x1000, 0x1000,
  0x1020, 0x1800, 0x1800, 0x1000, 0x1000, 0x1000, 0x0820, 0x0820, 0x0820, 0x1020, 0x1020, 0x1020,
  0x1020, 0x1020, 0x1800, 0x2000, 0x1800, 0x1800, 0x1000, 0x0800, 0x0800, 0x0800, 0x0800, 0x0820,
  0x2800, 0x2801, 0x2801, 0x3001, 0x3021, 0x2821, 0x2821, 0x2021, 0x2000, 0x1800, 0x1000, 0x1000,
  0x1800, 0x1820, 0x1820, 0x1020, 0x1020, 0x1841, 0x1861, 0x2041, 0x2021, 0x2820, 0x2800, 0x2800,
  0x2821, 0x2821, 0x2801, 0x3001, 0x2821, 0x2841, 0x2041, 0x1841, 0x1820, 0x1800, 0x2001, 0x2801,
  0x2801, 0x2801, 0x2801, 0x2801, 0x2801, 0x2801, 0x2801, 0x3001, 0x3001, 0x3001, 0x3001, 0x2801,
  0x2020, 0x1820, 0x2020, 0x3040, 0x3820, 0x4000, 0x3800, 0x4000, 0x4021, 0x3821, 0x3001, 0x2800,
  0x2821, 0x3021, 0x3821, 0x4001, 0x4000, 0x3800, 0x3800, 0x3820, 0x3820, 0x4021, 0x4001, 0x3801,
  0x3021, 0x2021, 0x1020, 0x0820, 0x0020, 0x0000, 0x0000, 0x0000, 0x0000, 0x0000, 0x0020, 0x0820,
  0x1820, 0x2820, 0x3820, 0x4800, 0x4800, 0x4800, 0x4800, 0x4800, 0x4800, 0x4800, 0x5000, 0x5000,
  0x5000, 0x5000, 0x5000, 0x5000, 0x5000, 0x5000, 0x5000, 0x5800, 0x5800, 0x5800, 0x5800, 0x6000,
  0x6000, 0x6000, 0x6000, 0x6800, 0x6801, 0x6801, 0x6801, 0x6801, 0x6801, 0x6801, 0x7000, 0x7000,
  0x7041, 0x7062, 0x7842, 0x7802, 0x7022, 0x5842, 0x3861, 0x3040, 0x4040, 0x6061, 0x6882, 0x7062,
  0x7021, 0x7002, 0x6042, 0x4862, 0x3861, 0x3841, 0x5041, 0x6041, 0x6861, 0x6860, 0x6821, 0x6802,
  0x6001, 0x6001, 0x5801, 0x5801, 0x5801, 0x5001, 0x4801, 0x4001, 0x3021, 0x3021, 0x5001, 0x5801,
  0x5821, 0x5821, 0x5001, 0x5000, 0x5000, 0x5000, 0x5000, 0x5001, 0x5001, 0x5001, 0x4800, 0x4020,
  0x4041, 0x3841, 0x3041, 0x2820, 0x2820, 0x3020, 0x3020, 0x3800, 0x3800, 0x3800, 0x3000, 0x3000,
  0x3000, 0x3000, 0x3000, 0x2800, 0x2820, 0x2020, 0x1820, 0x1820, 0x1020, 0x1000, 0x1000, 0x1820,
  0x1821, 0x1821, 0x1800, 0x1000, 0x1000, 0x1800, 0x1800, 0x1800, 0x1000, 0x1020, 0x1020, 0x1000,
  0x0800, 0x1020, 0x1020, 0x0820, 0x0820, 0x0800, 0x0800, 0x0820, 0x0820, 0x0800, 0x0800, 0x0800,
  0x1020, 0x1000, 0x1000, 0x0800, 0x0800, 0x0800, 0x0820, 0x0820, 0x0820, 0x1000, 0x1020, 0x1020,
  0x0820, 0x1020, 0x1820, 0x1800, 0x1800, 0x1800, 0x1000, 0x0800, 0x0800, 0x0800, 0x0800, 0x0800,
  0x2000, 0x2000, 0x2000, 0x2001, 0x2001, 0x2001, 0x2021, 0x1820, 0x1800, 0x1000, 0x0800, 0x0800,
  0x1020, 0x1020, 0x1000, 0x0800, 0x0800, 0x1021, 0x1041, 0x1821, 0x1821, 0x1800, 0x2000, 0x2000,
  0x2020, 0x1820, 0x1820, 0x1800, 0x1820, 0x1820, 0x1041, 0x1040, 0x0820, 0x1020, 0x1000, 0x1000,
  0x1801, 0x1801, 0x1801, 0x1801, 0x1801, 0x1801, 0x1801, 0x1801, 0x1801, 0x1801, 0x1801, 0x1801,
  0x1840, 0x1840, 0x2040, 0x2861, 0x3041, 0x3020, 0x2800, 0x2820, 0x2820, 0x2821, 0x2800, 0x2801,
  0x2021, 0x2821, 0x3001, 0x3000, 0x3000, 0x3000, 0x2800, 0x2820, 0x3020, 0x3000, 0x3001, 0x3001,
  0x2821, 0x1820, 0x1020, 0x0020, 0x0020, 0x0020, 0x0000, 0x0000, 0x0000, 0x0000, 0x0020, 0x0820,
  0x1820, 0x2040, 0x3041, 0x3820, 0x4020, 0x4000, 0x4000, 0x4020, 0x4001, 0x4001, 0x4001, 0x4000,
  0x4800, 0x4800, 0x4800, 0x4800, 0x4800, 0x4800, 0x4800, 0x4800, 0x4800, 0x4800, 0x5000, 0x5821,
  0x5821, 0x5821, 0x5821, 0x5821, 0x5821, 0x5821, 0x5821, 0x5821, 0x5821, 0x5821, 0x6001, 0x6000,
  0x6061, 0x6062, 0x6042, 0x6822, 0x6822, 0x5062, 0x2860, 0x1820, 0x2020, 0x4062, 0x4862, 0x4061,
  0x4800, 0x4000, 0x3801, 0x2840, 0x1840, 0x2020, 0x2820, 0x3820, 0x4040, 0x4040, 0x4020, 0x3800,
  0x3800, 0x3000, 0x3800, 0x3800, 0x3800, 0x3801, 0x3801, 0x3001, 0x2801, 0x2801, 0x3801, 0x4001,
  0x4001, 0x3800, 0x3800, 0x3000, 0x3000, 0x3000, 0x3001, 0x3001, 0x3801, 0x3801, 0x3000, 0x2820,
  0x2820, 0x2040, 0x2040, 0x1820, 0x1820, 0x2020, 0x2020, 0x2000, 0x2000, 0x2000, 0x1800, 0x1800,
  0x1800, 0x1800, 0x1800, 0x1800, 0x1800, 0x1000, 0x0800, 0x0820, 0x0820, 0x0800, 0x0800, 0x0820,
  0x0820, 0x0820, 0x0820, 0x0800, 0x0800, 0x0800, 0x0820, 0x0020, 0x0820, 0x0800, 0x0800, 0x0800,
  0x0800, 0x0800, 0x0820, 0x0820, 0x0820, 0x0800, 0x0000, 0x0000, 0x0000, 0x0000, 0x0000, 0x0800,
  0x0820, 0x0800, 0x0800, 0x0800, 0x0000, 0x0000, 0x0000, 0x0000, 0x0800, 0x1000, 0x1000, 0x0820,
  0x0820, 0x0820, 0x1020, 0x1000, 0x1000, 0x1000, 0x0800, 0x0800, 0x0800, 0x0800, 0x0800, 0x0800,
  0x1000, 0x1000, 0x1800, 0x1800, 0x1800, 0x1800, 0x1000, 0x1000, 0x1000, 0x0800, 0x0000, 0x0000,
  0x0800, 0x0820, 0x0800, 0x0000, 0x0800, 0x0800, 0x0800, 0x1000, 0x1000, 0x1000, 0x1000, 0x1000,
  0x1000, 0x0800, 0x0800, 0x0800, 0x0800, 0x0820, 0x0820, 0x0820, 0x0020, 0x0000, 0x0000, 0x0800,
  0x0800, 0x0800, 0x0800, 0x0800, 0x0800, 0x0800, 0x0800, 0x0800, 0x0800, 0x0800, 0x0800, 0x0800,
  0x0820, 0x1040, 0x1840, 0x2040, 0x2020, 0x1820, 0x1820, 0x1820, 0x1820, 0x1800, 0x1800, 0x1800,
  0x1801, 0x1801, 0x2000, 0x2000, 0x2000, 0x2000, 0x1800, 0x1820, 0x2020, 0x2000, 0x2800, 0x2000,
  0x1800, 0x1020, 0x0820, 0x0020, 0x0020, 0x0020, 0x0000, 0x0000, 0x0000, 0x0000, 0x0020, 0x0800,
  0x1000, 0x1820, 0x2020, 0x2820, 0x2820, 0x2800, 0x2800, 0x2800, 0x2800, 0x2801, 0x3000, 0x3000,
  0x3000, 0x3000, 0x3000, 0x3800, 0x3800, 0x3800, 0x3800, 0x3800, 0x3800, 0x3800, 0x4000, 0x4020,
  0x4021, 0x4021, 0x4021, 0x4021, 0x4021, 0x4020, 0x4020, 0x4020, 0x4020, 0x4020, 0x4000, 0x4000,
  0x4041, 0x4041, 0x4821, 0x4801, 0x4821, 0x3841, 0x1820, 0x1000, 0x1000, 0x2021, 0x2041, 0x1820,
  0x2000, 0x2000, 0x1800, 0x1000, 0x0820, 0x0820, 0x1000, 0x1800, 0x1800, 0x2000, 0x1800, 0x1020,
  0x1020, 0x1020, 0x1020, 0x1000, 0x1800, 0x1800, 0x1800, 0x1000, 0x1020, 0x0820, 0x1800, 0x1800,
  0x1800, 0x1000, 0x1000, 0x1000, 0x0800, 0x0800, 0x1000, 0x1001, 0x1001, 0x1000, 0x1800, 0x1800,
  0x1020, 0x1020, 0x1020, 0x0820, 0x0820, 0x0800, 0x1000, 0x1000, 0x1000, 0x1000, 0x0800, 0x0800,
  0x0800, 0x0800, 0x0800, 0x0800, 0x0800, 0x0800, 0x0000, 0x0000, 0x0020, 0x0000, 0x0000, 0x0020,
  0x0020, 0x0020, 0x0020, 0x0000, 0x0000, 0x0000, 0x0020, 0x0020, 0x0020, 0x0000, 0x0000, 0x0000,
  0x0000, 0x0000, 0x0820, 0x0020, 0x0000, 0x0000, 0x0000, 0x0000, 0x0000, 0x0000, 0x0000, 0x0000,
  0x0000, 0x0000, 0x0000, 0x0000, 0x0000, 0x0000, 0x0000, 0x0000, 0x0000, 0x0800, 0x0800, 0x0800,
  0x0020, 0x0800, 0x0800, 0x0800, 0x1000, 0x0800, 0x0800, 0x0000, 0x0000, 0x0800, 0x0800, 0x0800,
  0x0800, 0x0800, 0x0800, 0x0800, 0x0800, 0x0800, 0x0800, 0x0800, 0x0800, 0x0000, 0x0000, 0x0000,
  0x0000, 0x0000, 0x0000, 0x0000, 0x0000, 0x0000, 0x0000, 0x0800, 0x0800, 0x0800, 0x0800, 0x0800,
  0x0800, 0x0000, 0x0000, 0x0000, 0x0000, 0x0000, 0x0000, 0x0000, 0x0000, 0x0000, 0x0000, 0x0000,
  0x0000, 0x0000, 0x0000, 0x0000, 0x0000, 0x0000, 0x0000, 0x0000, 0x0000, 0x0000, 0x0000, 0x0000,
  0x0020, 0x0820, 0x1020, 0x1000, 0x1000, 0x0800, 0x0820, 0x0820, 0x0820, 0x0800, 0x1000, 0x1000,
  0x0800, 0x1000, 0x1000, 0x1000, 0x1000, 0x1000, 0x1000, 0x0820, 0x1000, 0x1000, 0x1800, 0x1800,
  0x1000, 0x0800, 0x0820, 0x0020, 0x0020, 0x0000, 0x0800, 0x0800, 0x0000, 0x0000, 0x0020, 0x0800,
  0x0800, 0x1000, 0x1000, 0x1000, 0x1800, 0x1800, 0x1800, 0x1800, 0x1800, 0x1800, 0x1800, 0x2000,
  0x2000, 0x2000, 0x2000, 0x2000, 0x2000, 0x2800, 0x2800, 0x2800, 0x2800, 0x2800, 0x2800, 0x2800,
  0x2800, 0x2800, 0x2800, 0x2800, 0x2800, 0x2800, 0x2800, 0x2800, 0x2820, 0x2000, 0x2000, 0x2000,
  0x2821, 0x2820, 0x2800, 0x2800, 0x2020, 0x2020, 0x1000, 0x0800, 0x0800, 0x0800, 0x0820, 0x0000,
  0x0000, 0x0800, 0x0800, 0x0000, 0x0020, 0x0020, 0x0000, 0x0000, 0x0800, 0x0800, 0x0000, 0x0020,
  0x0020, 0x0040, 0x0020, 0x0020, 0x0000, 0x0000, 0x0000, 0x0020, 0x0020, 0x0040, 0x0020, 0x0020,
  0x0020, 0x0020, 0x0020, 0x0020, 0x0020, 0x0020, 0x0020, 0x0020, 0x0020, 0x0020, 0x0000, 0x0000,
  0x0000, 0x0000, 0x0000, 0x0000, 0x0000, 0x0000, 0x0000, 0x0000, 0x0000, 0x0000, 0x0000, 0x0000,
  0x0000, 0x0000, 0x0000, 0x0000, 0x0000, 0x0000, 0x0000, 0x0000, 0x0000, 0x0000, 0x0000, 0x0000,
  0x0020, 0x0020, 0x0020, 0x0000, 0x0000, 0x0000, 0x0000, 0x0000, 0x0020, 0x0000, 0x0000, 0x0000,
  0x0000, 0x0000, 0x0000, 0x0000, 0x0000, 0x0000, 0x0000, 0x0000, 0x0000, 0x0000, 0x0000, 0x0000,
  0x0000, 0x0000, 0x0000, 0x0000, 0x0000, 0x0000, 0x0000, 0x0000, 0x0000, 0x0800, 0x0000, 0x0000,
  0x0000, 0x0000, 0x0000, 0x0800, 0x0800, 0x0800, 0x0000, 0x0000, 0x0000, 0x0800, 0x0000, 0x0000,
  0x0000, 0x0000, 0x0000, 0x0000, 0x0000, 0x0000, 0x0000, 0x0000, 0x0000, 0x0000, 0x0000, 0x0000,
  0x0000, 0x0000, 0x0000, 0x0000, 0x0000, 0x0000, 0x0000, 0x0000, 0x0000, 0x0000, 0x0000, 0x0000,
  0x0000, 0x0000, 0x0000, 0x0000, 0x0000, 0x0000, 0x0000, 0x0000, 0x0000, 0x0000, 0x0000, 0x0020,
  0x0000, 0x0000, 0x0000, 0x0000, 0x0000, 0x0000, 0x0000, 0x0000, 0x0000, 0x0000, 0x0000, 0x0000,
  0x0000, 0x0000, 0x0800, 0x0800, 0x0800, 0x0000, 0x0020, 0x0020, 0x0020, 0x0000, 0x0800, 0x0800,
  0x0000, 0x0000, 0x0800, 0x0800, 0x0800, 0x0000, 0x0020, 0x0020, 0x0000, 0x0800, 0x0800, 0x0800,
  0x0800, 0x0800, 0x0020, 0x0020, 0x0020, 0x0000, 0x0800, 0x0800, 0x0800, 0x0000, 0x0000, 0x0800,
  0x0800, 0x0800, 0x0800, 0x0800, 0x0800, 0x0800, 0x0800, 0x0800, 0x0800, 0x0800, 0x0800, 0x0800,
  0x0800, 0x0800, 0x1000, 0x1000, 0x1000, 0x1000, 0x1000, 0x1000, 0x1000, 0x1000, 0x1800, 0x1800,
  0x1800, 0x1800, 0x1800, 0x1000, 0x1000, 0x1000, 0x1000, 0x1000, 0x0800, 0x0800, 0x0800, 0x0820,
  0x1000, 0x1000, 0x1000, 0x0800, 0x0820, 0x0820, 0x0800, 0x0800, 0x0000, 0x0000, 0x0020, 0x0020,
  0x0020, 0x0000, 0x0000, 0x0000, 0x0000, 0x0020, 0x0020, 0x0000, 0x0000, 0x0000, 0x0000, 0x0020,
  0x0020, 0x0020, 0x0020, 0x0020, 0x0000, 0x0000, 0x0000, 0x0020, 0x0040, 0x0040, 0x0020, 0x0020,
  0x0020, 0x0020, 0x0000, 0x0020, 0x0020, 0x0020, 0x0020, 0x0020, 0x0020, 0x0000, 0x0000, 0x0000,
  0x0000, 0x0000, 0x0000, 0x0000, 0x0000, 0x0000, 0x0000, 0x0000, 0x0000, 0x0000, 0x0000, 0x0000,
  0x0000, 0x0000, 0x0000, 0x0000, 0x0000, 0x0000, 0x0000, 0x0000, 0x0000, 0x0000, 0x0000, 0x0000,
  0x0000, 0x0000, 0x0000, 0x0000, 0x0000, 0x0000, 0x0000, 0x0000, 0x0000, 0x0000, 0x0000, 0x0000,
  0x0000, 0x0000, 0x0000, 0x0000, 0x0000, 0x0000, 0x0000, 0x0000, 0x0000, 0x0000, 0x0000, 0x0000,
  0x0000, 0x0000, 0x0000, 0x0000, 0x0000, 0x0000, 0x0000, 0x0000, 0x0000, 0x0000, 0x0000, 0x0000,
  0x0000, 0x0000, 0x0000, 0x0000, 0x0000, 0x0000, 0x0000, 0x0000, 0x0000, 0x0000, 0x0000, 0x0000,
  0x0020, 0x0000, 0x0000, 0x0000, 0x0000, 0x0000, 0x0000, 0x0000, 0x0000, 0x0000, 0x0000, 0x0000,
  0x0000, 0x0000, 0x0000, 0x0000, 0x0000, 0x0000, 0x0000, 0x0000, 0x0000, 0x0000, 0x0000, 0x0000,
  0x0000, 0x0000, 0x0000, 0x0000, 0x0000, 0x0000, 0x0000, 0x0000, 0x0000, 0x0000, 0x0000, 0x0020,
  0x0000, 0x0000, 0x0000, 0x0000, 0x0000, 0x0000, 0x0000, 0x0000, 0x0000, 0x0000, 0x0000, 0x0000,
  0x0000, 0x0800, 0x0800, 0x0800, 0x0800, 0x0000, 0x0020, 0x0040, 0x0040, 0x0000, 0x0800, 0x0800,
  0x0000, 0x0000, 0x0000, 0x0000, 0x0000, 0x0000, 0x0020, 0x0020, 0x0020, 0x0000, 0x0000, 0x0800,
  0x0800, 0x0000, 0x0000, 0x0020, 0x0000, 0x0000, 0x0800, 0x0800, 0x0800, 0x0000, 0x0000, 0x0800,
  0x0800, 0x0000, 0x0000, 0x0000, 0x0000, 0x0000, 0x0000, 0x0000, 0x0000, 0x0000, 0x0000, 0x0000,
  0x0000, 0x0000, 0x0000, 0x0000, 0x0000, 0x0000, 0x0000, 0x0000, 0x0800, 0x0800, 0x0800, 0x0800,
  0x0800, 0x0800, 0x0800, 0x0800, 0x0000, 0x0000, 0x0000, 0x0000, 0x0000, 0x0000, 0x0020, 0x0021,
  0x0000, 0x0800, 0x0800, 0x0020, 0x0040, 0x0040, 0x0820, 0x0800, 0x0000, 0x0020, 0x0020, 0x0020,
  0x0040, 0x0020, 0x0000, 0x0000, 0x0000, 0x0000, 0x0020, 0x0000, 0x0000, 0x0801, 0x0800, 0x0800,
  0x0000, 0x0000, 0x0000, 0x0000, 0x0000, 0x0000, 0x0000, 0x0000, 0x0020, 0x0020, 0x0000, 0x0000,
  0x0000, 0x0000, 0x0000, 0x0000, 0x0800, 0x0000, 0x0000, 0x0000, 0x0000, 0x0000, 0x0000, 0x0000,
  0x0000, 0x0000, 0x0000, 0x0000, 0x0000, 0x0000, 0x0000, 0x0000, 0x0000, 0x0000, 0x0000, 0x0000,
  0x0000, 0x0000, 0x0000, 0x0000, 0x0000, 0x0000, 0x0000, 0x0000, 0x0000, 0x0000, 0x0000, 0x0000,
  0x0000, 0x0000, 0x0000, 0x0000, 0x0000, 0x0000, 0x0000, 0x0000, 0x0000, 0x0000, 0x0000, 0x0000,
  0x0000, 0x0000, 0x0000, 0x0000, 0x0000, 0x0000, 0x0000, 0x0000, 0x0000, 0x0000, 0x0000, 0x0000,
  0x0000, 0x0000, 0x0000, 0x0000, 0x0000, 0x0000, 0x0000, 0x0000, 0x0000, 0x0000, 0x0000, 0x0000,
  0x0020, 0x0000, 0x0000, 0x0000, 0x0000, 0x0000, 0x0000, 0x0000, 0x0000, 0x0000, 0x0000, 0x0000,
  0x0000, 0x0000, 0x0000, 0x0000, 0x0000, 0x0000, 0x0000, 0x0000, 0x0000, 0x0000, 0x0000, 0x0000,
  0x0000, 0x0000, 0x0000, 0x0000, 0x0000, 0x0000, 0x0000, 0x0000, 0x0000, 0x0000, 0x0000, 0x0000,
  0x0000, 0x0000, 0x0000, 0x0000, 0x0000, 0x0000, 0x0000, 0x0000, 0x0000, 0x0000, 0x0000, 0x0000,
  0x0000, 0x0000, 0x0000, 0x0000, 0x0000, 0x0000, 0x0000, 0x0000, 0x0000, 0x0000, 0x0000, 0x0000,
  0x0000, 0x0000, 0x0800, 0x0800, 0x0000, 0x0000, 0x0020, 0x0040, 0x0040, 0x0000, 0x0800, 0x0000,
  0x0000, 0x0000, 0x0000, 0x0000, 0x0000, 0x0000, 0x0020, 0x0020, 0x0000, 0x0000, 0x0000, 0x0000,
  0x0000, 0x0000, 0x0000, 0x0000, 0x0000, 0x0000, 0x0000, 0x0000, 0x0000, 0x0000, 0x0000, 0x0000,
  0x0000, 0x0000, 0x0000, 0x0000, 0x0020, 0x0000, 0x0000, 0x0000, 0x0000, 0x0000, 0x0020, 0x0020,
  0x0000, 0x0000, 0x0000, 0x0000, 0x0000, 0x0000, 0x0000, 0x0000, 0x0000, 0x0000, 0x0000, 0x0000,
  0x0000, 0x0000, 0x0000, 0x0000, 0x0020, 0x0020, 0x0020, 0x0000, 0x0000, 0x0020, 0x0020, 0x0020,
  0x0000, 0x0000, 0x0000, 0x0020, 0x0040, 0x0040, 0x0020, 0x0800, 0x0000, 0x0020, 0x0000, 0x0020,
  0x0020, 0x0000, 0x0000, 0x0000, 0x0000, 0x0000, 0x0000, 0x0000, 0x0000, 0x0001, 0x0800, 0x0800,
  0x0800, 0x0000, 0x0000, 0x0000, 0x0000, 0x0000, 0x0000, 0x0000, 0x0000, 0x0000, 0x0000, 0x0000,
  0x0000, 0x0000, 0x0800, 0x0800, 0x0800, 0x0800, 0x0800, 0x0000, 0x0000, 0x0000, 0x0000, 0x0000,
  0x0000, 0x0000, 0x0000, 0x0000, 0x0000, 0x0000, 0x0000, 0x0000, 0x0000, 0x0000, 0x0000, 0x0000,
  0x0000, 0x0000, 0x0000, 0x0000, 0x0000, 0x0000, 0x0000, 0x0000, 0x0000, 0x0000, 0x0000, 0x0000,
  0x0000, 0x0000, 0x0000, 0x0000, 0x0000, 0x0000, 0x0000, 0x0000, 0x0000, 0x0000, 0x0000, 0x0000,
  0x0000, 0x0000, 0x0000, 0x0000, 0x0000, 0x0000, 0x0000, 0x0000, 0x0000, 0x0000, 0x0000, 0x0000,
  0x0000, 0x0000, 0x0000, 0x0000, 0x0000, 0x0000, 0x0000, 0x0000, 0x0000, 0x0000, 0x0000, 0x0000,
  0x0000, 0x0000, 0x0000, 0x0000, 0x0000, 0x0000, 0x0000, 0x0000, 0x0000, 0x0000, 0x0000, 0x0000,
  0x0000, 0x0000, 0x0000, 0x0000, 0x0000, 0x0000, 0x0000, 0x0000, 0x0000, 0x0000, 0x0000, 0x0000,
  0x0000, 0x0000, 0x0000, 0x0000, 0x0000, 0x0000, 0x0000, 0x0000, 0x0000, 0x0000, 0x0000, 0x0000,
  0x0000, 0x0000, 0x0000, 0x0000, 0x0000, 0x0000, 0x0000, 0x0000, 0x0000, 0x0000, 0x0000, 0x0000,
  0x0000, 0x0000, 0x0000, 0x0000, 0x0000, 0x0000, 0x0000, 0x0000, 0x0000, 0x0000, 0x0000, 0x0000,
  0x0000, 0x0000, 0x0000, 0x0000, 0x0000, 0x0000, 0x0000, 0x0020, 0x0000, 0x0000, 0x0000, 0x0000,
  0x0000, 0x0000, 0x0000, 0x0000, 0x0000, 0x0000, 0x0000, 0x0000, 0x0000, 0x0000, 0x0000, 0x0000,
  0x0000, 0x0000, 0x0000, 0x0000, 0x0000, 0x0000, 0x0000, 0x0000, 0x0000, 0x0000, 0x0000, 0x0000,
  0x0000, 0x0000, 0x0000, 0x0000, 0x0000, 0x0000, 0x0000, 0x0000, 0x0000, 0x0000, 0x0000, 0x0000,
  0x0000, 0x0000, 0x0000, 0x0000, 0x0000, 0x0000, 0x0000, 0x0000, 0x0000, 0x0000, 0x0000, 0x0000,
  0x0000, 0x0000, 0x0000, 0x0000, 0x0000, 0x0000, 0x0000, 0x0000, 0x0000, 0x0000, 0x0000, 0x0000,
  0x0000, 0x0000, 0x0000, 0x0000, 0x0020, 0x0000, 0x0000, 0x0000, 0x0000, 0x0000, 0x0000, 0x0000,
  0x0000, 0x0000, 0x0000, 0x0000, 0x0000, 0x0000, 0x0000, 0x0000, 0x0000, 0x0000, 0x0000, 0x0000,
  0x0000, 0x0000, 0x0000, 0x0000, 0x0000, 0x0000, 0x0000, 0x0000, 0x0000, 0x0000, 0x0000, 0x0000,
  0x0000, 0x0000, 0x0000, 0x0000, 0x0000, 0x0000, 0x0000, 0x0000, 0x0000, 0x0000, 0x0000, 0x0000,
  0x0000, 0x0000, 0x0000, 0x0000, 0x0000, 0x0000, 0x0000, 0x0000, 0x0000, 0x0000, 0x0000, 0x0000,
  0x0000, 0x0000, 0x0000, 0x0000, 0x0000, 0x0000, 0x0000, 0x0000, 0x0000, 0x0000, 0x0000, 0x0000,
  0x0000, 0x0000, 0x0000, 0x0000, 0x0000, 0x0000, 0x0000, 0x0000, 0x0000, 0x0000, 0x0000, 0x0000,
  0x0000, 0x0000, 0x0000, 0x0000, 0x0000, 0x0000, 0x0000, 0x0000, 0x0000, 0x0000, 0x0000, 0x0000,
  0x0000, 0x0000, 0x0000, 0x0000, 0x0000, 0x0000, 0x0000, 0x0000, 0x0000, 0x0000, 0x0000, 0x0000,
  0x0000, 0x0000, 0x0000, 0x0000, 0x0000, 0x0000, 0x0000, 0x0000, 0x0000, 0x0000, 0x0000, 0x0000,
  0x0000, 0x0000, 0x0000, 0x0000, 0x0000, 0x0000, 0x0000, 0x0000, 0x0000, 0x0000, 0x0000, 0x0000,
  0x0000, 0x0000, 0x0000, 0x0000, 0x0000, 0x0000, 0x0000, 0x0000, 0x0000, 0x0000, 0x0000, 0x0000,
  0x0000, 0x0000, 0x0000, 0x0000, 0x0000, 0x0000, 0x0000, 0x0000, 0x0000, 0x0000, 0x0000, 0x0000,
  0x0000, 0x0000, 0x0000, 0x0000, 0x0000, 0x0000, 0x0000, 0x0000, 0x0000, 0x0000, 0x0000, 0x0000,
  0x0000, 0x0000, 0x0000, 0x0000, 0x0000, 0x0000, 0x0000, 0x0000, 0x0000, 0x0000, 0x0000, 0x0000,
  0x0000, 0x0000, 0x0000, 0x0000, 0x0000, 0x0000, 0x0000, 0x0000, 0x0000, 0x0000, 0x0000, 0x0000,
  0x0000, 0x0000, 0x0000, 0x0000, 0x0000, 0x0000, 0x0000, 0x0000, 0x0000, 0x0000, 0x0000, 0x0000,
  0x0000, 0x0000, 0x0000, 0x0000, 0x0000, 0x0000, 0x0000, 0x0000, 0x0000, 0x0000, 0x0000, 0x0000,
  0x0000, 0x0000, 0x0000, 0x0000, 0x0000, 0x0000, 0x0000, 0x0000, 0x0000, 0x0000, 0x0000, 0x0000,
  0x0000, 0x0000, 0x0000, 0x0000, 0x0000, 0x0000, 0x0000, 0x0000, 0x0000, 0x0000, 0x0000, 0x0000,
  0x0000, 0x0000, 0x0000, 0x0000, 0x0000, 0x0000, 0x0000, 0x0000, 0x0000, 0x0000, 0x0000, 0x0000,
  0x0000, 0x0000, 0x0000, 0x0000, 0x0000, 0x0000, 0x0000, 0x0000, 0x0000, 0x0000, 0x0000, 0x0000,
  0x0000, 0x0000, 0x0000, 0x0000, 0x0000, 0x0000, 0x0000, 0x0000, 0x0000, 0x0000, 0x0000, 0x0000,
  0x0000, 0x0000, 0x0000, 0x0000, 0x0000, 0x0000, 0x0000, 0x0000, 0x0000, 0x0000, 0x0000, 0x0000,
  0x0000, 0x0000, 0x0000, 0x0000, 0x0000, 0x0000, 0x0000, 0x0000, 0x0000, 0x0000, 0x0000, 0x0000,
  0x0000, 0x0000, 0x0000, 0x0000, 0x0000, 0x0000, 0x0000, 0x0000, 0x0000, 0x0000, 0x0000, 0x0000,
  0x0000, 0x0000, 0x0000, 0x0000, 0x0000, 0x0000, 0x0000, 0x0000, 0x0000, 0x0000, 0x0000, 0x0000,
  0x0000, 0x0000, 0x0000, 0x0000, 0x0000, 0x0000, 0x0000, 0x0000, 0x0000, 0x0000, 0x0000, 0x0000,
  0x0000, 0x0000, 0x0000, 0x0000, 0x0000, 0x0000, 0x0000, 0x0000, 0x0000, 0x0000, 0x0000, 0x0000,
  0x0000, 0x0000, 0x0000, 0x0000, 0x0000, 0x0000, 0x0000, 0x0000, 0x0000, 0x0000, 0x0000, 0x0000,
  0x0000, 0x0000, 0x0000, 0x0000, 0x0000, 0x0000, 0x0000, 0x0000, 0x0000, 0x0000, 0x0000, 0x0000,
  0x0000, 0x0000, 0x0000, 0x0000, 0x0000, 0x0000, 0x0000, 0x0000, 0x0000, 0x0000, 0x0000, 0x0000,
  0x0000, 0x0000, 0x0000, 0x0000, 0x0000, 0x0000, 0x0000, 0x0000, 0x0000, 0x0000, 0x0000, 0x0000,
  0x0000, 0x0000, 0x0000, 0x0000, 0x0000, 0x0000, 0x0000, 0x0000, 0x0000, 0x0000, 0x0000, 0x0000,
  0x0000, 0x0000, 0x0000, 0x0000, 0x0000, 0x0000, 0x0000, 0x0000, 0x0000, 0x0000, 0x0000, 0x0000,
  0x0000, 0x0000, 0x0000, 0x0000, 0x0000, 0x0000, 0x0000, 0x0000, 0x0000, 0x0000, 0x0000, 0x0000,
  0x0000, 0x0000, 0x0000, 0x0000, 0x0000, 0x0000, 0x0000, 0x0000, 0x0000, 0x0000, 0x0000, 0x0000,
  0x0000, 0x0000, 0x0000, 0x0000, 0x0000, 0x0000, 0x0000, 0x0000, 0x0000, 0x0000, 0x0000, 0x0000,
  0x0000, 0x0000, 0x0000, 0x0000, 0x0000, 0x0000, 0x0000, 0x0000, 0x0000, 0x0000, 0x0000, 0x0000,
  0x0000, 0x0000, 0x0000, 0x0000, 0x0000, 0x0000, 0x0000, 0x0000, 0x0000, 0x0000, 0x0000, 0x0000,
  0x0000, 0x0000, 0x0000, 0x0000, 0x0000, 0x0000, 0x0000, 0x0000, 0x0000, 0x0000, 0x0000, 0x0000,
  0x0000, 0x0000, 0x0000, 0x0000, 0x0000, 0x0000, 0x0000, 0x0000, 0x0000, 0x0000, 0x0000, 0x0000,
  0x0000, 0x0000, 0x0000, 0x0000, 0x0000, 0x0000, 0x0000, 0x0000, 0x0000, 0x0000, 0x0000, 0x0000,
  0x0000, 0x0000, 0x0000, 0x0000, 0x0000, 0x0000, 0x0000, 0x0000, 0x0000, 0x0000, 0x0000, 0x0000,
  0x0000, 0x0000, 0x0000, 0x0000, 0x0000, 0x0000, 0x0000, 0x0000, 0x0000, 0x0000, 0x0000, 0x0000,
  0x0000, 0x0000, 0x0000, 0x0000, 0x0000, 0x0000, 0x0000, 0x0000, 0x0000, 0x0000, 0x0000, 0x0000,
  0x0000, 0x0000, 0x0000, 0x0000, 0x0000, 0x0000, 0x0000, 0x0000, 0x0000, 0x0000, 0x0000, 0x0000,
  0x0000, 0x0000, 0x0000, 0x0000, 0x0000, 0x0000, 0x0000, 0x0000, 0x0000, 0x0000, 0x0000, 0x0000,
  0x0000, 0x0000, 0x0000, 0x0000, 0x0000, 0x0000, 0x0000, 0x0000, 0x0000, 0x0000, 0x0000, 0x0000,
  0x0000, 0x0000, 0x0000, 0x0000, 0x0000, 0x0000, 0x0000, 0x0000, 0x0000, 0x0000, 0x0000, 0x0000,
  0x0000, 0x0000, 0x0000, 0x0000, 0x0000, 0x0000, 0x0000, 0x0000, 0x0000, 0x0000, 0x0000, 0x0000,
  0x0000, 0x0000, 0x0000, 0x0000, 0x0000, 0x0000, 0x0000, 0x0000, 0x0000, 0x0000, 0x0000, 0x0000,
  0x0000, 0x0000, 0x0000, 0x0000, 0x0000, 0x0000, 0x0000, 0x0000, 0x0000, 0x0000, 0x0000, 0x0000,
  0x0000, 0x0000, 0x0000, 0x0000, 0x0000, 0x0000, 0x0000, 0x0000, 0x0000, 0x0000, 0x0000, 0x0000,
  0x0000, 0x0000, 0x0000, 0x0000, 0x0000, 0x0000, 0x0000, 0x0000, 0x0000, 0x0000, 0x0000, 0x0000,
  0x0000, 0x0000, 0x0000, 0x0000, 0x0000, 0x0000, 0x0000, 0x0000, 0x0000, 0x0000, 0x0000, 0x0000,
  0x0000, 0x0000, 0x0000, 0x0000, 0x0000, 0x0000, 0x0000, 0x0000, 0x0000, 0x0000, 0x0000, 0x0000,
  0x0000, 0x0000, 0x0000, 0x0000, 0x0000, 0x0000, 0x0000, 0x0000, 0x0000, 0x0000, 0x0000, 0x0000,
  0x0000, 0x0000, 0x0000, 0x0000, 0x0000, 0x0000, 0x0000, 0x0000, 0x0000, 0x0000, 0x0000, 0x0000,
  0x0000, 0x0000, 0x0000, 0x0000, 0x0000, 0x0000, 0x0000, 0x0000, 0x0000, 0x0000, 0x0000, 0x0000,
  0x0000, 0x0000, 0x0000, 0x0000, 0x0000, 0x0000, 0x0000, 0x0000, 0x0000, 0x0000, 0x0000, 0x0000,
  0x0000, 0x0000, 0x0000, 0x0000, 0x0000, 0x0000, 0x0000, 0x0000, 0x0000, 0x0000, 0x0000, 0x0000,
  0x0000, 0x0000, 0x0000, 0x0000, 0x0000, 0x0000, 0x0000, 0x0000, 0x0000, 0x0000, 0x0000, 0x0000,
  0x0000, 0x0000, 0x0000, 0x0000, 0x0000, 0x0000, 0x0000, 0x0000, 0x0000, 0x0000, 0x0000, 0x0000,
  0x0000, 0x0000, 0x0000, 0x0000, 0x0000, 0x0000, 0x0000, 0x0000, 0x0000, 0x0000, 0x0000, 0x0000,
  0x0000, 0x0000, 0x0000, 0x0000, 0x0000, 0x0000, 0x0000, 0x0000, 0x0000, 0x0000, 0x0000, 0x0000,
  0x0000, 0x0000, 0x0000, 0x0000, 0x0000, 0x0000, 0x0000, 0x0000, 0x0000, 0x0000, 0x0000, 0x0000,
  0x0000, 0x0000, 0x0000, 0x0000, 0x0000, 0x0000, 0x0000, 0x0000, 0x0000, 0x0000, 0x0000, 0x0000,
  0x0000, 0x0000, 0x0000, 0x0000, 0x0000, 0x0000, 0x0000, 0x0000, 0x0000, 0x0000, 0x0000, 0x0000,
  0x0000, 0x0000, 0x0000, 0x0000, 0x0000, 0x0000, 0x0000, 0x0000, 0x0000, 0x0000, 0x0000, 0x0000,
  0x0000, 0x0000, 0x0000, 0x0000, 0x0000, 0x0000, 0x0000, 0x0000, 0x0000, 0x0000, 0x0000, 0x0000,
  0x0000, 0x0000, 0x0000, 0x0000, 0x0000, 0x0000, 0x0000, 0x0000, 0x0000, 0x0000, 0x0000, 0x0000,
  0x0000, 0x0000, 0x0000, 0x0000, 0x0000, 0x0000, 0x0000, 0x0000, 0x0000, 0x0000, 0x0000, 0x0000,
  0x0000, 0x0000, 0x0000, 0x0000, 0x0000, 0x0000, 0x0000, 0x0000, 0x0000, 0x0000, 0x0000, 0x0000,
  0x0000, 0x0000, 0x0000, 0x0000, 0x0000, 0x0000, 0x0000, 0x0000, 0x0000, 0x0000, 0x0000, 0x0000,
  0x0000, 0x0000, 0x0000, 0x0000, 0x0000, 0x0000, 0x0000, 0x0000, 0x0000, 0x0000, 0x0000, 0x0000,
  0x0000, 0x0000, 0x0000, 0x0000, 0x0000, 0x0000, 0x0000, 0x0000, 0x0000, 0x0000, 0x0000, 0x0000,
  0x0000, 0x0000, 0x0000, 0x0000, 0x0000, 0x0000, 0x0000, 0x0000, 0x0000, 0x0000, 0x0000, 0x0000,
  0x0000, 0x0000, 0x0000, 0x0000, 0x0000, 0x0000, 0x0000, 0x0000, 0x0000, 0x0000, 0x0000, 0x0000,
  0x0000, 0x0000, 0x0000, 0x0000, 0x0000, 0x0000, 0x0000, 0x0000, 0x0000, 0x0000, 0x0000, 0x0000,
  0x0000, 0x0000, 0x0000, 0x0000, 0x0000, 0x0000, 0x0000, 0x0000, 0x0000, 0x0000, 0x0000, 0x0000,
  0x0000, 0x0000, 0x0000, 0x0000, 0x0000, 0x0000, 0x0000, 0x0000, 0x0000, 0x0000, 0x0000, 0x0000,
  0x0000, 0x0000, 0x0000, 0x0000, 0x0000, 0x0000, 0x0000, 0x0000, 0x0000, 0x0000, 0x0000, 0x0000,
  0x0000, 0x0000, 0x0000, 0x0000, 0x0000, 0x0000, 0x0000, 0x0000, 0x0000, 0x0000, 0x0000, 0x0000,
  0x0000, 0x0000, 0x0000, 0x0000, 0x0000, 0x0000, 0x0000, 0x0000, 0x0000, 0x0000, 0x0000, 0x0000,
  0x0000, 0x0000, 0x0000, 0x0000, 0x0000, 0x0000, 0x0000, 0x0000, 0x0000, 0x0000, 0x0000, 0x0000,
  0x0000, 0x0000, 0x0000, 0x0000, 0x0000, 0x0000, 0x0000, 0x0000, 0x0000, 0x0000, 0x0000, 0x0000,
  0x0000, 0x0000, 0x0000, 0x0000, 0x0000, 0x0000, 0x0000, 0x0000, 0x0000, 0x0000, 0x0000, 0x0000,
  0x0000, 0x0000, 0x0000, 0x0000, 0x0000, 0x0000, 0x0000, 0x0000, 0x0000, 0x0000, 0x0000, 0x0000,
  0x0000, 0x0000, 0x0000, 0x0000, 0x0000, 0x0000, 0x0000, 0x0000, 0x0000, 0x0000, 0x0000, 0x0000,
  0x0000, 0x0000, 0x0000, 0x0000, 0x0000, 0x0000, 0x0000, 0x0000, 0x0000, 0x0000, 0x0000, 0x0000,
  0x0000, 0x0000, 0x0000, 0x0000, 0x0000, 0x0000, 0x0000, 0x0000, 0x0000, 0x0000, 0x0000, 0x0000,
  0x0000, 0x0000, 0x0000, 0x0000, 0x0000, 0x0000, 0x0000, 0x0000, 0x0000, 0x0000, 0x0000, 0x0000,
  0x0000, 0x0000, 0x0000, 0x0000, 0x0000, 0x0000, 0x0000, 0x0000, 0x0000, 0x0000, 0x0000, 0x0000,
  0x0000, 0x0000, 0x0000, 0x0000, 0x0000, 0x0000, 0x0000, 0x0000, 0x0000, 0x0000, 0x0000, 0x0000,
  0x0000, 0x0000, 0x0000, 0x0000, 0x0000, 0x0000, 0x0000, 0x0000, 0x0000, 0x0000, 0x0000, 0x0000,
  0x0000, 0x0000, 0x0000, 0x0000, 0x0000, 0x0000, 0x0000, 0x0000, 0x0000, 0x0000, 0x0000, 0x0000,
  0x0000, 0x0000, 0x0000, 0x0000, 0x0000, 0x0000, 0x0000, 0x0000, 0x0000, 0x0000, 0x0000, 0x0000,
  0x0000, 0x0000, 0x0000, 0x0000, 0x0000, 0x0000, 0x0000, 0x0000, 0x0000, 0x0000, 0x0000, 0x0000,
  0x0000, 0x0000, 0x0000, 0x0000, 0x0000, 0x0000, 0x0000, 0x0000, 0x0000, 0x0000, 0x0000, 0x0000,
  0x0000, 0x0000, 0x0000, 0x0000, 0x0000, 0x0000, 0x0000, 0x0000, 0x0000, 0x0000, 0x0000, 0x0000,
  0x0000, 0x0000, 0x0000, 0x0000, 0x0000, 0x0000, 0x0000, 0x0000, 0x0000, 0x0000, 0x0000, 0x0000,
  0x0000, 0x0000, 0x0000, 0x0000, 0x0000, 0x0000, 0x0000, 0x0000, 0x0000, 0x0000, 0x0000, 0x0000,
  0x0000, 0x0000, 0x0000, 0x0000, 0x0000, 0x0000, 0x0000, 0x0000, 0x0000, 0x0000, 0x0000, 0x0000,
  0x0000, 0x0000, 0x0000, 0x0000, 0x0000, 0x0000, 0x0000, 0x0000, 0x0000, 0x0000, 0x0000, 0x0000,
  0x0000, 0x0000, 0x0000, 0x0000, 0x0000, 0x0000, 0x0000, 0x0000, 0x0000, 0x0000, 0x0000, 0x0000,
  0x0000, 0x0000, 0x0000, 0x0000, 0x0000, 0x0000, 0x0000, 0x0000, 0x0000, 0x0000, 0x0000, 0x0000,
  0x0000, 0x0000, 0x0000, 0x0000, 0x0000, 0x0000, 0x0000, 0x0000, 0x0000, 0x0000, 0x0000, 0x0000,
  0x0000, 0x0000, 0x0000, 0x0000, 0x0000, 0x0000, 0x0000, 0x0000, 0x0000, 0x0000, 0x0000, 0x0000,
  0x0000, 0x0000, 0x0000, 0x0000, 0x0000, 0x0000, 0x0000, 0x0000, 0x0000, 0x0000, 0x0000, 0x0000,
  0x0000, 0x0000, 0x0000, 0x0000, 0x0000, 0x0000, 0x0000, 0x0000, 0x0000, 0x0000, 0x0000, 0x0000,
  0x0000, 0x0000, 0x0000, 0x0000, 0x0000, 0x0000, 0x0000, 0x0000, 0x0000, 0x0000, 0x0000, 0x0000,
  0x0000, 0x0000, 0x0000, 0x0000, 0x0000, 0x0000, 0x0000, 0x0000, 0x0000, 0x0000, 0x0000, 0x0000,
  0x0000, 0x0000, 0x0000, 0x0000, 0x0000, 0x0000, 0x0000, 0x0000, 0x0000, 0x0000, 0x0000, 0x0000,
  0x0000, 0x0000, 0x0000, 0x0000, 0x0000, 0x0000, 0x0000, 0x0000, 0x0000, 0x0000, 0x0000, 0x0000,
  0x0000, 0x0000, 0x0000, 0x0000, 0x0000, 0x0000, 0x0000, 0x0000, 0x0000, 0x0000, 0x0000, 0x0000,
  0x0000, 0x0000, 0x0000, 0x0000, 0x0000, 0x0000, 0x0000, 0x0000, 0x0000, 0x0000, 0x0000, 0x0000,
  0x0000, 0x0000, 0x0000, 0x0000, 0x0000, 0x0000, 0x0000, 0x0000, 0x0000, 0x0000, 0x0000, 0x0000,
  0x0000, 0x0000, 0x0000, 0x0000, 0x0000, 0x0000, 0x0000, 0x0000, 0x0000, 0x0000, 0x0000, 0x0000,
  0x0000, 0x0000, 0x0000, 0x0000, 0x0000, 0x0000, 0x0000, 0x0000, 0x0000, 0x0000, 0x0000, 0x0000,
  0x0000, 0x0000, 0x0000, 0x0000, 0x0000, 0x0000, 0x0000, 0x0000, 0x0000, 0x0000, 0x0000, 0x0000,
  0x0000, 0x0000, 0x0000, 0x0000, 0x0000, 0x0000, 0x0000, 0x0000, 0x0000, 0x0000, 0x0000, 0x0000,
  0x0000, 0x0000, 0x0000, 0x0000, 0x0000, 0x0000, 0x0000, 0x0000, 0x0000, 0x0000, 0x0000, 0x0000,
  0x0000, 0x0000, 0x0000, 0x0000, 0x0000, 0x0000, 0x0000, 0x0000, 0x0000, 0x0000, 0x0000, 0x0000,
  0x0000, 0x0000, 0x0000, 0x0000, 0x0000, 0x0000, 0x0000, 0x0000, 0x0000, 0x0000, 0x0000, 0x0000,
  0x0000, 0x0000, 0x0000, 0x0000, 0x0000, 0x0000, 0x0000, 0x0000, 0x0000, 0x0000, 0x0000, 0x0000,
  0x0000, 0x0000, 0x0000, 0x0000, 0x0000, 0x0000, 0x0000, 0x0000, 0x0000, 0x0000, 0x0000, 0x0000,
  0x0000, 0x0000, 0x0000, 0x0000, 0x0000, 0x0000, 0x0000, 0x0000, 0x0000, 0x0000, 0x0000, 0x0000,
  0x0000, 0x0000, 0x0000, 0x0000, 0x0000, 0x0000, 0x0000, 0x0000, 0x0000, 0x0000, 0x0000, 0x0000,
  0x0000, 0x0000, 0x0000, 0x0000, 0x0000, 0x0000, 0x0000, 0x0000, 0x0000, 0x0000, 0x0000, 0x0000,
  0x0000, 0x0000, 0x0000, 0x0000, 0x0000, 0x0000, 0x0000, 0x0000, 0x0000, 0x0000, 0x0000, 0x0000,
  0x0000, 0x0000, 0x0000, 0x0000, 0x0000, 0x0000, 0x0000, 0x0000, 0x0000, 0x0000, 0x0000, 0x0000,
  0x0000, 0x0000, 0x0000, 0x0000, 0x0000, 0x0000, 0x0000, 0x0000, 0x0000, 0x0000, 0x0000, 0x0000,
  0x0000, 0x0000, 0x0000, 0x0000, 0x0000, 0x0000, 0x0000, 0x0000, 0x0000, 0x0000, 0x0000, 0x0000,
  0x0000, 0x0000, 0x0000, 0x0000, 0x0000, 0x0000, 0x0000, 0x0000, 0x0000, 0x0000, 0x0000, 0x0000,
  0x0000, 0x0000, 0x0000, 0x0000, 0x0000, 0x0000, 0x0000, 0x0000, 0x0000, 0x0000, 0x0000, 0x0000,
  0x0000, 0x0000, 0x0000, 0x0000, 0x0000, 0x0000, 0x0000, 0x0000, 0x0000, 0x0000, 0x0000, 0x0000,
  0x0000, 0x0000, 0x0000, 0x0000, 0x0000, 0x0000, 0x0000, 0x0000, 0x0000, 0x0000, 0x0000, 0x0000,
  0x0000, 0x0000, 0x0000, 0x0000, 0x0000, 0x0000, 0x0000, 0x0000, 0x0000, 0x0000, 0x0000, 0x0000,
  0x0000, 0x0000, 0x0000, 0x0000, 0x0000, 0x0000, 0x0000, 0x0000, 0x0000, 0x0000, 0x0000, 0x0000,
  0x0000, 0x0000, 0x0000, 0x0000, 0x0000, 0x0000, 0x0000, 0x0000, 0x0000, 0x0000, 0x0000, 0x0000,
  0x0000, 0x0000, 0x0000, 0x0000, 0x0000, 0x0000, 0x0000, 0x0000, 0x0000, 0x0000, 0x0000, 0x0000,
  0x0000, 0x0000, 0x0000, 0x0000, 0x0000, 0x0000, 0x0000, 0x0000, 0x0000, 0x0000, 0x0000, 0x0000,
  0x0000, 0x0000, 0x0000, 0x0000, 0x0000, 0x0000, 0x0000, 0x0000, 0x0000, 0x0000, 0x0000, 0x0000,
  0x0000, 0x0000, 0x0000, 0x0000, 0x0000, 0x0000, 0x0000, 0x0000, 0x0000, 0x0000, 0x0000, 0x0000,
  0x0000, 0x0000, 0x0000, 0x0000, 0x0000, 0x0000, 0x0000, 0x0000, 0x0000, 0x0000, 0x0000, 0x0000,
  0x0000, 0x0000, 0x0000, 0x0000, 0x0000, 0x0000, 0x0000, 0x0000, 0x0000, 0x0000, 0x0000, 0x0000,
  0x0000, 0x0000, 0x0000, 0x0000, 0x0000, 0x0000, 0x0000, 0x0000, 0x0000, 0x0000, 0x0000, 0x0000,
  0x0000, 0x0000, 0x0000, 0x0000, 0x0000, 0x0000, 0x0000, 0x0000, 0x0000, 0x0000, 0x0000, 0x0000,
  0x0000, 0x0000, 0x0000, 0x0000, 0x0000, 0x0000, 0x0000, 0x0000, 0x0000, 0x0000, 0x0000, 0x0000,
  0x0000, 0x0000, 0x0000, 0x0000, 0x0000, 0x0000, 0x0000, 0x0000, 0x0000, 0x0000, 0x0000, 0x0000,
  0x0000, 0x0000, 0x0000, 0x0000, 0x0000, 0x0000, 0x0000, 0x0000, 0x0000, 0x0000, 0x0000, 0x0000,
  0x0000, 0x0000, 0x0000, 0x0000, 0x0000, 0x0000, 0x0000, 0x0000, 0x0000, 0x0000, 0x0000, 0x0000,
  0x0000, 0x0000, 0x0000, 0x0000, 0x0000, 0x0000, 0x0000, 0x0000, 0x0000, 0x0000, 0x0000, 0x0000,
  0x0000, 0x0000, 0x0000, 0x0000, 0x0000, 0x0000, 0x0000, 0x0000, 0x0000, 0x0000, 0x0000, 0x0000,
  0x0000, 0x0000, 0x0000, 0x0000, 0x0000, 0x0000, 0x0000, 0x0000, 0x0000, 0x0000, 0x0000, 0x0000,
  0x0000, 0x0000, 0x0000, 0x0000, 0x0000, 0x0000, 0x0000, 0x0000, 0x0000, 0x0000, 0x0000, 0x0000,
  0x0000, 0x0000, 0x0000, 0x0000, 0x0000, 0x0000, 0x0000, 0x0000, 0x0000, 0x0000, 0x0000, 0x0000,
  0x0000, 0x0000, 0x0000, 0x0000, 0x0000, 0x0000, 0x0000, 0x0000, 0x0000, 0x0000, 0x0000, 0x0000,
  0x0000, 0x0000, 0x0000, 0x0000, 0x0000, 0x0000, 0x0000, 0x0000, 0x0000, 0x0000, 0x0000, 0x0000,
  0x0000, 0x0000, 0x0000, 0x0000, 0x0000, 0x0000, 0x0000, 0x0000, 0x0000, 0x0000, 0x0000, 0x0000,
  0x0000, 0x0000, 0x0000, 0x0000, 0x0000, 0x0000, 0x0000, 0x0000, 0x0000, 0x0000, 0x0000, 0x0000,
  0x0000, 0x0000, 0x0000, 0x0000, 0x0000, 0x0000, 0x0000, 0x0000, 0x0000, 0x0000, 0x0000, 0x0000,
  0x0000, 0x0000, 0x0000, 0x0000, 0x0000, 0x0000, 0x0000, 0x0000, 0x0000, 0x0000, 0x0000, 0x0000,
  0x0000, 0x0000, 0x0000, 0x0000, 0x0000, 0x0000, 0x0000, 0x0000, 0x0000, 0x0000, 0x0000, 0x0000,
  0x0000, 0x0000, 0x0000, 0x0000, 0x0000, 0x0000, 0x0000, 0x0000, 0x0000, 0x0000, 0x0000, 0x0000,
  0x0000, 0x0000, 0x0000, 0x0000, 0x0000, 0x0000, 0x0000, 0x0000, 0x0000, 0x0000, 0x0000, 0x0000,
  0x0000, 0x0000, 0x0000, 0x0000, 0x0000, 0x0000, 0x0000, 0x0000, 0x0000, 0x0000, 0x0000, 0x0000,
  0x0000, 0x0000, 0x0000, 0x0000, 0x0000, 0x0000, 0x0000, 0x0000, 0x0000, 0x0000, 0x0000, 0x0000,
  0x0000, 0x0000, 0x0000, 0x0000, 0x0000, 0x0000, 0x0000, 0x0000, 0x0000, 0x0000, 0x0000, 0x0000,
  0x0000, 0x0000, 0x0000, 0x0000, 0x0000, 0x0000, 0x0000, 0x0000, 0x0000, 0x0000, 0x0000, 0x0000,
  0x0000, 0x0000, 0x0000, 0x0000, 0x0000, 0x0000, 0x0000, 0x0000, 0x0000, 0x0000, 0x0000, 0x0000,
  0x0000, 0x0000, 0x0000, 0x0000, 0x0000, 0x0000, 0x0000, 0x0000, 0x0000, 0x0000, 0x0000, 0x0000,
  0x0000, 0x0000, 0x0000, 0x0000, 0x0000, 0x0000, 0x0000, 0x0000, 0x0000, 0x0000, 0x0000, 0x0000,
  0x0000, 0x0000, 0x0000, 0x0000, 0x0000, 0x0000, 0x0000, 0x0000, 0x0000, 0x0000, 0x0000, 0x0000,
  0x0000, 0x0000, 0x0000, 0x0000, 0x0000, 0x0000, 0x0000, 0x0000, 0x0000, 0x0000, 0x0000, 0x0000,
  0x0000, 0x0000, 0x0000, 0x0000, 0x0000, 0x0000, 0x0000, 0x0000, 0x0000, 0x0000, 0x0000, 0x0000,
  0x0000, 0x0000, 0x0000, 0x0000, 0x0000, 0x0000, 0x0000, 0x0000, 0x0000, 0x0000, 0x0000, 0x0000,
  0x0000, 0x0000, 0x0000, 0x0000, 0x0000, 0x0000, 0x0000, 0x0000, 0x0000, 0x0000, 0x0000, 0x0000,
  0x0000, 0x0000, 0x0000, 0x0000, 0x0000, 0x0000, 0x0000, 0x0000, 0x0000, 0x0000, 0x0000, 0x0000,
  0x0000, 0x0000, 0x0000, 0x0000, 0x0000, 0x0000, 0x0000, 0x0000, 0x0000, 0x0000, 0x0000, 0x0000,
  0x0000, 0x0000, 0x0000, 0x0000, 0x0000, 0x0000, 0x0000, 0x0000, 0x0000, 0x0000, 0x0000, 0x0000,
  0x0000, 0x0000, 0x0000, 0x0000, 0x0000, 0x0000, 0x0000, 0x0000, 0x0000, 0x0000, 0x0000, 0x0000,
  0x0000, 0x0000, 0x0000, 0x0000, 0x0000, 0x0000, 0x0000, 0x0000, 0x0000, 0x0000, 0x0000, 0x0000,
  0x0000, 0x0000, 0x0000, 0x0000, 0x0000, 0x0000, 0x0000, 0x0000, 0x0000, 0x0000, 0x0000, 0x0000,
  0x0000, 0x0000, 0x0000, 0x0000, 0x0000, 0x0000, 0x0000, 0x0000, 0x0000, 0x0000, 0x0000, 0x0000,
  0x0000, 0x0000, 0x0000, 0x0000, 0x0000, 0x0000, 0x0000, 0x0000, 0x0000, 0x0000, 0x0000, 0x0000,
  0x0000, 0x0000, 0x0000, 0x0000, 0x0000, 0x0000, 0x0000, 0x0000, 0x0000, 0x0000, 0x0000, 0x0000,
  0x0000, 0x0000, 0x0000, 0x0000, 0x0000, 0x0000, 0x0000, 0x0000, 0x0000, 0x0000, 0x0000, 0x0000,
  0x0000, 0x0000, 0x0000, 0x0000, 0x0000, 0x0000, 0x0000, 0x0000, 0x0000, 0x0000, 0x0000, 0x0000,
  0x0000, 0x0000, 0x0000, 0x0000, 0x0000, 0x0000, 0x0000, 0x0000, 0x0000, 0x0000, 0x0000, 0x0000,
  0x0000, 0x0000, 0x0000, 0x0000, 0x0000, 0x0000, 0x0000, 0x0000, 0x0000, 0x0000, 0x0000, 0x0000,
  0x0000, 0x0000, 0x0000, 0x0000, 0x0000, 0x0000, 0x0000, 0x0000, 0x0000, 0x0000, 0x0000, 0x0000,
  0x0000, 0x0000, 0x0000, 0x0000, 0x0000, 0x0000, 0x0000, 0x0000, 0x0000, 0x0000, 0x0000, 0x0000,
  0x0000, 0x0000, 0x0000, 0x0000, 0x0000, 0x0000, 0x0000, 0x0000, 0x0000, 0x0000, 0x0000, 0x0000,
  0x0000, 0x0000, 0x0000, 0x0000, 0x0000, 0x0000, 0x0000, 0x0000, 0x0000, 0x0000, 0x0000, 0x0000,
  0x0000, 0x0000, 0x0000, 0x0000, 0x0000, 0x0000, 0x0000, 0x0000, 0x0000, 0x0000, 0x0000, 0x0000,
  0x0000, 0x0000, 0x0000, 0x0000, 0x0000, 0x0000, 0x0000, 0x0000, 0x0000, 0x0000, 0x0000, 0x0000,
  0x0000, 0x0000, 0x0000, 0x0000, 0x0000, 0x0000, 0x0000, 0x0000, 0x0000, 0x0000, 0x0000, 0x0000,
  0x0000, 0x0000, 0x0000, 0x0000, 0x0000, 0x0000, 0x0000, 0x0000, 0x0000, 0x0000, 0x0000, 0x0000,
  0x0000, 0x0000, 0x0000, 0x0000, 0x0000, 0x0000, 0x0000, 0x0000, 0x0000, 0x0000, 0x0000, 0x0000,
  0x0000, 0x0000, 0x0000, 0x0000, 0x0000, 0x0000, 0x0000, 0x0000, 0x0000, 0x0000, 0x0000, 0x0000,
  0x0000, 0x0000, 0x0000, 0x0000, 0x0000, 0x0000, 0x0000, 0x0000, 0x0000, 0x0000, 0x0000, 0x0000,
  0x0000, 0x0000, 0x0000, 0x0000, 0x0000, 0x0000, 0x0000, 0x0000, 0x0000, 0x0000, 0x0000, 0x0000,
  0x0000, 0x0000, 0x0000, 0x0000, 0x0000, 0x0000, 0x0000, 0x0000, 0x0000, 0x0000, 0x0000, 0x0000,
  0x0000, 0x0000, 0x0000, 0x0000, 0x0000, 0x0000, 0x0000, 0x0000, 0x0000, 0x0000, 0x0000, 0x0000,
  0x0000, 0x0000, 0x0000, 0x0000, 0x0000, 0x0000, 0x0000, 0x0000, 0x0000, 0x0000, 0x0000, 0x0000,
  0x0000, 0x0000, 0x0000, 0x0000, 0x0000, 0x0000, 0x0000, 0x0000, 0x0000, 0x0000, 0x0000, 0x0000,
  0x0000, 0x0000, 0x0000, 0x0000, 0x0000, 0x0000, 0x0000, 0x0000, 0x0000, 0x0000, 0x0000, 0x0000,
  0x0000, 0x0000, 0x0000, 0x0000, 0x0000, 0x0000, 0x0000, 0x0000, 0x0000, 0x0000, 0x0000, 0x0000,
  0x0000, 0x0000, 0x0000, 0x0000, 0x0000, 0x0000, 0x0000, 0x0000, 0x0000, 0x0000, 0x0000, 0x0000,
  0x0000, 0x0000, 0x0000, 0x0000, 0x0000, 0x0000, 0x0000, 0x0000, 0x0000, 0x0000, 0x0000, 0x0000,
  0x0000, 0x0000, 0x0000, 0x0000, 0x0000, 0x0000, 0x0000, 0x0000, 0x0000, 0x0000, 0x0000, 0x0000,
  0x0000, 0x0000, 0x0000, 0x0000, 0x0000, 0x0000, 0x0000, 0x0000, 0x0000, 0x0000, 0x0000, 0x0000,
  0x0000, 0x0000, 0x0000, 0x0000, 0x0000, 0x0000, 0x0000, 0x0000, 0x0000, 0x0000, 0x0000, 0x0000,
  0x0000, 0x0000, 0x0000, 0x0000, 0x0000, 0x0000, 0x0000, 0x0000, 0x0000, 0x0000, 0x0000, 0x0000,
  0x0000, 0x0000, 0x0000, 0x0000, 0x0000, 0x0000, 0x0000, 0x0000, 0x0000, 0x0000, 0x0000, 0x0000,
  0x0000, 0x0000, 0x0000, 0x0000, 0x0000, 0x0000, 0x0000, 0x0000, 0x0000, 0x0000, 0x0000, 0x0000,
  0x0000, 0x0000, 0x0000, 0x0000, 0x0000, 0x0000, 0x0000, 0x0000, 0x0000, 0x0000, 0x0000, 0x0000,
  0x0000, 0x0000, 0x0000, 0x0000, 0x0000, 0x0000, 0x0000, 0x0000, 0x0000, 0x0000, 0x0000, 0x0000,
  0x0000, 0x0000, 0x0000, 0x0000, 0x0000, 0x0000, 0x0000, 0x0000, 0x0000, 0x0000, 0x0000, 0x0000,
  0x0000, 0x0000, 0x0000, 0x0000, 0x0000, 0x0000, 0x0000, 0x0000, 0x0000, 0x0000, 0x0000, 0x0000,
  0x0000, 0x0000, 0x0000, 0x0000, 0x0000, 0x0000, 0x0000, 0x0000, 0x0000, 0x0000, 0x0000, 0x0000,
  0x0000, 0x0000, 0x0000, 0x0000, 0x0000, 0x0000, 0x0000, 0x0000, 0x0000, 0x0000, 0x0000, 0x0000,
  0x0000, 0x0000, 0x0000, 0x0000, 0x0000, 0x0000, 0x0000, 0x0000, 0x0000, 0x0000, 0x0000, 0x0000,
  0x0000, 0x0000, 0x0000, 0x0000, 0x0000, 0x0000, 0x0000, 0x0000, 0x0000, 0x0000, 0x0000, 0x0000,
  0x0000, 0x0000, 0x0000, 0x0000, 0x0000, 0x0000, 0x0000, 0x0000, 0x0000, 0x0000, 0x0000, 0x0000,
  0x0000, 0x0000, 0x0000, 0x0000, 0x0000, 0x0000, 0x0000, 0x0000, 0x0000, 0x0000, 0x0000, 0x0000,
  0x0000, 0x0000, 0x0000, 0x0000, 0x0000, 0x0000, 0x0000, 0x0000, 0x0000, 0x0000, 0x0000, 0x0000,
  0x0000, 0x0000, 0x0000, 0x0000, 0x0000, 0x0000, 0x0000, 0x0000, 0x0000, 0x0000, 0x0000, 0x0000,
  0x0000, 0x0000, 0x0000, 0x0000, 0x0000, 0x0000, 0x0000, 0x0000, 0x0000, 0x0000, 0x0000, 0x0000,
  0x0000, 0x0000, 0x0000, 0x0000, 0x0000, 0x0000, 0x0000, 0x0000, 0x0000, 0x0000, 0x0000, 0x0000,
  0x0000, 0x0000, 0x0000, 0x0000, 0x0000, 0x0000, 0x0000, 0x0000, 0x0000, 0x0000, 0x0000, 0x0000,
  0x0000, 0x0000, 0x0000, 0x0000, 0x0000, 0x0000, 0x0000, 0x0000, 0x0000, 0x0000, 0x0000, 0x0000,
  0x0000, 0x0000, 0x0000, 0x0000, 0x0000, 0x0000, 0x0000, 0x0000, 0x0000, 0x0000, 0x0000, 0x0000,
  0x0000, 0x0000, 0x0000, 0x0000, 0x0000, 0x0000, 0x0000, 0x0000, 0x0000, 0x0000, 0x0000, 0x0000,
  0x0000, 0x0000, 0x0000, 0x0000, 0x0000, 0x0000, 0x0000, 0x0000, 0x0000, 0x0000, 0x0000, 0x0000,
  0x0000, 0x0000, 0x0000, 0x0000, 0x0000, 0x0000, 0x0000, 0x0000, 0x0000, 0x0000, 0x0000, 0x0000,
  0x0000, 0x0000, 0x0000, 0x0000, 0x0000, 0x0000, 0x0000, 0x0000, 0x0000, 0x0000, 0x0000, 0x0000,
  0x0000, 0x0000, 0x0000, 0x0000, 0x0000, 0x0000, 0x0000, 0x0000, 0x0000, 0x0000, 0x0000, 0x0000,
  0x0000, 0x0000, 0x0000, 0x0000, 0x0000, 0x0000, 0x0000, 0x0000, 0x0000, 0x0000, 0x0000, 0x0000,
  0x0000, 0x0000, 0x0000, 0x0000, 0x0000, 0x0000, 0x0000, 0x0000, 0x0000, 0x0000, 0x0000, 0x0000,
  0x0000, 0x0000, 0x0000, 0x0000, 0x0000, 0x0000, 0x0000, 0x0000, 0x0000, 0x0000, 0x0000, 0x0000,
  0x0000, 0x0000, 0x0000, 0x0000, 0x0000, 0x0000, 0x0000, 0x0000, 0x0000, 0x0000, 0x0000, 0x0000,
  0x0000, 0x0000, 0x0000, 0x0000, 0x0000, 0x0000, 0x0000, 0x0000, 0x0000, 0x0000, 0x0000, 0x0000,
  0x0000, 0x0000, 0x0000, 0x0000, 0x0000, 0x0000, 0x0000, 0x0000, 0x0000, 0x0000, 0x0000, 0x0000,
  0x0000, 0x0000, 0x0000, 0x0000, 0x0000, 0x0000, 0x0000, 0x0000, 0x0000, 0x0000, 0x0000, 0x0000,
  0x0000, 0x0000, 0x0000, 0x0000, 0x0000, 0x0000, 0x0000, 0x0000, 0x0000, 0x0000, 0x0000, 0x0000,
  0x0000, 0x0000, 0x0000, 0x0000, 0x0000, 0x0000, 0x0000, 0x0000, 0x0000, 0x0000, 0x0000, 0x0000,
  0x0000, 0x0000, 0x0000, 0x0000, 0x0000, 0x0000, 0x0000, 0x0000, 0x0000, 0x0000, 0x0000, 0x0000,
  0x0000, 0x0000, 0x0000, 0x0000, 0x0000, 0x0000, 0x0000, 0x0000, 0x0000, 0x0000, 0x0000, 0x0000,
  0x0000, 0x0000, 0x0000, 0x0000, 0x0000, 0x0000, 0x0000, 0x0000, 0x0000, 0x0000, 0x0000, 0x0000,
  0x0000, 0x0000, 0x0000, 0x0000, 0x0000, 0x0000, 0x0000, 0x0000, 0x0000, 0x0000, 0x0000, 0x0000,
  0x0000, 0x0000, 0x0000, 0x0000, 0x0000, 0x0000, 0x0000, 0x0000, 0x0000, 0x0000, 0x0000, 0x0000,
  0x0000, 0x0000, 0x0000, 0x0000, 0x0000, 0x0000, 0x0000, 0x0000, 0x0000, 0x0000, 0x0000, 0x0000,
  0x0000, 0x0000, 0x0000, 0x0000, 0x0000, 0x0000, 0x0000, 0x0000, 0x0000, 0x0000, 0x0000, 0x0000,
  0x0000, 0x0000, 0x0000, 0x0000, 0x0000, 0x0000, 0x0000, 0x0000, 0x0000, 0x0000, 0x0000, 0x0000,
  0x0000, 0x0000, 0x0000, 0x0000, 0x0000, 0x0000, 0x0000, 0x0000, 0x0000, 0x0000, 0x0000, 0x0000,
  0x0000, 0x0000, 0x0000, 0x0000, 0x0000, 0x0000, 0x0000, 0x0000, 0x0000, 0x0000, 0x0000, 0x0000,
  0x0000, 0x0000, 0x0000, 0x0000, 0x0000, 0x0000, 0x0000, 0x0000, 0x0000, 0x0000, 0x0000, 0x0000,
  0x0000, 0x0000, 0x0000, 0x0000, 0x0000, 0x0000, 0x0000, 0x0000, 0x0000, 0x0000, 0x0000, 0x0000,
  0x0000, 0x0000, 0x0000, 0x0000, 0x0000, 0x0000, 0x0000, 0x0000, 0x0000, 0x0000, 0x0000, 0x0000,
  0x0000, 0x0000, 0x0000, 0x0000, 0x0000, 0x0000, 0x0000, 0x0000, 0x0000, 0x0000, 0x0000, 0x0000,
  0x0000, 0x0000, 0x0000, 0x0000, 0x0000, 0x0000, 0x0000, 0x0000, 0x0000, 0x0000, 0x0000, 0x0000,
  0x0000, 0x0000, 0x0000, 0x0000, 0x0000, 0x0000, 0x0000, 0x0000, 0x0000, 0x0000, 0x0000, 0x0000,
  0x0000, 0x0000, 0x0000, 0x0000, 0x0000, 0x0000, 0x0000, 0x0000, 0x0000, 0x0000, 0x0000, 0x0000,
  0x0000, 0x0000, 0x0000, 0x0000, 0x0000, 0x0000, 0x0000, 0x0000, 0x0000, 0x0000, 0x0000, 0x0000,
  0x0000, 0x0000, 0x0000, 0x0000, 0x0000, 0x0000, 0x0000, 0x0000, 0x0000, 0x0000, 0x0000, 0x0000,
  0x0000, 0x0000, 0x0000, 0x0000, 0x0000, 0x0000, 0x0000, 0x0000, 0x0000, 0x0000, 0x0000, 0x0000,
  0x0000, 0x0000, 0x0000, 0x0000, 0x0000, 0x0000, 0x0000, 0x0000, 0x0000, 0x0000, 0x0000, 0x0000,
  0x0000, 0x0000, 0x0000, 0x0000, 0x0000, 0x0000, 0x0000, 0x0000, 0x0000, 0x0000, 0x0000, 0x0000,
  0x0000, 0x0000, 0x0000, 0x0000, 0x0000, 0x0000, 0x0000, 0x0000, 0x0000, 0x0000, 0x0000, 0x0000,
  0x0000, 0x0000, 0x0000, 0x0000, 0x0000, 0x0000, 0x0000, 0x0000, 0x0000, 0x0000, 0x0000, 0x0000,
  0x0000, 0x0000, 0x0000, 0x0000, 0x0000, 0x0000, 0x0000, 0x0000, 0x0000, 0x0000, 0x0000, 0x0000,
  0x0000, 0x0000, 0x0000, 0x0000, 0x0000, 0x0000, 0x0000, 0x0000, 0x0000, 0x0000, 0x0000, 0x0000,
  0x0000, 0x0000, 0x0000, 0x0000, 0x0000, 0x0000, 0x0000, 0x0000, 0x0000, 0x0000, 0x0000, 0x0000,
  0x0000, 0x0000, 0x0000, 0x0000, 0x0000, 0x0000, 0x0000, 0x0000, 0x0000, 0x0000, 0x0000, 0x0000,
  0x0000, 0x0000, 0x0000, 0x0000, 0x0000, 0x0000, 0x0000, 0x0000, 0x0000, 0x0000, 0x0000, 0x0000,
  0x0000, 0x0000, 0x0000, 0x0000, 0x0000, 0x0000, 0x0000, 0x0000, 0x0000, 0x0000, 0x0000, 0x0000,
  0x0000, 0x0000, 0x0000, 0x0000, 0x0000, 0x0000, 0x0000, 0x0000, 0x0000, 0x0000, 0x0000, 0x0000,
  0x0000, 0x0000, 0x0000, 0x0000, 0x0000, 0x0000, 0x0000, 0x0000, 0x0000, 0x0000, 0x0000, 0x0000,
  0x0000, 0x0000, 0x0000, 0x0000, 0x0000, 0x0000, 0x0000, 0x0000, 0x0000, 0x0000, 0x0000, 0x0000,
  0x0000, 0x0000, 0x0000, 0x0000, 0x0000, 0x0000, 0x0000, 0x0000, 0x0000, 0x0000, 0x0000, 0x0000,
  0x0000, 0x0000, 0x0000, 0x0000, 0x0000, 0x0000, 0x0000, 0x0000, 0x0000, 0x0000, 0x0000, 0x0000,
  0x0000, 0x0000, 0x0000, 0x0000, 0x0000, 0x0000, 0x0000, 0x0000, 0x0000, 0x0000, 0x0000, 0x0000,
  0x0000, 0x0000, 0x0000, 0x0000, 0x0000, 0x0000, 0x0000, 0x0000, 0x0000, 0x0000, 0x0000, 0x0000,
  0x0000, 0x0000, 0x0000, 0x0000, 0x0000, 0x0000, 0x0000, 0x0000, 0x0000, 0x0000, 0x0000, 0x0000,
  0x0000, 0x0000, 0x0000, 0x0000, 0x0000, 0x0000, 0x0000, 0x0000, 0x0000, 0x0000, 0x0000, 0x0000,
  0x0000, 0x0000, 0x0000, 0x0000, 0x0000, 0x0000, 0x0000, 0x0000, 0x0000, 0x0000, 0x0000, 0x0000,
  0x0000, 0x0000, 0x0000, 0x0000, 0x0000, 0x0000, 0x0000, 0x0000, 0x0000, 0x0000, 0x0000, 0x0000,
  0x0000, 0x0000, 0x0000, 0x0000, 0x0000, 0x0000, 0x0000, 0x0000, 0x0000, 0x0000, 0x0000, 0x0000,
  0x0000, 0x0000, 0x0000, 0x0000, 0x0000, 0x0000, 0x0000, 0x0000, 0x0000, 0x0000, 0x0000, 0x0000,
  0x0000, 0x0000, 0x0000, 0x0000, 0x0000, 0x0000, 0x0000, 0x0000, 0x0000, 0x0000, 0x0000, 0x0000,
  0x0000, 0x0000, 0x0000, 0x0000, 0x0000, 0x0000, 0x0000, 0x0000, 0x0000, 0x0000, 0x0000, 0x0000,
  0x0000, 0x0000, 0x0000, 0x0000, 0x0000, 0x0000, 0x0000, 0x0000, 0x0000, 0x0000, 0x0000, 0x0000,
  0x0000, 0x0000, 0x0000, 0x0000, 0x0000, 0x0000, 0x0000, 0x0000, 0x0000, 0x0000, 0x0000, 0x0000,
  0x0000, 0x0000, 0x0000, 0x0000, 0x0000, 0x0000, 0x0000, 0x0000, 0x0000, 0x0000, 0x0000, 0x0000,
  0x0000, 0x0000, 0x0000, 0x0000, 0x0000, 0x0000, 0x0000, 0x0000, 0x0000, 0x0000, 0x0000, 0x0000,
  0x0000, 0x0000, 0x0000, 0x0000, 0x0000, 0x0000, 0x0000, 0x0000, 0x0000, 0x0000, 0x0000, 0x0000,
  0x0000, 0x0000, 0x0000, 0x0000, 0x0000, 0x0000, 0x0000, 0x0000, 0x0000, 0x0000, 0x0000, 0x0000,
  0x0000, 0x0000, 0x0000, 0x0000, 0x0000, 0x0000, 0x0000, 0x0000, 0x0000, 0x0000, 0x0000, 0x0000,
  0x0000, 0x0000, 0x0000, 0x0000, 0x0000, 0x0000, 0x0000, 0x0000, 0x0000, 0x0000, 0x0000, 0x0000,
  0x0000, 0x0000, 0x0000, 0x0000, 0x0000, 0x0000, 0x0000, 0x0000, 0x0000, 0x0000, 0x0000, 0x0000,
  0x0000, 0x0000, 0x0000, 0x0000, 0x0000, 0x0000, 0x0000, 0x0000, 0x0000, 0x0000, 0x0000, 0x0000,
  0x0000, 0x0000, 0x0000, 0x0000, 0x0000, 0x0000, 0x0000, 0x0000, 0x0000, 0x0000, 0x0000, 0x0000,
  0x0000, 0x0000, 0x0000, 0x0000, 0x0000, 0x0000, 0x0000, 0x0000, 0x0000, 0x0000, 0x0000, 0x0000,
  0x0000, 0x0000, 0x0000, 0x0000, 0x0000, 0x0000, 0x0000, 0x0000, 0x0000, 0x0000, 0x0000, 0x0000,
  0x0000, 0x0000, 0x0000, 0x0000, 0x0000, 0x0000, 0x0000, 0x0000, 0x0000, 0x0000, 0x0000, 0x0000,
  0x0000, 0x0000, 0x0000, 0x0000, 0x0000, 0x0000, 0x0000, 0x0000, 0x0000, 0x0000, 0x0000, 0x0000,
  0x0000, 0x0000, 0x0000, 0x0000, 0x0000, 0x0000, 0x0000, 0x0000, 0x0000, 0x0000, 0x0000, 0x0000,
  0x0000, 0x0000, 0x0000, 0x0000, 0x0000, 0x0000, 0x0000, 0x0000, 0x0000, 0x0000, 0x0000, 0x0000,
  0x0000, 0x0000, 0x0000, 0x0000, 0x0000, 0x0000, 0x0000, 0x0000, 0x0000, 0x0000, 0x0000, 0x0000,
  0x0000, 0x0000, 0x0000, 0x0000, 0x0000, 0x0000, 0x0000, 0x0000, 0x0000, 0x0000, 0x0000, 0x0000,
  0x0000, 0x0000, 0x0000, 0x0000, 0x0000, 0x0000, 0x0000, 0x0000, 0x0000, 0x0000, 0x0000, 0x0000,
  0x0000, 0x0000, 0x0000, 0x0000, 0x0000, 0x0000, 0x0000, 0x0000, 0x0000, 0x0000, 0x0000, 0x0000,
  0x0000, 0x0000, 0x0000, 0x0000, 0x0000, 0x0000, 0x0000, 0x0000, 0x0000, 0x0000, 0x0000, 0x0000,
  0x0000, 0x0000, 0x0000, 0x0000, 0x0000, 0x0000, 0x0000, 0x0000, 0x0000, 0x0000, 0x0000, 0x0000,
  0x0000, 0x0000, 0x0000, 0x0000, 0x0000, 0x0000, 0x0000, 0x0000, 0x0000, 0x0000, 0x0000, 0x0000,
  0x0000, 0x0000, 0x0000, 0x0000, 0x0000, 0x0000, 0x0000, 0x0000, 0x0000, 0x0000, 0x0000, 0x0000,
  0x0000, 0x0000, 0x0000, 0x0000, 0x0000, 0x0000, 0x0000, 0x0000, 0x0000, 0x0000, 0x0000, 0x0000,
  0x0000, 0x0000, 0x0000, 0x0000, 0x0000, 0x0000, 0x0000, 0x0000, 0x0000, 0x0000, 0x0000, 0x0000,
  0x0000, 0x0000, 0x0000, 0x0000, 0x0000, 0x0000, 0x0000, 0x0000, 0x0000, 0x0000, 0x0000, 0x0000,
  0x0000, 0x0000, 0x0000, 0x0000, 0x0000, 0x0000, 0x0000, 0x0000, 0x0000, 0x0000, 0x0000, 0x0000,
  0x0000, 0x0000, 0x0000, 0x0000, 0x0000, 0x0000, 0x0000, 0x0000, 0x0000, 0x0000, 0x0000, 0x0000,
  0x0000, 0x0000, 0x0000, 0x0000, 0x0000, 0x0000, 0x0000, 0x0000, 0x0000, 0x0000, 0x0000, 0x0000,
  0x0000, 0x0000, 0x0000, 0x0000, 0x0000, 0x0000, 0x0000, 0x0000, 0x0000, 0x0000, 0x0000, 0x0000,
  0x0000, 0x0000, 0x0000, 0x0000, 0x0000, 0x0000, 0x0000, 0x0000, 0x0000, 0x0000, 0x0000, 0x0000,
  0x0000, 0x0000, 0x0000, 0x0000, 0x0000, 0x0000, 0x0000, 0x0000, 0x0000, 0x0000, 0x0000, 0x0000,
  0x0000, 0x0000, 0x0000, 0x0000, 0x0000, 0x0000, 0x0000, 0x0000, 0x0000, 0x0000, 0x0000, 0x0000,
  0x0000, 0x0000, 0x0000, 0x0000, 0x0000, 0x0000, 0x0000, 0x0000, 0x0000, 0x0000, 0x0000, 0x0000,
  0x0000, 0x0000, 0x0000, 0x0000, 0x0000, 0x0000, 0x0000, 0x0000, 0x0000, 0x0000, 0x0000, 0x0000,
  0x0000, 0x0000, 0x0000, 0x0000, 0x0000, 0x0000, 0x0000, 0x0000, 0x0000, 0x0000, 0x0000, 0x0000,
  0x0000, 0x0000, 0x0000, 0x0000, 0x0000, 0x0000, 0x0000, 0x0000, 0x0000, 0x0000, 0x0000, 0x0000,
  0x0000, 0x0000, 0x0000, 0x0000, 0x0000, 0x0000, 0x0000, 0x0000, 0x0000, 0x0000, 0x0000, 0x0000,
  0x0000, 0x0000, 0x0000, 0x0000, 0x0000, 0x0000, 0x0000, 0x0000, 0x0000, 0x0000, 0x0000, 0x0000,
  0x0000, 0x0000, 0x0000, 0x0000, 0x0000, 0x0000, 0x0000, 0x0000, 0x0000, 0x0000, 0x0000, 0x0000,
  0x0000, 0x0000, 0x0000, 0x0000, 0x0000, 0x0000, 0x0000, 0x0000, 0x0000, 0x0000, 0x0000, 0x0000,
  0x0000, 0x0000, 0x0000, 0x0000, 0x0000, 0x0000, 0x0000, 0x0000, 0x0000, 0x0000, 0x0000, 0x0000,
  0x0000, 0x0000, 0x0000, 0x0000, 0x0000, 0x0000, 0x0000, 0x0000, 0x0000, 0x0000, 0x0000, 0x0000,
  0x0000, 0x0000, 0x0000, 0x0000, 0x0000, 0x0000, 0x0000, 0x0000, 0x0000, 0x0000, 0x0000, 0x0000,
  0x0000, 0x0000, 0x0000, 0x0000, 0x0000, 0x0000, 0x0000, 0x0000, 0x0000, 0x0000, 0x0000, 0x0000,
  0x0000, 0x0000, 0x0000, 0x0000, 0x0000, 0x0000, 0x0000, 0x0000, 0x0000, 0x0000, 0x0000, 0x0000,
  0x0000, 0x0000, 0x0000, 0x0000, 0x0000, 0x0000, 0x0000, 0x0000, 0x0000, 0x0000, 0x0000, 0x0000,
  0x0000, 0x0000, 0x0000, 0x0000, 0x0000, 0x0000, 0x0000, 0x0000, 0x0000, 0x0000, 0x0000, 0x0000,
  0x0000, 0x0000, 0x0000, 0x0000, 0x0000, 0x0000, 0x0000, 0x0000, 0x0000, 0x0000, 0x0000, 0x0000,
  0x0000, 0x0000, 0x0000, 0x0000, 0x0000, 0x0000, 0x0000, 0x0000, 0x0000, 0x0000, 0x0000, 0x0000,
  0x0000, 0x0000, 0x0000, 0x0000, 0x0000, 0x0000, 0x0000, 0x0000, 0x0000, 0x0000, 0x0000, 0x0000,
  0x0000, 0x0000, 0x0000, 0x0000, 0x0000, 0x0000, 0x0000, 0x0000, 0x0000, 0x0000, 0x0000, 0x0000,
  0x0000, 0x0000, 0x0000, 0x0000, 0x0000, 0x0000, 0x0000, 0x0000, 0x0000, 0x0000, 0x0000, 0x0000,
  0x0000, 0x0000, 0x0000, 0x0000, 0x0000, 0x0000, 0x0000, 0x0000, 0x0000, 0x0000, 0x0000, 0x0000,
  0x0000, 0x0000, 0x0000, 0x0000, 0x0000, 0x0000, 0x0000, 0x0000, 0x0000, 0x0000, 0x0000, 0x0000,
  0x0000, 0x0000, 0x0000, 0x0000, 0x0000, 0x0000, 0x0000, 0x0000, 0x0000, 0x0000, 0x0000, 0x0000,
  0x0000, 0x0000, 0x0000, 0x0000, 0x0000, 0x0000, 0x0000, 0x0000, 0x0000, 0x0000, 0x0000, 0x0000,
  0x0000, 0x0000, 0x0000, 0x0000, 0x0000, 0x0000, 0x0000, 0x0000, 0x0000, 0x0000, 0x0000, 0x0000,
  0x0000, 0x0000, 0x0000, 0x0000, 0x0000, 0x0000, 0x0000, 0x0000, 0x0000, 0x0000, 0x0000, 0x0000,
  0x0000, 0x0000, 0x0000, 0x0000, 0x0000, 0x0000, 0x0000, 0x0000, 0x0000, 0x0000, 0x0000, 0x0000,
  0x0000, 0x0000, 0x0000, 0x0000, 0x0000, 0x0000, 0x0000, 0x0000, 0x0000, 0x0000, 0x0000, 0x0000,
  0x0000, 0x0000, 0x0000, 0x0000, 0x0000, 0x0000, 0x0000, 0x0000, 0x0000, 0x0000, 0x0000, 0x0000,
  0x0000, 0x0000, 0x0000, 0x0000, 0x0000, 0x0000, 0x0000, 0x0000, 0x0000, 0x0000, 0x0000, 0x0000,
  0x0000, 0x0000, 0x0000, 0x0000, 0x0000, 0x0000, 0x0000, 0x0000, 0x0000, 0x0000, 0x0000, 0x0000,
  0x0000, 0x0000, 0x0000, 0x0000, 0x0000, 0x0000, 0x0000, 0x0000, 0x0000, 0x0000, 0x0000, 0x0000,
  0x0000, 0x0000, 0x0000, 0x0000, 0x0000, 0x0000, 0x0000, 0x0000, 0x0000, 0x0000, 0x0000, 0x0000,
  0x0000, 0x0000, 0x0000, 0x0000, 0x0000, 0x0000, 0x0000, 0x0000, 0x0000, 0x0000, 0x0000, 0x0000,
  0x0000, 0x0000, 0x0000, 0x0000, 0x0000, 0x0000, 0x0000, 0x0000, 0x0000, 0x0000, 0x0000, 0x0000,
  0x0000, 0x0000, 0x0000, 0x0000, 0x0000, 0x0000, 0x0000, 0x0000, 0x0000, 0x0000, 0x0000, 0x0000,
  0x0000, 0x0000, 0x0000, 0x0000, 0x0000, 0x0000, 0x0000, 0x0000, 0x0000, 0x0000, 0x0000, 0x0000,
  0x0000, 0x0000, 0x0000, 0x0000, 0x0000, 0x0000, 0x0000, 0x0000, 0x0000, 0x0000, 0x0000, 0x0000,
  0x0000, 0x0000, 0x0000, 0x0000, 0x0000, 0x0000, 0x0000, 0x0000, 0x0000, 0x0000, 0x0000, 0x0000,
  0x0000, 0x0000, 0x0000, 0x0000, 0x0000, 0x0000, 0x0000, 0x0000, 0x0000, 0x0000, 0x0000, 0x0000,
  0x0000, 0x0000, 0x0000, 0x0000, 0x0000, 0x0000, 0x0000, 0x0000, 0x0000, 0x0000, 0x0000, 0x0000,
  0x0000, 0x0000, 0x0000, 0x0000, 0x0000, 0x0000, 0x0000, 0x0000, 0x0000, 0x0000, 0x0000, 0x0000,
  0x0000, 0x0000, 0x0000, 0x0000, 0x0000, 0x0000, 0x0000, 0x0000, 0x0000, 0x0000, 0x0000, 0x0000,
  0x0000, 0x0000, 0x0000, 0x0000, 0x0000, 0x0000, 0x0000, 0x0000, 0x0000, 0x0000, 0x0000, 0x0000,
  0x0000, 0x0000, 0x0000, 0x0000, 0x0000, 0x0000, 0x0000, 0x0000, 0x0000, 0x0000, 0x0000, 0x0000,
  0x0000, 0x0000, 0x0000, 0x0000, 0x0000, 0x0000, 0x0000, 0x0000, 0x0000, 0x0000, 0x0000, 0x0000,
  0x0000, 0x0000, 0x0000, 0x0000, 0x0000, 0x0000, 0x0000, 0x0000, 0x0000, 0x0000, 0x0000, 0x0000,
  0x0000, 0x0000, 0x0000, 0x0000, 0x0000, 0x0000, 0x0000, 0x0000, 0x0000, 0x0000, 0x0000, 0x0000,
  0x0000, 0x0000, 0x0000, 0x0000, 0x0000, 0x0000, 0x0000, 0x0000, 0x0000, 0x0000, 0x0000, 0x0000,
  0x0000, 0x0000, 0x0000, 0x0000, 0x0000, 0x0000, 0x0000, 0x0000, 0x0000, 0x0000, 0x0000, 0x0000,
  0x0000, 0x0000, 0x0000, 0x0000, 0x0000, 0x0000, 0x0000, 0x0000, 0x0000, 0x0000, 0x0000, 0x0000,
  0x0000, 0x0000, 0x0000, 0x0000, 0x0000, 0x0000, 0x0000, 0x0000, 0x0000, 0x0000, 0x0000, 0x0000,
  0x0000, 0x0000, 0x0000, 0x0000, 0x0000, 0x0000, 0x0000, 0x0000, 0x0000, 0x0000, 0x0000, 0x0000,
  0x0000, 0x0000, 0x0000, 0x0000, 0x0000, 0x0000, 0x0000, 0x0000, 0x0000, 0x0000, 0x0000, 0x0000,
  0x0000, 0x0000, 0x0000, 0x0000, 0x0000, 0x0000, 0x0000, 0x0000, 0x0000, 0x0000, 0x0000, 0x0000,
  0x0000, 0x0000, 0x0000, 0x0000, 0x0000, 0x0000, 0x0000, 0x0000, 0x0000, 0x0000, 0x0000, 0x0000,
  0x0000, 0x0000, 0x0000, 0x0000, 0x0000, 0x0000, 0x0000, 0x0000, 0x0000, 0x0000, 0x0000, 0x0000,
  0x0000, 0x0000, 0x0000, 0x0000, 0x0000, 0x0000, 0x0000, 0x0000, 0x0000, 0x0000, 0x0000, 0x0000,
  0x0000, 0x0000, 0x0000, 0x0000, 0x0000, 0x0000, 0x0000, 0x0000, 0x0000, 0x0000, 0x0000, 0x0000,
  0x0000, 0x0000, 0x0000, 0x0000, 0x0000, 0x0000, 0x0000, 0x0000, 0x0000, 0x0000, 0x0000, 0x0000,
  0x0000, 0x0000, 0x0000, 0x0000, 0x0000, 0x0000, 0x0000, 0x0000, 0x0000, 0x0000, 0x0000, 0x0000,
  0x0000, 0x0000, 0x0000, 0x0000, 0x0000, 0x0000, 0x0000, 0x0000, 0x0000, 0x0000, 0x0000, 0x0000,
  0x0000, 0x0000, 0x0000, 0x0000, 0x0000, 0x0000, 0x0000, 0x0000, 0x0000, 0x0000, 0x0000, 0x0000,
  0x0000, 0x0000, 0x0000, 0x0000, 0x0000, 0x0000, 0x0000, 0x0000, 0x0000, 0x0000, 0x0000, 0x0000,
  0x0000, 0x0000, 0x0000, 0x0000, 0x0000, 0x0000, 0x0000, 0x0000, 0x0000, 0x0000, 0x0000, 0x0000,
  0x0000, 0x0000, 0x0000, 0x0000, 0x0000, 0x0000, 0x0000, 0x0000, 0x0000, 0x0000, 0x0000, 0x0000,
  0x0000, 0x0000, 0x0000, 0x0000, 0x0000, 0x0000, 0x0000, 0x0000, 0x0000, 0x0000, 0x0000, 0x0000,
  0x0000, 0x0000, 0x0000, 0x0000, 0x0000, 0x0000, 0x0000, 0x0000, 0x0000, 0x0000, 0x0000, 0x0000,
  0x0000, 0x0000, 0x0000, 0x0000, 0x0000, 0x0000, 0x0000, 0x0000, 0x0000, 0x0000, 0x0000, 0x0000,
  0x0000, 0x0000, 0x0000, 0x0000, 0x0000, 0x0000, 0x0000, 0x0000, 0x0000, 0x0000, 0x0000, 0x0000,
  0x0000, 0x0000, 0x0000, 0x0000, 0x0000, 0x0000, 0x0000, 0x0000, 0x0000, 0x0000, 0x0000, 0x0000,
  0x0000, 0x0000, 0x0000, 0x0000, 0x0000, 0x0000, 0x0000, 0x0000, 0x0000, 0x0000, 0x0000, 0x0000,
  0x0000, 0x0000, 0x0000, 0x0000, 0x0000, 0x0000, 0x0000, 0x0000, 0x0000, 0x0000, 0x0000, 0x0000,
  0x0000, 0x0000, 0x0000, 0x0000, 0x0000, 0x0000, 0x0000, 0x0000, 0x0000, 0x0000, 0x0000, 0x0000,
  0x0000, 0x0000, 0x0000, 0x0000, 0x0000, 0x0000, 0x0000, 0x0000, 0x0000, 0x0000, 0x0000, 0x0000,
  0x0000, 0x0000, 0x0000, 0x0000, 0x0000, 0x0000, 0x0000, 0x0000, 0x0000, 0x0000, 0x0000, 0x0000,
  0x0000, 0x0000, 0x0000, 0x0000, 0x0000, 0x0000, 0x0000, 0x0000, 0x0000, 0x0000, 0x0000, 0x0000,
  0x0000, 0x0000, 0x0000, 0x0000, 0x0000, 0x0000, 0x0000, 0x0000, 0x0000, 0x0000, 0x0000, 0x0000,
  0x0000, 0x0000, 0x0000, 0x0000, 0x0000, 0x0000, 0x0000, 0x0000, 0x0000, 0x0000, 0x0000, 0x0000,
  0x0000, 0x0000, 0x0000, 0x0000, 0x0000, 0x0000, 0x0000, 0x0000, 0x0000, 0x0000, 0x0000, 0x0000,
  0x0000, 0x0000, 0x0000, 0x0000, 0x0000, 0x0000, 0x0000, 0x0000, 0x0000, 0x0000, 0x0000, 0x0000,
  0x0000, 0x0000, 0x0000, 0x0000, 0x0000, 0x0000, 0x0000, 0x0000, 0x0000, 0x0000, 0x0000, 0x0000,
  0x0000, 0x0000, 0x0000, 0x0000, 0x0000, 0x0000, 0x0000, 0x0000, 0x0000, 0x0000, 0x0000, 0x0000,
  0x0000, 0x0000, 0x0000, 0x0000, 0x0000, 0x0000, 0x0000, 0x0000, 0x0000, 0x0000, 0x0000, 0x0000,
  0x0000, 0x0000, 0x0000, 0x0000, 0x0000, 0x0000, 0x0000, 0x0000, 0x0000, 0x0000, 0x0000, 0x0000,
  0x0000, 0x0000, 0x0000, 0x0000, 0x0000, 0x0000, 0x0000, 0x0000, 0x0000, 0x0000, 0x0000, 0x0000,
  0x0000, 0x0000, 0x0000, 0x0000, 0x0000, 0x0000, 0x0000, 0x0000, 0x0000, 0x0000, 0x0000, 0x0000,
  0x0000, 0x0000, 0x0000, 0x0000, 0x0000, 0x0000, 0x0000, 0x0000, 0x0000, 0x0000, 0x0000, 0x0000,
  0x0000, 0x0000, 0x0000, 0x0000, 0x0000, 0x0000, 0x0000, 0x0000, 0x0000, 0x0000, 0x0000, 0x0000,
  0x0000, 0x0000, 0x0000, 0x0000, 0x0000, 0x0000, 0x0000, 0x0000, 0x0000, 0x0000, 0x0000, 0x0000,
  0x0000, 0x0000, 0x0000, 0x0000, 0x0000, 0x0000, 0x0000, 0x0000, 0x0000, 0x0000, 0x0000, 0x0000,
  0x0000, 0x0000, 0x0000, 0x0000, 0x0000, 0x0000, 0x0000, 0x0000, 0x0000, 0x0000, 0x0000, 0x0000,
  0x0000, 0x0000, 0x0000, 0x0000, 0x0000, 0x0000, 0x0000, 0x0000, 0x0000, 0x0000, 0x0000, 0x0000,
  0x0000, 0x0000, 0x0000, 0x0000, 0x0000, 0x0000, 0x0000, 0x0000, 0x0000, 0x0000, 0x0000, 0x0000,
  0x0000, 0x0000, 0x0000, 0x0000, 0x0000, 0x0000, 0x0000, 0x0000, 0x0000, 0x0000, 0x0000, 0x0000,
  0x0000, 0x0000, 0x0000, 0x0000, 0x0000, 0x0000, 0x0000, 0x0000, 0x0000, 0x0000, 0x0000, 0x0000,
  0x0000, 0x0000, 0x0000, 0x0000, 0x0000, 0x0000, 0x0000, 0x0000, 0x0000, 0x0000, 0x0000, 0x0000,
  0x0000, 0x0000, 0x0000, 0x0000, 0x0000, 0x0000, 0x0000, 0x0000, 0x0000, 0x0000, 0x0000, 0x0000,
  0x0000, 0x0000, 0x0000, 0x0000, 0x0000, 0x0000, 0x0000, 0x0000, 0x0000, 0x0000, 0x0000, 0x0000,
  0x0000, 0x0000, 0x0000, 0x0000, 0x0000, 0x0000, 0x0000, 0x0000, 0x0000, 0x0000, 0x0000, 0x0000,
  0x0000, 0x0000, 0x0000, 0x0000, 0x0000, 0x0000, 0x0000, 0x0000, 0x0000, 0x0000, 0x0000, 0x0000,
  0x0000, 0x0000, 0x0000, 0x0000, 0x0000, 0x0000, 0x0000, 0x0000, 0x0000, 0x0000, 0x0000, 0x0000,
  0x0000, 0x0000, 0x0000, 0x0000, 0x0000, 0x0000, 0x0000, 0x0000, 0x0000, 0x0000, 0x0000, 0x0000,
  0x0000, 0x0000, 0x0000, 0x0000, 0x0000, 0x0000, 0x0000, 0x0000, 0x0000, 0x0000, 0x0000, 0x0000,
  0x0000, 0x0000, 0x0000, 0x0000, 0x0000, 0x0000, 0x0000, 0x0000, 0x0000, 0x0000, 0x0000, 0x0000,
  0x0000, 0x0000, 0x0000, 0x0000, 0x0000, 0x0000, 0x0000, 0x0000, 0x0000, 0x0000, 0x0000, 0x0000,
  0x0000, 0x0000, 0x0000, 0x0000, 0x0000, 0x0000, 0x0000, 0x0000, 0x0000, 0x0000, 0x0000, 0x0000,
  0x0000, 0x0000, 0x0000, 0x0000, 0x0000, 0x0000, 0x0000, 0x0000, 0x0000, 0x0000, 0x0000, 0x0000,
  0x0000, 0x0000, 0x0000, 0x0000, 0x0000, 0x0000, 0x0000, 0x0000, 0x0000, 0x0000, 0x0000, 0x0000,
  0x0000, 0x0000, 0x0000, 0x0000, 0x0000, 0x0000, 0x0000, 0x0000, 0x0000, 0x0000, 0x0000, 0x0000,
  0x0000, 0x0000, 0x0000, 0x0000, 0x0000, 0x0000, 0x0000, 0x0000, 0x0000, 0x0000, 0x0000, 0x0000,
  0x0000, 0x0000, 0x0000, 0x0000, 0x0000, 0x0000, 0x0000, 0x0000, 0x0000, 0x0000, 0x0000, 0x0000,
  0x0000, 0x0000, 0x0000, 0x0000, 0x0000, 0x0000, 0x0000, 0x0000, 0x0000, 0x0000, 0x0000, 0x0000,
  0x0000, 0x0000, 0x0000, 0x0000, 0x0000, 0x0000, 0x0000, 0x0000, 0x0000, 0x0000, 0x0000, 0x0000,
  0x0000, 0x0000, 0x0000, 0x0000, 0x0000, 0x0000, 0x0000, 0x0000, 0x0000, 0x0000, 0x0000, 0x0000,
  0x0000, 0x0000, 0x0000, 0x0000, 0x0000, 0x0000, 0x0000, 0x0000, 0x0000, 0x0000, 0x0000, 0x0000,
  0x0000, 0x0000, 0x0000, 0x0000, 0x0000, 0x0000, 0x0000, 0x0000, 0x0000, 0x0000, 0x0000, 0x0000,
  0x0000, 0x0000, 0x0000, 0x0000, 0x0000, 0x0000, 0x0000, 0x0000, 0x0000, 0x0000, 0x0000, 0x0000,
  0x0000, 0x0000, 0x0000, 0x0000, 0x0000, 0x0000, 0x0000, 0x0000, 0x0000, 0x0000, 0x0000, 0x0000,
  0x0000, 0x0000, 0x0000, 0x0000, 0x0000, 0x0000, 0x0000, 0x0000, 0x0000, 0x0000, 0x0000, 0x0000,
  0x0000, 0x0000, 0x0000, 0x0000, 0x0000, 0x0000, 0x0000, 0x0000, 0x0000, 0x0000, 0x0000, 0x0000,
  0x0000, 0x0000, 0x0000, 0x0000, 0x0000, 0x0000, 0x0000, 0x0000, 0x0000, 0x0000, 0x0000, 0x0000,
  0x0000, 0x0000, 0x0000, 0x0000, 0x0000, 0x0000, 0x0000, 0x0000, 0x0000, 0x0000, 0x0000, 0x0000,
  0x0000, 0x0000, 0x0000, 0x0000, 0x0000, 0x0000, 0x0000, 0x0000, 0x0000, 0x0000, 0x0000, 0x0000,
  0x0000, 0x0000, 0x0000, 0x0000, 0x0000, 0x0000, 0x0000, 0x0000, 0x0000, 0x0000, 0x0000, 0x0000,
  0x0000, 0x0000, 0x0000, 0x0000, 0x0000, 0x0000, 0x0000, 0x0000, 0x0000, 0x0000, 0x0000, 0x0000,
  0x0000, 0x0000, 0x0000, 0x0000, 0x0000, 0x0000, 0x0000, 0x0000, 0x0000, 0x0000, 0x0000, 0x0000,
  0x0000, 0x0000, 0x0000, 0x0000, 0x0000, 0x0000, 0x0000, 0x0000, 0x0000, 0x0000, 0x0000, 0x0000,
  0x0000, 0x0000, 0x0000, 0x0000, 0x0000, 0x0000, 0x0000, 0x0000, 0x0000, 0x0000, 0x0000, 0x0000,
  0x0000, 0x0000, 0x0000, 0x0000, 0x0000, 0x0000, 0x0000, 0x0000, 0x0000, 0x0000, 0x0000, 0x0000,
  0x0000, 0x0000, 0x0000, 0x0000, 0x0000, 0x0000, 0x0000, 0x0000, 0x0000, 0x0000, 0x0000, 0x0000,
  0x0000, 0x0000, 0x0000, 0x0000, 0x0000, 0x0000, 0x0000, 0x0000, 0x0000, 0x0000, 0x0000, 0x0000,
  0x0000, 0x0000, 0x0000, 0x0000, 0x0000, 0x0000, 0x0000, 0x0000, 0x0000, 0x0000, 0x0000, 0x0000,
  0x0000, 0x0000, 0x0000, 0x0000, 0x0000, 0x0000, 0x0000, 0x0000, 0x0000, 0x0000, 0x0000, 0x0000,
  0x0000, 0x0000, 0x0000, 0x0000, 0x0000, 0x0000, 0x0000, 0x0000, 0x0000, 0x0000, 0x0000, 0x0000,
  0x0000, 0x0000, 0x0000, 0x0000, 0x0000, 0x0000, 0x0000, 0x0000, 0x0000, 0x0000, 0x0000, 0x0000,
  0x0000, 0x0000, 0x0000, 0x0000, 0x0000, 0x0000, 0x0000, 0x0000, 0x0000, 0x0000, 0x0000, 0x0000,
  0x0000, 0x0000, 0x0000, 0x0000, 0x0000, 0x0000, 0x0000, 0x0000, 0x0000, 0x0000, 0x0000, 0x0000,
  0x0000, 0x0000, 0x0000, 0x0000, 0x0000, 0x0000, 0x0000, 0x0000, 0x0000, 0x0000, 0x0000, 0x0000,
  0x0000, 0x0000, 0x0000, 0x0000, 0x0000, 0x0000, 0x0000, 0x0000, 0x0000, 0x0000, 0x0000, 0x0000,
  0x0000, 0x0000, 0x0000, 0x0000, 0x0000, 0x0000, 0x0000, 0x0000, 0x0000, 0x0000, 0x0000, 0x0000,
  0x0000, 0x0000, 0x0000, 0x0000, 0x0000, 0x0000, 0x0000, 0x0000, 0x0000, 0x0000, 0x0000, 0x0000,
  0x0000, 0x0000, 0x0000, 0x0000, 0x0000, 0x0000, 0x0000, 0x0000, 0x0000, 0x0000, 0x0000, 0x0000,
  0x0000, 0x0000, 0x0000, 0x0000, 0x0000, 0x0000, 0x0000, 0x0000, 0x0000, 0x0000, 0x0000, 0x0000,
  0x0000, 0x0000, 0x0000, 0x0000, 0x0000, 0x0000, 0x0000, 0x0000, 0x0000, 0x0000, 0x0000, 0x0000,
  0x0000, 0x0000, 0x0000, 0x0000, 0x0000, 0x0000, 0x0000, 0x0000, 0x0000, 0x0000, 0x0000, 0x0000,
  0x0000, 0x0000, 0x0000, 0x0000, 0x0000, 0x0000, 0x0000, 0x0000, 0x0000, 0x0000, 0x0000, 0x0000,
  0x0000, 0x0000, 0x0000, 0x0000, 0x0000, 0x0000, 0x0000, 0x0000, 0x0000, 0x0000, 0x0000, 0x0000,
  0x0000, 0x0000, 0x0000, 0x0000, 0x0000, 0x0000, 0x0000, 0x0000, 0x0000, 0x0000, 0x0000, 0x0000,
  0x0000, 0x0000, 0x0000, 0x0000, 0x0000, 0x0000, 0x0000, 0x0000, 0x0000, 0x0000, 0x0000, 0x0000,
  0x0000, 0x0000, 0x0000, 0x0000, 0x0000, 0x0000, 0x0000, 0x0000, 0x0000, 0x0000, 0x0000, 0x0000,
  0x0000, 0x0000, 0x0000, 0x0000, 0x0000, 0x0000, 0x0000, 0x0000, 0x0000, 0x0000, 0x0000, 0x0000,
  0x0000, 0x0000, 0x0000, 0x0000, 0x0000, 0x0000, 0x0000, 0x0000, 0x0000, 0x0000, 0x0000, 0x0000,
  0x0000, 0x0000, 0x0000, 0x0000, 0x0000, 0x0000, 0x0000, 0x0000, 0x0000, 0x0000, 0x0000, 0x0000,
  0x0000, 0x0000, 0x0000, 0x0000, 0x0000, 0x0000, 0x0000, 0x0000, 0x0000, 0x0000, 0x0000, 0x0000,
  0x0000, 0x0000, 0x0000, 0x0000, 0x0000, 0x0000, 0x0000, 0x0000, 0x0000, 0x0000, 0x0000, 0x0000,
  0x0000, 0x0000, 0x0000, 0x0000, 0x0000, 0x0000, 0x0000, 0x0000, 0x0000, 0x0000, 0x0000, 0x0000,
  0x0000, 0x0000, 0x0000, 0x0000, 0x0000, 0x0000, 0x0000, 0x0000, 0x0000, 0x0000, 0x0000, 0x0000,
  0x0000, 0x0000, 0x0000, 0x0000, 0x0000, 0x0000, 0x0000, 0x0000, 0x0000, 0x0000, 0x0000, 0x0000,
  0x0000, 0x0000, 0x0000, 0x0000, 0x0000, 0x0000, 0x0000, 0x0000, 0x0000, 0x0000, 0x0000, 0x0000,
  0x0000, 0x0000, 0x0000, 0x0000, 0x0000, 0x0000, 0x0000, 0x0000, 0x0000, 0x0000, 0x0000, 0x0000,
  0x0000, 0x0000, 0x0000, 0x0000, 0x0000, 0x0000, 0x0000, 0x0000, 0x0000, 0x0000, 0x0000, 0x0000,
  0x0000, 0x0000, 0x0000, 0x0000, 0x0000, 0x0000, 0x0000, 0x0000, 0x0000, 0x0000, 0x0000, 0x0000,
  0x0000, 0x0000, 0x0000, 0x0000, 0x0000, 0x0000, 0x0000, 0x0000, 0x0000, 0x0000, 0x0000, 0x0000,
  0x0000, 0x0000, 0x0000, 0x0000, 0x0000, 0x0000, 0x0000, 0x0000, 0x0000, 0x0000, 0x0000, 0x0000,
  0x0000, 0x0000, 0x0000, 0x0000, 0x0000, 0x0000, 0x0000, 0x0000, 0x0000, 0x0000, 0x0000, 0x0000,
  0x0000, 0x0000, 0x0000, 0x0000, 0x0000, 0x0000, 0x0000, 0x0000, 0x0000, 0x0000, 0x0000, 0x0000,
  0x0000, 0x0000, 0x0000, 0x0000, 0x0000, 0x0000, 0x0000, 0x0000, 0x0000, 0x0000, 0x0000, 0x0000,
  0x0000, 0x0000, 0x0000, 0x0000, 0x0000, 0x0000, 0x0000, 0x0000, 0x0000, 0x0000, 0x0000, 0x0000,
  0x0000, 0x0000, 0x0000, 0x0000, 0x0000, 0x0000, 0x0000, 0x0000, 0x0000, 0x0000, 0x0000, 0x0000,
  0x0000, 0x0000, 0x0000, 0x0000, 0x0000, 0x0000, 0x0000, 0x0000, 0x0000, 0x0000, 0x0000, 0x0000,
  0x0000, 0x0000, 0x0000, 0x0000, 0x0000, 0x0000, 0x0000, 0x0000, 0x0000, 0x0000, 0x0000, 0x0000,
  0x0000, 0x0000, 0x0000, 0x0000, 0x0000, 0x0000, 0x0000, 0x0000, 0x0000, 0x0000, 0x0000, 0x0000,
  0x0000, 0x0000, 0x0000, 0x0000, 0x0000, 0x0000, 0x0000, 0x0000, 0x0000, 0x0000, 0x0000, 0x0000,
  0x0000, 0x0000, 0x0000, 0x0000, 0x0000, 0x0000, 0x0000, 0x0000, 0x0000, 0x0000, 0x0000, 0x0000,
  0x0000, 0x0000, 0x0000, 0x0000, 0x0000, 0x0000, 0x0000, 0x0000, 0x0000, 0x0000, 0x0000, 0x0000,
  0x0000, 0x0000, 0x0000, 0x0000, 0x0000, 0x0000, 0x0000, 0x0000, 0x0000, 0x0000, 0x0000, 0x0000,
  0x0000, 0x0000, 0x0000, 0x0000, 0x0000, 0x0000, 0x0000, 0x0000, 0x0000, 0x0000, 0x0000, 0x0000,
  0x0000, 0x0000, 0x0000, 0x0000, 0x0000, 0x0000, 0x0000, 0x0000, 0x0000, 0x0000, 0x0000, 0x0000,
  0x0000, 0x0000, 0x0000, 0x0000, 0x0000, 0x0000, 0x0000, 0x0000, 0x0000, 0x0000, 0x0000, 0x0000,
  0x0000, 0x0000, 0x0000, 0x0000, 0x0000, 0x0000, 0x0000, 0x0000, 0x0000, 0x0000, 0x0000, 0x0000,
  0x0000, 0x0000, 0x0000, 0x0000, 0x0000, 0x0000, 0x0000, 0x0000, 0x0000, 0x0000, 0x0000, 0x0000,
  0x0000, 0x0000, 0x0000, 0x0000, 0x0000, 0x0000, 0x0000, 0x0000, 0x0000, 0x0000, 0x0000, 0x0000,
  0x0000, 0x0000, 0x0000, 0x0000, 0x0000, 0x0000, 0x0000, 0x0000, 0x0000, 0x0000, 0x0000, 0x0000,
  0x0000, 0x0000, 0x0000, 0x0000, 0x0000, 0x0000, 0x0000, 0x0000, 0x0000, 0x0000, 0x0000, 0x0000,
  0x0000, 0x0000, 0x0000, 0x0000, 0x0000, 0x0000, 0x0000, 0x0000, 0x0000, 0x0000, 0x0000, 0x0000,
  0x0000, 0x0000, 0x0000, 0x0000, 0x0000, 0x0000, 0x0000, 0x0000, 0x0000, 0x0000, 0x0000, 0x0000,
  0x0000, 0x0000, 0x0000, 0x0000, 0x0000, 0x0000, 0x0000, 0x0000, 0x0000, 0x0000, 0x0000, 0x0000,
  0x0000, 0x0000, 0x0000, 0x0000, 0x0000, 0x0000, 0x0000, 0x0000, 0x0000, 0x0000, 0x0000, 0x0000,
  0x0000, 0x0000, 0x0000, 0x0000, 0x0000, 0x0000, 0x0000, 0x0000, 0x0000, 0x0000, 0x0000, 0x0000,
  0x0000, 0x0000, 0x0000, 0x0000, 0x0000, 0x0000, 0x0000, 0x0000, 0x0000, 0x0000, 0x0000, 0x0000,
  0x0000, 0x0000, 0x0000, 0x0000, 0x0000, 0x0000, 0x0000, 0x0000, 0x0000, 0x0000, 0x0000, 0x0000,
  0x0000, 0x0000, 0x0000, 0x0000, 0x0000, 0x0000, 0x0000, 0x0000, 0x0000, 0x0000, 0x0000, 0x0000,
  0x0000, 0x0000, 0x0000, 0x0000, 0x0000, 0x0000, 0x0000, 0x0000, 0x0000, 0x0000, 0x0000, 0x0000,
  0x0000, 0x0000, 0x0000, 0x0000, 0x0000, 0x0000, 0x0000, 0x0000, 0x0000, 0x0000, 0x0000, 0x0000,
  0x0000, 0x0000, 0x0000, 0x0000, 0x0000, 0x0000, 0x0000, 0x0000, 0x0000, 0x0000, 0x0000, 0x0000,
  0x0000, 0x0000, 0x0000, 0x0000, 0x0000, 0x0000, 0x0000, 0x0000, 0x0000, 0x0000, 0x0000, 0x0000,
  0x0000, 0x0000, 0x0000, 0x0000, 0x0000, 0x0000, 0x0000, 0x0000, 0x0000, 0x0000, 0x0000, 0x0000,
  0x0000, 0x0000, 0x0000, 0x0000, 0x0000, 0x0000, 0x0000, 0x0000, 0x0000, 0x0000, 0x0000, 0x0000,
  0x0000, 0x0000, 0x0000, 0x0000, 0x0000, 0x0000, 0x0000, 0x0000, 0x0000, 0x0000, 0x0000, 0x0000,
  0x0000, 0x0000, 0x0000, 0x0000, 0x0000, 0x0000, 0x0000, 0x0000, 0x0000, 0x0000, 0x0000, 0x0000,
  0x0000, 0x0000, 0x0000, 0x0000, 0x0000, 0x0000, 0x0000, 0x0000, 0x0000, 0x0000, 0x0000, 0x0000,
  0x0000, 0x0000, 0x0000, 0x0000, 0x0000, 0x0000, 0x0000, 0x0000, 0x0000, 0x0000, 0x0000, 0x0000,
  0x0000, 0x0000, 0x0000, 0x0000, 0x0000, 0x0000, 0x0000, 0x0000, 0x0000, 0x0000, 0x0000, 0x0000,
  0x0000, 0x0000, 0x0000, 0x0000, 0x0000, 0x0000, 0x0000, 0x0000, 0x0000, 0x0000, 0x0000, 0x0000,
  0x0000, 0x0000, 0x0000, 0x0000, 0x0000, 0x0000, 0x0000, 0x0000, 0x0000, 0x0000, 0x0000, 0x0000,
  0x0000, 0x0000, 0x0000, 0x0000, 0x0000, 0x0000, 0x0000, 0x0000, 0x0000, 0x0000, 0x0000, 0x0000,
  0x0000, 0x0000, 0x0000, 0x0000, 0x0000, 0x0000, 0x0000, 0x0000, 0x0000, 0x0000, 0x0000, 0x0000,
  0x0000, 0x0000, 0x0000, 0x0000, 0x0000, 0x0000, 0x0000, 0x0000, 0x0000, 0x0000, 0x0000, 0x0000,
  0x0000, 0x0000, 0x0000, 0x0000, 0x0000, 0x0000, 0x0000, 0x0000, 0x0000, 0x0000, 0x0000, 0x0000,
  0x0000, 0x0000, 0x0000, 0x0000, 0x0000, 0x0000, 0x0000, 0x0000, 0x0000, 0x0000, 0x0000, 0x0000,
  0x0000, 0x0000, 0x0000, 0x0000, 0x0000, 0x0000, 0x0000, 0x0000, 0x0000, 0x0000, 0x0000, 0x0000,
  0x0000, 0x0000, 0x0000, 0x0000, 0x0000, 0x0000, 0x0000, 0x0000, 0x0000, 0x0000, 0x0000, 0x0000,
  0x0000, 0x0000, 0x0000, 0x0000, 0x0000, 0x0000, 0x0000, 0x0000, 0x0000, 0x0000, 0x0000, 0x0000,
  0x0000, 0x0000, 0x0000, 0x0000, 0x0000, 0x0000, 0x0000, 0x0000, 0x0000, 0x0000, 0x0000, 0x0000,
  0x0000, 0x0000, 0x0000, 0x0000, 0x0000, 0x0000, 0x0000, 0x0000, 0x0000, 0x0000, 0x0000, 0x0000,
  0x0000, 0x0000, 0x0000, 0x0000, 0x0000, 0x0000, 0x0000, 0x0000, 0x0000, 0x0000, 0x0000, 0x0000,
  0x0000, 0x0000, 0x0000, 0x0000, 0x0000, 0x0000, 0x0000, 0x0000, 0x0000, 0x0000, 0x0000, 0x0000,
  0x0000, 0x0000, 0x0000, 0x0000, 0x0000, 0x0000, 0x0000, 0x0000, 0x0000, 0x0000, 0x0000, 0x0000,
  0x0000, 0x0000, 0x0000, 0x0000, 0x0000, 0x0000, 0x0000, 0x0000, 0x0000, 0x0000, 0x0000, 0x0000,
  0x0000, 0x0000, 0x0000, 0x0000, 0x0000, 0x0000, 0x0000, 0x0000, 0x0000, 0x0000, 0x0000, 0x0000,
  0x0000, 0x0000, 0x0000, 0x0000, 0x0000, 0x0000, 0x0000, 0x0000, 0x0000, 0x0000, 0x0000, 0x0000,
  0x0000, 0x0000, 0x0000, 0x0000, 0x0000, 0x0000, 0x0000, 0x0000, 0x0000, 0x0000, 0x0000, 0x0000,
  0x0000, 0x0000, 0x0000, 0x0000, 0x0000, 0x0000, 0x0000, 0x0000, 0x0000, 0x0000, 0x0000, 0x0000,
  0x0000, 0x0000, 0x0000, 0x0000, 0x0000, 0x0000, 0x0000, 0x0000, 0x0000, 0x0000, 0x0000, 0x0000,
  0x0000, 0x0000, 0x0000, 0x0000, 0x0000, 0x0000, 0x0000, 0x0000, 0x0000, 0x0000, 0x0000, 0x0000,
  0x0000, 0x0000, 0x0000, 0x0000, 0x0000, 0x0000, 0x0000, 0x0000, 0x0000, 0x0000, 0x0000, 0x0000,
  0x0000, 0x0000, 0x0000, 0x0000, 0x0000, 0x0000, 0x0000, 0x0000, 0x0000, 0x0000, 0x0000, 0x0000,
  0x0000, 0x0000, 0x0000, 0x0000, 0x0000, 0x0000, 0x0000, 0x0000, 0x0000, 0x0000, 0x0000, 0x0000,
  0x0000, 0x0000, 0x0000, 0x0000, 0x0000, 0x0000, 0x0000, 0x0000, 0x0000, 0x0000, 0x0000, 0x0000,
  0x0000, 0x0000, 0x0000, 0x0000, 0x0000, 0x0000, 0x0000, 0x0000, 0x0000, 0x0000, 0x0000, 0x0000,
  0x0000, 0x0000, 0x0000, 0x0000, 0x0000, 0x0000, 0x0000, 0x0000, 0x0000, 0x0000, 0x0000, 0x0000,
  0x0000, 0x0000, 0x0000, 0x0000, 0x0000, 0x0000, 0x0000, 0x0000, 0x0000, 0x0000, 0x0000, 0x0000,
  0x0000, 0x0000, 0x0000, 0x0000, 0x0000, 0x0000, 0x0000, 0x0000, 0x0000, 0x0000, 0x0000, 0x0000,
  0x0000, 0x0000, 0x0000, 0x0000, 0x0000, 0x0000, 0x0000, 0x0000, 0x0000, 0x0000, 0x0000, 0x0000,
  0x0000, 0x0000, 0x0000, 0x0000, 0x0000, 0x0000, 0x0000, 0x0000, 0x0000, 0x0000, 0x0000, 0x0000,
  0x0000, 0x0000, 0x0000, 0x0000, 0x0000, 0x0000, 0x0000, 0x0000, 0x0000, 0x0000, 0x0000, 0x0000,
  0x0000, 0x0000, 0x0000, 0x0000, 0x0000, 0x0000, 0x0000, 0x0000, 0x0000, 0x0000, 0x0000, 0x0000,
  0x0000, 0x0000, 0x0000, 0x0000, 0x0000, 0x0000, 0x0000, 0x0000, 0x0000, 0x0000, 0x0000, 0x0000,
  0x0000, 0x0000, 0x0000, 0x0000, 0x0000, 0x0000, 0x0000, 0x0000, 0x0000, 0x0000, 0x0000, 0x0000,
  0x0000, 0x0000, 0x0000, 0x0000, 0x0000, 0x0000, 0x0000, 0x0000, 0x0000, 0x0000, 0x0000, 0x0000,
  0x0000, 0x0000, 0x0000, 0x0000, 0x0000, 0x0000, 0x0000, 0x0000, 0x0000, 0x0000, 0x0000, 0x0000,
  0x0000, 0x0000, 0x0000, 0x0000, 0x0000, 0x0000, 0x0000, 0x0000, 0x0000, 0x0000, 0x0000, 0x0000,
  0x0000, 0x0000, 0x0000, 0x0000, 0x0000, 0x0000, 0x0000, 0x0000, 0x0000, 0x0000, 0x0000, 0x0000,
  0x0000, 0x0000, 0x0000, 0x0000, 0x0000, 0x0000, 0x0000, 0x0000, 0x0000, 0x0000, 0x0000, 0x0000,
  0x0000, 0x0000, 0x0000, 0x0000, 0x0000, 0x0000, 0x0000, 0x0000, 0x0000, 0x0000, 0x0000, 0x0000,
  0x0000, 0x0000, 0x0000, 0x0000, 0x0000, 0x0000, 0x0000, 0x0000, 0x0000, 0x0000, 0x0000, 0x0000,
  0x0000, 0x0000, 0x0000, 0x0000, 0x0000, 0x0000, 0x0000, 0x0000, 0x0000, 0x0000, 0x0000, 0x0000,
  0x0000, 0x0000, 0x0000, 0x0000, 0x0000, 0x0000, 0x0000, 0x0000, 0x0000, 0x0000, 0x0000, 0x0000,
  0x0000, 0x0000, 0x0000, 0x0000, 0x0000, 0x0000, 0x0000, 0x0000, 0x0000, 0x0000, 0x0000, 0x0000,
  0x0000, 0x0000, 0x0000, 0x0000, 0x0000, 0x0000, 0x0000, 0x0000, 0x0000, 0x0000, 0x0000, 0x0000,
  0x0000, 0x0000, 0x0000, 0x0000, 0x0000, 0x0000, 0x0000, 0x0000, 0x0000, 0x0000, 0x0000, 0x0000,
  0x0000, 0x0000, 0x0000, 0x0000, 0x0000, 0x0000, 0x0000, 0x0000, 0x0000, 0x0000, 0x0000, 0x0000,
  0x0000, 0x0000, 0x0000, 0x0000, 0x0000, 0x0000, 0x0000, 0x0000, 0x0000, 0x0000, 0x0000, 0x0000,
  0x0000, 0x0000, 0x0000, 0x0000, 0x0000, 0x0000, 0x0000, 0x0000, 0x0000, 0x0000, 0x0000, 0x0000,
  0x0000, 0x0000, 0x0000, 0x0000, 0x0000, 0x0000, 0x0000, 0x0000, 0x0000, 0x0000, 0x0000, 0x0000,
  0x0000, 0x0000, 0x0000, 0x0000, 0x0000, 0x0000, 0x0000, 0x0000, 0x0000, 0x0000, 0x0000, 0x0000,
  0x0000, 0x0000, 0x0000, 0x0000, 0x0000, 0x0000, 0x0000, 0x0000, 0x0000, 0x0000, 0x0000, 0x0000,
  0x0000, 0x0000, 0x0000, 0x0000, 0x0000, 0x0000, 0x0000, 0x0000, 0x0000, 0x0000, 0x0000, 0x0000,
  0x0000, 0x0000, 0x0000, 0x0000, 0x0000, 0x0000, 0x0000, 0x0000, 0x0000, 0x0000, 0x0000, 0x0000,
  0x0000, 0x0000, 0x0000, 0x0000, 0x0000, 0x0000, 0x0000, 0x0000, 0x0000, 0x0000, 0x0000, 0x0000,
  0x0000, 0x0000, 0x0000, 0x0000, 0x0000, 0x0000, 0x0000, 0x0000, 0x0000, 0x0000, 0x0000, 0x0000,
  0x0000, 0x0000, 0x0000, 0x0000, 0x0000, 0x0000, 0x0000, 0x0000, 0x0000, 0x0000, 0x0000, 0x0000,
  0x0000, 0x0000, 0x0000, 0x0000, 0x0000, 0x0000, 0x0000, 0x0000, 0x0000, 0x0000, 0x0000, 0x0000,
  0x0000, 0x0000, 0x0000, 0x0000, 0x0000, 0x0000, 0x0000, 0x0000, 0x0000, 0x0000, 0x0000, 0x0000,
  0x0000, 0x0000, 0x0000, 0x0000, 0x0000, 0x0000, 0x0000, 0x0000, 0x0000, 0x0000, 0x0000, 0x0000,
  0x0000, 0x0000, 0x0000, 0x0000, 0x0000, 0x0000, 0x0000, 0x0000, 0x0000, 0x0000, 0x0000, 0x0000,
  0x0000, 0x0000, 0x0000, 0x0000, 0x0000, 0x0000, 0x0000, 0x0000, 0x0000, 0x0000, 0x0000, 0x0000,
  0x0000, 0x0000, 0x0000, 0x0000, 0x0000, 0x0000, 0x0000, 0x0000, 0x0000, 0x0000, 0x0000, 0x0000,
  0x0000, 0x0000, 0x0000, 0x0000, 0x0000, 0x0000, 0x0000, 0x0000, 0x0000, 0x0000, 0x0000, 0x0000,
  0x0000, 0x0000, 0x0000, 0x0000, 0x0000, 0x0000, 0x0000, 0x0000, 0x0000, 0x0000, 0x0000, 0x0000,
  0x0000, 0x0000, 0x0000, 0x0000, 0x0000, 0x0000, 0x0000, 0x0000, 0x0000, 0x0000, 0x0000, 0x0000,
  0x0000, 0x0000, 0x0000, 0x0000, 0x0000, 0x0000, 0x0000, 0x0000, 0x0000, 0x0000, 0x0000, 0x0000,
  0x0000, 0x0000, 0x0000, 0x0000, 0x0000, 0x0000, 0x0000, 0x0000, 0x0000, 0x0000, 0x0000, 0x0000,
  0x0000, 0x0000, 0x0000, 0x0000, 0x0000, 0x0000, 0x0000, 0x0000, 0x0000, 0x0000, 0x0000, 0x0000,
  0x0000, 0x0000, 0x0000, 0x0000, 0x0000, 0x0000, 0x0000, 0x0000, 0x0000, 0x0000, 0x0000, 0x0000,
  0x0000, 0x0000, 0x0000, 0x0000, 0x0000, 0x0000, 0x0000, 0x0000, 0x0000, 0x0000, 0x0000, 0x0000,
  0x0000, 0x0000, 0x0000, 0x0000, 0x0000, 0x0000, 0x0000, 0x0000, 0x0000, 0x0000, 0x0000, 0x0000,
  0x0000, 0x0000, 0x0000, 0x0000, 0x0000, 0x0000, 0x0000, 0x0000, 0x0000, 0x0000, 0x0000, 0x0000,
  0x0000, 0x0000, 0x0000, 0x0000, 0x0000, 0x0000, 0x0000, 0x0000, 0x0000, 0x0000, 0x0000, 0x0000,
  0x0000, 0x0000, 0x0000, 0x0000, 0x0000, 0x0000, 0x0000, 0x0000, 0x0000, 0x0000, 0x0000, 0x0000,
  0x0000, 0x0000, 0x0000, 0x0000, 0x0000, 0x0000, 0x0000, 0x0000, 0x0000, 0x0000, 0x0000, 0x0000,
  0x0000, 0x0000, 0x0000, 0x0000, 0x0000, 0x0000, 0x0000, 0x0000, 0x0000, 0x0000, 0x0000, 0x0000,
  0x0000, 0x0000, 0x0000, 0x0000, 0x0000, 0x0000, 0x0000, 0x0000, 0x0000, 0x0000, 0x0000, 0x0000,
  0x0000, 0x0000, 0x0000, 0x0000, 0x0000, 0x0000, 0x0000, 0x0000, 0x0000, 0x0000, 0x0000, 0x0000,
  0x0000, 0x0000, 0x0000, 0x0000, 0x0000, 0x0000, 0x0000, 0x0000, 0x0000, 0x0000, 0x0000, 0x0000,
  0x0000, 0x0000, 0x0000, 0x0000, 0x0000, 0x0000, 0x0000, 0x0000, 0x0000, 0x0000, 0x0000, 0x0000,
  0x0000, 0x0000, 0x0000, 0x0000, 0x0000, 0x0000, 0x0000, 0x0000, 0x0000, 0x0000, 0x0000, 0x0000,
  0x0000, 0x0000, 0x0000, 0x0000, 0x0000, 0x0000, 0x0000, 0x0000, 0x0000, 0x0000, 0x0000, 0x0000,
  0x0000, 0x0000, 0x0000, 0x0000, 0x0000, 0x0000, 0x0000, 0x0000, 0x0000, 0x0000, 0x0000, 0x0000,
  0x0000, 0x0000, 0x0000, 0x0000, 0x0000, 0x0000, 0x0000, 0x0000, 0x0000, 0x0000, 0x0000, 0x0000,
  0x0000, 0x0000, 0x0000, 0x0000, 0x0000, 0x0000, 0x0000, 0x0000, 0x0000, 0x0000, 0x0000, 0x0000,
  0x0000, 0x0000, 0x0000, 0x0000, 0x0000, 0x0000, 0x0000, 0x0000, 0x0000, 0x0000, 0x0000, 0x0000,
  0x0000, 0x0000, 0x0000, 0x0000, 0x0000, 0x0000, 0x0000, 0x0000, 0x0000, 0x0000, 0x0000, 0x0000,
  0x0000, 0x0000, 0x0000, 0x0000, 0x0000, 0x0000, 0x0000, 0x0000, 0x0000, 0x0000, 0x0000, 0x0000,
  0x0000, 0x0000, 0x0000, 0x0000, 0x0000, 0x0000, 0x0000, 0x0000, 0x0000, 0x0000, 0x0000, 0x0000,
  0x0000, 0x0000, 0x0000, 0x0000, 0x0000, 0x0000, 0x0000, 0x0000, 0x0000, 0x0000, 0x0000, 0x0000,
  0x0000, 0x0000, 0x0000, 0x0000, 0x0000, 0x0000, 0x0000, 0x0000, 0x0000, 0x0000, 0x0000, 0x0000,
  0x0000, 0x0000, 0x0000, 0x0000, 0x0000, 0x0000, 0x0000, 0x0000, 0x0000, 0x0000, 0x0000, 0x0000,
  0x0000, 0x0000, 0x0000, 0x0000, 0x0000, 0x0000, 0x0000, 0x0000, 0x0000, 0x0000, 0x0000, 0x0000,
  0x0000, 0x0000, 0x0000, 0x0000, 0x0000, 0x0000, 0x0000, 0x0000, 0x0000, 0x0000, 0x0000, 0x0000,
  0x0000, 0x0000, 0x0000, 0x0000, 0x0000, 0x0000, 0x0000, 0x0000, 0x0000, 0x0000, 0x0000, 0x0000,
  0x0000, 0x0000, 0x0000, 0x0000, 0x0000, 0x0000, 0x0000, 0x0000, 0x0000, 0x0000, 0x0000, 0x0000,
  0x0000, 0x0000, 0x0000, 0x0000, 0x0000, 0x0000, 0x0000, 0x0000, 0x0000, 0x0000, 0x0000, 0x0000,
  0x0000, 0x0000, 0x0000, 0x0000, 0x0000, 0x0000, 0x0000, 0x0000, 0x0000, 0x0000, 0x0000, 0x0000,
  0x0000, 0x0000, 0x0000, 0x0000, 0x0000, 0x0000, 0x0000, 0x0000, 0x0000, 0x0000, 0x0000, 0x0000,
  0x0000, 0x0000, 0x0000, 0x0000, 0x0000, 0x0000, 0x0000, 0x0000, 0x0000, 0x0000, 0x0000, 0x0000,
  0x0000, 0x0000, 0x0000, 0x0000, 0x0000, 0x0000, 0x0000, 0x0000, 0x0000, 0x0000, 0x0000, 0x0000,
  0x0000, 0x0000, 0x0000, 0x0000, 0x0000, 0x0000, 0x0000, 0x0000, 0x0000, 0x0000, 0x0000, 0x0000,
  0x0000, 0x0000, 0x0000, 0x0000, 0x0000, 0x0000, 0x0000, 0x0000, 0x0000, 0x0000, 0x0000, 0x0000,
  0x0000, 0x0000, 0x0000, 0x0000, 0x0000, 0x0000, 0x0000, 0x0000, 0x0000, 0x0000, 0x0000, 0x0000,
  0x0000, 0x0000, 0x0000, 0x0000, 0x0000, 0x0000, 0x0000, 0x0000, 0x0000, 0x0000, 0x0000, 0x0000,
  0x0000, 0x0000, 0x0000, 0x0000, 0x0000, 0x0000, 0x0000, 0x0000, 0x0000, 0x0000, 0x0000, 0x0000,
  0x0000, 0x0000, 0x0000, 0x0000, 0x0000, 0x0000, 0x0000, 0x0000, 0x0000, 0x0000, 0x0000, 0x0000,
  0x0000, 0x0000, 0x0000, 0x0000, 0x0000, 0x0000, 0x0000, 0x0000, 0x0000, 0x0000, 0x0000, 0x0000,
  0x0000, 0x0000, 0x0000, 0x0000, 0x0000, 0x0000, 0x0000, 0x0000, 0x0000, 0x0000, 0x0000, 0x0000,
  0x0000, 0x0000, 0x0000, 0x0000, 0x0000, 0x0000, 0x0000, 0x0000, 0x0000, 0x0000, 0x0000, 0x0000,
  0x0000, 0x0000, 0x0000, 0x0000, 0x0000, 0x0000, 0x0000, 0x0000, 0x0000, 0x0000, 0x0000, 0x0000,
  0x0000, 0x0000, 0x0000, 0x0000, 0x0000, 0x0000, 0x0000, 0x0000, 0x0000, 0x0000, 0x0000, 0x0000,
  0x0000, 0x0000, 0x0000, 0x0000, 0x0000, 0x0000, 0x0000, 0x0000, 0x0000, 0x0000, 0x0000, 0x0000,
  0x0000, 0x0000, 0x0000, 0x0000, 0x0000, 0x0000, 0x0000, 0x0000, 0x0000, 0x0000, 0x0000, 0x0000,
  0x0000, 0x0000, 0x0000, 0x0000, 0x0000, 0x0000, 0x0000, 0x0000, 0x0000, 0x0000, 0x0000, 0x0000,
  0x0000, 0x0000, 0x0000, 0x0000, 0x0000, 0x0000, 0x0000, 0x0000, 0x0000, 0x0000, 0x0000, 0x0000,
  0x0000, 0x0000, 0x0000, 0x0000, 0x0000, 0x0000, 0x0000, 0x0000, 0x0000, 0x0000, 0x0000, 0x0000,
  0x0000, 0x0000, 0x0000, 0x0000, 0x0000, 0x0000, 0x0000, 0x0000, 0x0000, 0x0000, 0x0000, 0x0000,
  0x0000, 0x0000, 0x0000, 0x0000, 0x0000, 0x0000, 0x0000, 0x0000, 0x0000, 0x0000, 0x0000, 0x0000,
  0x0000, 0x0000, 0x0000, 0x0000, 0x0000, 0x0000, 0x0000, 0x0000, 0x0000, 0x0000, 0x0000, 0x0000,
  0x0000, 0x0000, 0x0000, 0x0000, 0x0000, 0x0000, 0x0000, 0x0000, 0x0000, 0x0000, 0x0000, 0x0000,
  0x0000, 0x0000, 0x0000, 0x0000, 0x0000, 0x0000, 0x0000, 0x0000, 0x0000, 0x0000, 0x0000, 0x0000,
  0x0000, 0x0000, 0x0000, 0x0000, 0x0000, 0x0000, 0x0000, 0x0000, 0x0000, 0x0000, 0x0000, 0x0000,
  0x0000, 0x0000, 0x0000, 0x0000, 0x0000, 0x0000, 0x0000, 0x0000, 0x0000, 0x0000, 0x0000, 0x0000,
  0x0000, 0x0000, 0x0000, 0x0000, 0x0000, 0x0000, 0x0000, 0x0000, 0x0000, 0x0000, 0x0000, 0x0000,
  0x0000, 0x0000, 0x0000, 0x0000, 0x0000, 0x0000, 0x0000, 0x0000, 0x0000, 0x0000, 0x0000, 0x0000,
  0x0000, 0x0000, 0x0000, 0x0000, 0x0000, 0x0000, 0x0000, 0x0000, 0x0000, 0x0000, 0x0000, 0x0000,
  0x0000, 0x0000, 0x0000, 0x0000, 0x0000, 0x0000, 0x0000, 0x0000, 0x0000, 0x0000, 0x0000, 0x0000,
  0x0000, 0x0000, 0x0000, 0x0000, 0x0000, 0x0000, 0x0000, 0x0000, 0x0000, 0x0000, 0x0000, 0x0000,
  0x0000, 0x0000, 0x0000, 0x0000, 0x0000, 0x0000, 0x0000, 0x0000, 0x0000, 0x0000, 0x0000, 0x0000,
  0x0000, 0x0000, 0x0000, 0x0000, 0x0000, 0x0000, 0x0000, 0x0000, 0x0000, 0x0000, 0x0000, 0x0000,
  0x0000, 0x0000, 0x0000, 0x0000, 0x0000, 0x0000, 0x0000, 0x0000, 0x0000, 0x0000, 0x0000, 0x0000,
  0x0000, 0x0000, 0x0000, 0x0000, 0x0000, 0x0000, 0x0000, 0x0000, 0x0000, 0x0000, 0x0000, 0x0000,
  0x0000, 0x0000, 0x0000, 0x0000, 0x0000, 0x0000, 0x0000, 0x0000, 0x0000, 0x0000, 0x0000, 0x0000,
  0x0000, 0x0000, 0x0000, 0x0000, 0x0000, 0x0000, 0x0000, 0x0000, 0x0000, 0x0000, 0x0000, 0x0000,
  0x0000, 0x0000, 0x0000, 0x0000, 0x0000, 0x0000, 0x0000, 0x0000, 0x0000, 0x0000, 0x0000, 0x0000,
  0x0000, 0x0000, 0x0000, 0x0000, 0x0000, 0x0000, 0x0000, 0x0000, 0x0000, 0x0000, 0x0000, 0x0000,
  0x0000, 0x0000, 0x0000, 0x0000, 0x0000, 0x0000, 0x0000, 0x0000, 0x0000, 0x0000, 0x0000, 0x0000,
  0x0000, 0x0000, 0x0000, 0x0000, 0x0000, 0x0000, 0x0000, 0x0000, 0x0000, 0x0000, 0x0000, 0x0000,
  0x0000, 0x0000, 0x0000, 0x0000, 0x0000, 0x0000, 0x0000, 0x0000, 0x0000, 0x0000, 0x0000, 0x0000,
  0x0000, 0x0000, 0x0000, 0x0000, 0x0000, 0x0000, 0x0000, 0x0000, 0x0000, 0x0000, 0x0000, 0x0000,
  0x0000, 0x0000, 0x0000, 0x0000, 0x0000, 0x0000, 0x0000, 0x0000, 0x0000, 0x0000, 0x0000, 0x0000,
  0x0000, 0x0000, 0x0000, 0x0000, 0x0000, 0x0000, 0x0000, 0x0000, 0x0000, 0x0000, 0x0000, 0x0000,
  0x0000, 0x0000, 0x0000, 0x0000, 0x0000, 0x0000, 0x0000, 0x0000, 0x0000, 0x0000, 0x0000, 0x0000,
  0x0000, 0x0000, 0x0000, 0x0000, 0x0000, 0x0000, 0x0000, 0x0000, 0x0000, 0x0000, 0x0000, 0x0000,
  0x0000, 0x0000, 0x0000, 0x0000, 0x0000, 0x0000, 0x0000, 0x0000, 0x0000, 0x0000, 0x0000, 0x0000,
  0x0000, 0x0000, 0x0000, 0x0000, 0x0000, 0x0000, 0x0000, 0x0000, 0x0000, 0x0000, 0x0000, 0x0000,
  0x0000, 0x0000, 0x0000, 0x0000, 0x0000, 0x0000, 0x0000, 0x0000, 0x0000, 0x0000, 0x0000, 0x0000,
  0x0000, 0x0000, 0x0000, 0x0000, 0x0000, 0x0000, 0x0000, 0x0000, 0x0000, 0x0000, 0x0000, 0x0000,
  0x0000, 0x0000, 0x0000, 0x0000, 0x0000, 0x0000, 0x0000, 0x0000, 0x0000, 0x0000, 0x0000, 0x0000,
  0x0000, 0x0000, 0x0000, 0x0000, 0x0000, 0x0000, 0x0000, 0x0000, 0x0000, 0x0000, 0x0000, 0x0000,
  0x0000, 0x0000, 0x0000, 0x0000, 0x0000, 0x0000, 0x0000, 0x0000, 0x0000, 0x0000, 0x0000, 0x0000,
  0x0000, 0x0000, 0x0000, 0x0000, 0x0000, 0x0000, 0x0000, 0x0000, 0x0000, 0x0000, 0x0000, 0x0000,
  0x0000, 0x0000, 0x0000, 0x0000, 0x0000, 0x0000, 0x0000, 0x0000, 0x0000, 0x0000, 0x0000, 0x0000,
  0x0000, 0x0000, 0x0000, 0x0000, 0x0000, 0x0000, 0x0000, 0x0000, 0x0000, 0x0000, 0x0000, 0x0000,
  0x0000, 0x0000, 0x0000, 0x0000, 0x0000, 0x0000, 0x0000, 0x0000, 0x0000, 0x0000, 0x0000, 0x0000,
  0x0000, 0x0000, 0x0000, 0x0000, 0x0000, 0x0000, 0x0000, 0x0000, 0x0000, 0x0000, 0x0000, 0x0000,
  0x0000, 0x0000, 0x0000, 0x0000, 0x0000, 0x0000, 0x0000, 0x0000, 0x0000, 0x0000, 0x0000, 0x0000,
  0x0000, 0x0000, 0x0000, 0x0000, 0x0000, 0x0000, 0x0000, 0x0000, 0x0000, 0x0000, 0x0000, 0x0000,
  0x0000, 0x0000, 0x0000, 0x0000, 0x0000, 0x0000, 0x0000, 0x0000, 0x0000, 0x0000, 0x0000, 0x0000,
  0x0000, 0x0000, 0x0000, 0x0000, 0x0000, 0x0000, 0x0000, 0x0000, 0x0000, 0x0000, 0x0000, 0x0000,
  0x0000, 0x0000, 0x0000, 0x0000, 0x0000, 0x0000, 0x0000, 0x0000, 0x0000, 0x0000, 0x0000, 0x0000,
  0x0000, 0x0000, 0x0000, 0x0000, 0x0000, 0x0000, 0x0000, 0x0000, 0x0000, 0x0000, 0x0000, 0x0000,
  0x0000, 0x0000, 0x0000, 0x0000, 0x0000, 0x0000, 0x0000, 0x0000, 0x0000, 0x0000, 0x0000, 0x0000,
  0x0000, 0x0000, 0x0000, 0x0000, 0x0000, 0x0000, 0x0000, 0x0000, 0x0000, 0x0000, 0x0000, 0x0000,
  0x0000, 0x0000, 0x0000, 0x0000, 0x0000, 0x0000, 0x0000, 0x0000, 0x0000, 0x0000, 0x0000, 0x0000,
  0x0000, 0x0000, 0x0000, 0x0000, 0x0000, 0x0000, 0x0000, 0x0000, 0x0000, 0x0000, 0x0000, 0x0000,
  0x0000, 0x0000, 0x0000, 0x0000, 0x0000, 0x0000, 0x0000, 0x0000, 0x0000, 0x0000, 0x0000, 0x0000,
  0x0000, 0x0000, 0x0000, 0x0000, 0x0000, 0x0000, 0x0000, 0x0000, 0x0000, 0x0000, 0x0000, 0x0000,
  0x0000, 0x0000, 0x0000, 0x0000, 0x0000, 0x0000, 0x0000, 0x0000, 0x0000, 0x0000, 0x0000, 0x0000,
  0x0000, 0x0000, 0x0000, 0x0000, 0x0000, 0x0000, 0x0000, 0x0000, 0x0000, 0x0000, 0x0000, 0x0000,
  0x0000, 0x0000, 0x0000, 0x0000, 0x0000, 0x0000, 0x0000, 0x0000, 0x0000, 0x0000, 0x0000, 0x0000,
  0x0000, 0x0000, 0x0000, 0x0000, 0x0000, 0x0000, 0x0000, 0x0000, 0x0000, 0x0000, 0x0000, 0x0000,
  0x0000, 0x0000, 0x0000, 0x0000, 0x0000, 0x0000, 0x0000, 0x0000, 0x0000, 0x0000, 0x0000, 0x0000,
  0x0000, 0x0000, 0x0000, 0x0000, 0x0000, 0x0000, 0x0000, 0x0000, 0x0000, 0x0000, 0x0000, 0x0000,
  0x0000, 0x0000, 0x0000, 0x0000, 0x0000, 0x0000, 0x0000, 0x0000, 0x0000, 0x0000, 0x0000, 0x0000,
  0x0000, 0x0000, 0x0000, 0x0000, 0x0000, 0x0000, 0x0000, 0x0000, 0x0000, 0x0000, 0x0000, 0x0000,
  0x0000, 0x0000, 0x0000, 0x0000, 0x0000, 0x0000, 0x0000, 0x0000, 0x0000, 0x0000, 0x0000, 0x0000,
  0x0000, 0x0000, 0x0000, 0x0000, 0x0000, 0x0000, 0x0000, 0x0000, 0x0000, 0x0000, 0x0000, 0x0000,
  0x0000, 0x0000, 0x0000, 0x0000, 0x0000, 0x0000, 0x0000, 0x0000, 0x0000, 0x0000, 0x0000, 0x0000,
  0x0000, 0x0000, 0x0000, 0x0000, 0x0000, 0x0000, 0x0000, 0x0000, 0x0000, 0x0000, 0x0000, 0x0000,
  0x0000, 0x0000, 0x0000, 0x0000, 0x0000, 0x0000, 0x0000, 0x0000, 0x0000, 0x0000, 0x0000, 0x0000,
  0x0000, 0x0000, 0x0000, 0x0000, 0x0000, 0x0000, 0x0000, 0x0000, 0x0000, 0x0000, 0x0000, 0x0000,
  0x0000, 0x0000, 0x0000, 0x0000, 0x0000, 0x0000, 0x0000, 0x0000, 0x0000, 0x0000, 0x0000, 0x0000,
  0x0000, 0x0000, 0x0000, 0x0000, 0x0000, 0x0000, 0x0000, 0x0000, 0x0000, 0x0000, 0x0000, 0x0000,
  0x0000, 0x0000, 0x0000, 0x0000, 0x0000, 0x0000, 0x0000, 0x0000, 0x0000, 0x0000, 0x0000, 0x0000,
  0x0000, 0x0000, 0x0000, 0x0000, 0x0000, 0x0000, 0x0000, 0x0000, 0x0000, 0x0000, 0x0000, 0x0000,
  0x0000, 0x0000, 0x0000, 0x0000, 0x0000, 0x0000, 0x0000, 0x0000, 0x0000, 0x0000, 0x0000, 0x0000,
  0x0000, 0x0000, 0x0000, 0x0000, 0x0000, 0x0000, 0x0000, 0x0000, 0x0000, 0x0000, 0x0000, 0x0000,
  0x0000, 0x0000, 0x0000, 0x0000, 0x0000, 0x0000, 0x0000, 0x0000, 0x0000, 0x0000, 0x0000, 0x0000,
  0x0000, 0x0000, 0x0000, 0x0000, 0x0000, 0x0000, 0x0000, 0x0000, 0x0000, 0x0000, 0x0000, 0x0000,
  0x0000, 0x0000, 0x0000, 0x0000, 0x0000, 0x0000, 0x0000, 0x0000, 0x0000, 0x0000, 0x0000, 0x0000,
  0x0000, 0x0000, 0x0000, 0x0000, 0x0000, 0x0000, 0x0000, 0x0000, 0x0000, 0x0000, 0x0000, 0x0000,
  0x0000, 0x0000, 0x0000, 0x0000, 0x0000, 0x0000, 0x0000, 0x0000, 0x0000, 0x0000, 0x0000, 0x0000,
  0x0000, 0x0000, 0x0000, 0x0000, 0x0000, 0x0000, 0x0000, 0x0000, 0x0000, 0x0000, 0x0000, 0x0000,
  0x0000, 0x0000, 0x0000, 0x0000, 0x0000, 0x0000, 0x0000, 0x0000, 0x0000, 0x0000, 0x0000, 0x0000,
  0x0000, 0x0000, 0x0000, 0x0000, 0x0000, 0x0000, 0x0000, 0x0000, 0x0000, 0x0000, 0x0000, 0x0000,
  0x0000, 0x0000, 0x0000, 0x0000, 0x0000, 0x0000, 0x0000, 0x0000, 0x0000, 0x0000, 0x0000, 0x0000,
  0x0000, 0x0000, 0x0000, 0x0000, 0x0000, 0x0000, 0x0000, 0x0000, 0x0000, 0x0000, 0x0000, 0x0000,
  0x0000, 0x0000, 0x0000, 0x0000, 0x0000, 0x0000, 0x0000, 0x0000, 0x0000, 0x0000, 0x0000, 0x0000,
  0x0000, 0x0000, 0x0000, 0x0000, 0x0000, 0x0000, 0x0000, 0x0000, 0x0000, 0x0000, 0x0000, 0x0000,
  0x0000, 0x0000, 0x0000, 0x0000, 0x0000, 0x0000, 0x0000, 0x0000, 0x0000, 0x0000, 0x0000, 0x0000,
  0x0000, 0x0000, 0x0000, 0x0000, 0x0000, 0x0000, 0x0000, 0x0000, 0x0000, 0x0000, 0x0000, 0x0000,
  0x0000, 0x0000, 0x0000, 0x0000, 0x0000, 0x0000, 0x0000, 0x0000, 0x0000, 0x0000, 0x0000, 0x0000,
  0x0000, 0x0000, 0x0000, 0x0000, 0x0000, 0x0000, 0x0000, 0x0000, 0x0000, 0x0000, 0x0000, 0x0000,
  0x0000, 0x0000, 0x0000, 0x0000, 0x0000, 0x0000, 0x0000, 0x0000, 0x0000, 0x0000, 0x0000, 0x0000,
  0x0000, 0x0000, 0x0000, 0x0000, 0x0000, 0x0000, 0x0000, 0x0000, 0x0000, 0x0000, 0x0000, 0x0000,
  0x0000, 0x0000, 0x0000, 0x0000, 0x0000, 0x0000, 0x0000, 0x0000, 0x0000, 0x0000, 0x0000, 0x0000,
  0x0000, 0x0000, 0x0000, 0x0000, 0x0000, 0x0000, 0x0000, 0x0000, 0x0000, 0x0000, 0x0000, 0x0000,
  0x0000, 0x0000, 0x0000, 0x0000, 0x0000, 0x0000, 0x0000, 0x0000, 0x0000, 0x0000, 0x0000, 0x0000,
  0x0000, 0x0000, 0x0000, 0x0000, 0x0000, 0x0000, 0x0000, 0x0000, 0x0000, 0x0000, 0x0000, 0x0000,
  0x0000, 0x0000, 0x0000, 0x0000, 0x0000, 0x0000, 0x0000, 0x0000, 0x0000, 0x0000, 0x0000, 0x0000,
  0x0000, 0x0000, 0x0000, 0x0000, 0x0000, 0x0000, 0x0000, 0x0000, 0x0000, 0x0000, 0x0000, 0x0000,
  0x0000, 0x0000, 0x0000, 0x0000, 0x0000, 0x0000, 0x0000, 0x0000, 0x0000, 0x0000, 0x0000, 0x0000,
  0x0000, 0x0000, 0x0000, 0x0000, 0x0000, 0x0000, 0x0000, 0x0000, 0x0000, 0x0000, 0x0000, 0x0000,
  0x0000, 0x0000, 0x0000, 0x0000, 0x0000, 0x0000, 0x0000, 0x0000, 0x0000, 0x0000, 0x0000, 0x0000,
  0x0000, 0x0000, 0x0000, 0x0000, 0x0000, 0x0000, 0x0000, 0x0000, 0x0000, 0x0000, 0x0000, 0x0000,
  0x0000, 0x0000, 0x0000, 0x0000, 0x0000, 0x0000, 0x0000, 0x0000, 0x0000, 0x0000, 0x0000, 0x0000,
  0x0000, 0x0000, 0x0000, 0x0000, 0x0000, 0x0000, 0x0000, 0x0000, 0x0000, 0x0000, 0x0000, 0x0000,
  0x0000, 0x0000, 0x0000, 0x0000, 0x0000, 0x0000, 0x0000, 0x0000, 0x0000, 0x0000, 0x0000, 0x0000,
  0x0000, 0x0000, 0x0000, 0x0000, 0x0000, 0x0000, 0x0000, 0x0000, 0x0000, 0x0000, 0x0000, 0x0000,
  0x0000, 0x0000, 0x0000, 0x0000, 0x0000, 0x0000, 0x0000, 0x0000, 0x0000, 0x0000, 0x0000, 0x0000,
  0x0000, 0x0000, 0x0000, 0x0000, 0x0000, 0x0000, 0x0000, 0x0000, 0x0000, 0x0000, 0x0000, 0x0000,
  0x0000, 0x0000, 0x0000, 0x0000, 0x0000, 0x0000, 0x0000, 0x0000, 0x0000, 0x0000, 0x0000, 0x0000,
  0x0000, 0x0000, 0x0000, 0x0000, 0x0000, 0x0000, 0x0000, 0x0000, 0x0000, 0x0000, 0x0000, 0x0000,
  0x0000, 0x0000, 0x0000, 0x0000, 0x0000, 0x0000, 0x0000, 0x0000, 0x0000, 0x0000, 0x0000, 0x0000,
  0x0000, 0x0000, 0x0000, 0x0000, 0x0000, 0x0000, 0x0000, 0x0000, 0x0000, 0x0000, 0x0000, 0x0000,
  0x0000, 0x0000, 0x0000, 0x0000, 0x0000, 0x0000, 0x0000, 0x0000, 0x0000, 0x0000, 0x0000, 0x0000,
  0x0000, 0x0000, 0x0000, 0x0000, 0x0000, 0x0000, 0x0000, 0x0000, 0x0000, 0x0000, 0x0000, 0x0000,
  0x0000, 0x0000, 0x0000, 0x0000, 0x0000, 0x0000, 0x0000, 0x0000, 0x0000, 0x0000, 0x0000, 0x0000,
  0x0000, 0x0000, 0x0000, 0x0000, 0x0000, 0x0000, 0x0000, 0x0000, 0x0000, 0x0000, 0x0000, 0x0000,
  0x0000, 0x0000, 0x0000, 0x0000, 0x0000, 0x0000, 0x0000, 0x0000, 0x0000, 0x0000, 0x0000, 0x0000,
  0x0000, 0x0000, 0x0000, 0x0000, 0x0000, 0x0000, 0x0000, 0x0000, 0x0000, 0x0000, 0x0000, 0x0000,
  0x0000, 0x0000, 0x0000, 0x0000, 0x0000, 0x0000, 0x0000, 0x0000, 0x0000, 0x0000, 0x0000, 0x0000,
  0x0000, 0x0000, 0x0000, 0x0000, 0x0000, 0x0000, 0x0000, 0x0000, 0x0000, 0x0000, 0x0000, 0x0000,
  0x0000, 0x0000, 0x0000, 0x0000, 0x0000, 0x0000, 0x0000, 0x0000, 0x0000, 0x0000, 0x0000, 0x0000,
  0x0000, 0x0000, 0x0000, 0x0000, 0x0000, 0x0000, 0x0000, 0x0000, 0x0000, 0x0000, 0x0000, 0x0000,
  0x0000, 0x0000, 0x0000, 0x0000, 0x0000, 0x0000, 0x0000, 0x0000, 0x0000, 0x0000, 0x0000, 0x0000,
  0x0000, 0x0000, 0x0000, 0x0000, 0x0000, 0x0000, 0x0000, 0x0000, 0x0000, 0x0000, 0x0000, 0x0000,
  0x0000, 0x0000, 0x0000, 0x0000, 0x0000, 0x0000, 0x0000, 0x0000, 0x0000, 0x0000, 0x0000, 0x0000,
  0x0000, 0x0000, 0x0000, 0x0000, 0x0000, 0x0000, 0x0000, 0x0000, 0x0000, 0x0000, 0x0000, 0x0000,
  0x0000, 0x0000, 0x0000, 0x0000, 0x0000, 0x0000, 0x0000, 0x0000, 0x0000, 0x0000, 0x0000, 0x0000,
  0x0000, 0x0000, 0x0000, 0x0000, 0x0000, 0x0000, 0x0000, 0x0000, 0x0000, 0x0000, 0x0000, 0x0000,
  0x0000, 0x0000, 0x0000, 0x0000, 0x0000, 0x0000, 0x0000, 0x0000, 0x0000, 0x0000, 0x0000, 0x0000,
  0x0000, 0x0000, 0x0000, 0x0000, 0x0000, 0x0000, 0x0000, 0x0000, 0x0000, 0x0000, 0x0000, 0x0000,
  0x0000, 0x0000, 0x0000, 0x0000, 0x0000, 0x0000, 0x0000, 0x0000, 0x0000, 0x0000, 0x0000, 0x0000,
  0x0000, 0x0000, 0x0000, 0x0000, 0x0000, 0x0000, 0x0000, 0x0000, 0x0000, 0x0000, 0x0000, 0x0000,
  0x0000, 0x0000, 0x0000, 0x0000, 0x0000, 0x0000, 0x0000, 0x0000, 0x0000, 0x0000, 0x0000, 0x0000,
  0x0000, 0x0000, 0x0000, 0x0000, 0x0000, 0x0000, 0x0000, 0x0000, 0x0000, 0x0000, 0x0000, 0x0000,
  0x0000, 0x0000, 0x0000, 0x0000, 0x0000, 0x0000, 0x0000, 0x0000, 0x0000, 0x0000, 0x0000, 0x0000,
  0x0000, 0x0000, 0x0000, 0x0000, 0x0000, 0x0000, 0x0000, 0x0000, 0x0000, 0x0000, 0x0000, 0x0000,
  0x0000, 0x0000, 0x0000, 0x0000, 0x0000, 0x0000, 0x0000, 0x0000, 0x0000, 0x0000, 0x0000, 0x0000,
  0x0000, 0x0000, 0x0000, 0x0000, 0x0000, 0x0000, 0x0000, 0x0000, 0x0000, 0x0000, 0x0000, 0x0000,
  0x0000, 0x0000, 0x0000, 0x0000, 0x0000, 0x0000, 0x0000, 0x0000, 0x0000, 0x0000, 0x0000, 0x0000,
  0x0000, 0x0000, 0x0000, 0x0000, 0x0000, 0x0000, 0x0000, 0x0000, 0x0000, 0x0000, 0x0000, 0x0000,
  0x0000, 0x0000, 0x0000, 0x0000, 0x0000, 0x0000, 0x0000, 0x0000, 0x0000, 0x0000, 0x0000, 0x0000,
  0x0000, 0x0000, 0x0000, 0x0000, 0x0000, 0x0000, 0x0000, 0x0000, 0x0000, 0x0000, 0x0000, 0x0000,
  0x0000, 0x0000, 0x0000, 0x0000, 0x0000, 0x0000, 0x0000, 0x0000, 0x0000, 0x0000, 0x0000, 0x0000,
  0x0000, 0x0000, 0x0000, 0x0000, 0x0000, 0x0000, 0x0000, 0x0000, 0x0000, 0x0000, 0x0000, 0x0000,
  0x0000, 0x0000, 0x0000, 0x0000, 0x0000, 0x0000, 0x0000, 0x0000, 0x0000, 0x0000, 0x0000, 0x0000,
  0x0000, 0x0000, 0x0000, 0x0000, 0x0000, 0x0000, 0x0000, 0x0000, 0x0000, 0x0000, 0x0000, 0x0000,
  0x0000, 0x0000, 0x0000, 0x0000, 0x0000, 0x0000, 0x0000, 0x0000, 0x0000, 0x0000, 0x0000, 0x0000,
  0x0000, 0x0000, 0x0000, 0x0000, 0x0000, 0x0000, 0x0000, 0x0000, 0x0000, 0x0000, 0x0000, 0x0000,
  0x0000, 0x0000, 0x0000, 0x0000, 0x0000, 0x0000, 0x0000, 0x0000, 0x0000, 0x0000, 0x0000, 0x0000,
  0x0000, 0x0000, 0x0000, 0x0000, 0x0000, 0x0000, 0x0000, 0x0000, 0x0000, 0x0000, 0x0000, 0x0000,
  0x0000, 0x0000, 0x0000, 0x0000, 0x0000, 0x0000, 0x0000, 0x0000, 0x0000, 0x0000, 0x0000, 0x0000,
  0x0000, 0x0000, 0x0000, 0x0000, 0x0000, 0x0000, 0x0000, 0x0000, 0x0000, 0x0000, 0x0000, 0x0000,
  0x0000, 0x0000, 0x0000, 0x0000, 0x0000, 0x0000, 0x0000, 0x0000, 0x0000, 0x0000, 0x0000, 0x0000,
  0x0000, 0x0000, 0x0000, 0x0000, 0x0000, 0x0000, 0x0000, 0x0000, 0x0000, 0x0000, 0x0000, 0x0000,
  0x0000, 0x0000, 0x0000, 0x0000, 0x0000, 0x0000, 0x0000, 0x0000, 0x0000, 0x0000, 0x0000, 0x0000,
  0x0000, 0x0000, 0x0000, 0x0000, 0x0000, 0x0000, 0x0000, 0x0000, 0x0000, 0x0000, 0x0000, 0x0000,
  0x0000, 0x0000, 0x0000, 0x0000, 0x0000, 0x0000, 0x0000, 0x0000, 0x0000, 0x0000, 0x0000, 0x0000,
  0x0000, 0x0000, 0x0000, 0x0000, 0x0000, 0x0000, 0x0000, 0x0000, 0x0000, 0x0000, 0x0000, 0x0000,
  0x0000, 0x0000, 0x0000, 0x0000, 0x0000, 0x0000, 0x0000, 0x0000, 0x0000, 0x0000, 0x0000, 0x0000,
  0x0000, 0x0000, 0x0000, 0x0000, 0x0000, 0x0000, 0x0000, 0x0000, 0x0000, 0x0000, 0x0000, 0x0000,
  0x0000, 0x0000, 0x0000, 0x0000, 0x0000, 0x0000, 0x0000, 0x0000, 0x0000, 0x0000, 0x0000, 0x0000,
  0x0000, 0x0000, 0x0000, 0x0000, 0x0000, 0x0000, 0x0000, 0x0000, 0x0000, 0x0000, 0x0000, 0x0000,
  0x0000, 0x0000, 0x0000, 0x0000, 0x0000, 0x0000, 0x0000, 0x0000, 0x0000, 0x0000, 0x0000, 0x0000,
  0x0000, 0x0000, 0x0000, 0x0000, 0x0000, 0x0000, 0x0000, 0x0000, 0x0000, 0x0000, 0x0000, 0x0000,
  0x0000, 0x0000, 0x0000, 0x0000, 0x0000, 0x0000, 0x0000, 0x0000, 0x0000, 0x0000, 0x0000, 0x0000,
  0x0000, 0x0000, 0x0000, 0x0000, 0x0000, 0x0000, 0x0000, 0x0000, 0x0000, 0x0000, 0x0000, 0x0000,
  0x0000, 0x0000, 0x0000, 0x0000, 0x0000, 0x0000, 0x0000, 0x0000, 0x0000, 0x0000, 0x0000, 0x0000,
  0x0000, 0x0000, 0x0000, 0x0000, 0x0000, 0x0000, 0x0000, 0x0000, 0x0000, 0x0000, 0x0000, 0x0000,
  0x0000, 0x0000, 0x0000, 0x0000, 0x0000, 0x0000, 0x0000, 0x0000, 0x0000, 0x0000, 0x0000, 0x0000,
  0x0000, 0x0000, 0x0000, 0x0000, 0x0000, 0x0000, 0x0000, 0x0000, 0x0000, 0x0000, 0x0000, 0x0000,
  0x0000, 0x0000, 0x0000, 0x0000, 0x0000, 0x0000, 0x0000, 0x0000, 0x0000, 0x0000, 0x0000, 0x0000,
  0x0000, 0x0000, 0x0000, 0x0000, 0x0000, 0x0000, 0x0000, 0x0000, 0x0000, 0x0000, 0x0000, 0x0000,
  0x0000, 0x0000, 0x0000, 0x0000, 0x0000, 0x0000, 0x0000, 0x0000, 0x0000, 0x0000, 0x0000, 0x0000,
  0x0000, 0x0000, 0x0000, 0x0000, 0x0000, 0x0000, 0x0000, 0x0000, 0x0000, 0x0000, 0x0000, 0x0000,
  0x0000, 0x0000, 0x0000, 0x0000, 0x0000, 0x0000, 0x0000, 0x0000, 0x0000, 0x0000, 0x0000, 0x0000,
  0x0000, 0x0000, 0x0000, 0x0000, 0x0000, 0x0000, 0x0000, 0x0000, 0x0000, 0x0000, 0x0000, 0x0000,
  0x0000, 0x0000, 0x0000, 0x0000, 0x0000, 0x0000, 0x0000, 0x0000, 0x0000, 0x0000, 0x0000, 0x0000,
  0x0000, 0x0000, 0x0000, 0x0000, 0x0000, 0x0000, 0x0000, 0x0000, 0x0000, 0x0000, 0x0000, 0x0000,
  0x0000, 0x0000, 0x0000, 0x0000, 0x0000, 0x0000, 0x0000, 0x0000, 0x0000, 0x0000, 0x0000, 0x0000,
  0x0000, 0x0000, 0x0000, 0x0000, 0x0000, 0x0000, 0x0000, 0x0000, 0x0000, 0x0000, 0x0000, 0x0000,
  0x0000, 0x0000, 0x0000, 0x0000, 0x0000, 0x0000, 0x0000, 0x0000, 0x0000, 0x0000, 0x0000, 0x0000,
  0x0000, 0x0000, 0x0000, 0x0000, 0x0000, 0x0000, 0x0000, 0x0000, 0x0000, 0x0000, 0x0000, 0x0000,
  0x0000, 0x0000, 0x0000, 0x0000, 0x0000, 0x0000, 0x0000, 0x0000, 0x0000, 0x0000, 0x0000, 0x0000,
  0x0000, 0x0000, 0x0000, 0x0000, 0x0000, 0x0000, 0x0000, 0x0000, 0x0000, 0x0000, 0x0000, 0x0000,
  0x0000, 0x0000, 0x0000, 0x0000, 0x0000, 0x0000, 0x0000, 0x0000, 0x0000, 0x0000, 0x0000, 0x0000,
  0x0000, 0x0000, 0x0000, 0x0000, 0x0000, 0x0000, 0x0000, 0x0000, 0x0000, 0x0000, 0x0000, 0x0000,
  0x0000, 0x0000, 0x0000, 0x0000, 0x0000, 0x0000, 0x0000, 0x0000, 0x0000, 0x0000, 0x0000, 0x0000,
  0x0000, 0x0000, 0x0000, 0x0000, 0x0000, 0x0000, 0x0000, 0x0000, 0x0000, 0x0000, 0x0000, 0x0000,
  0x0000, 0x0000, 0x0000, 0x0000, 0x0000, 0x0000, 0x0000, 0x0000, 0x0000, 0x0000, 0x0000, 0x0000,
  0x0000, 0x0000, 0x0000, 0x0000, 0x0000, 0x0000, 0x0000, 0x0000, 0x0000, 0x0000, 0x0000, 0x0000,
  0x0000, 0x0000, 0x0000, 0x0000, 0x0000, 0x0000, 0x0000, 0x0000, 0x0000, 0x0000, 0x0000, 0x0000,
  0x0000, 0x0000, 0x0000, 0x0000, 0x0000, 0x0000, 0x0000, 0x0000, 0x0000, 0x0000, 0x0000, 0x0000,
  0x0000, 0x0000, 0x0000, 0x0000, 0x0000, 0x0000, 0x0000, 0x0000, 0x0000, 0x0000, 0x0000, 0x0000,
  0x0000, 0x0000, 0x0000, 0x0000, 0x0000, 0x0000, 0x0000, 0x0000, 0x0000, 0x0000, 0x0000, 0x0000,
  0x0000, 0x0000, 0x0000, 0x0000, 0x0000, 0x0000, 0x0000, 0x0000, 0x0000, 0x0000, 0x0000, 0x0000,
  0x0000, 0x0000, 0x0000, 0x0000, 0x0000, 0x0000, 0x0000, 0x0000, 0x0000, 0x0000, 0x0000, 0x0000,
  0x0000, 0x0000, 0x0000, 0x0000, 0x0000, 0x0000, 0x0000, 0x0000, 0x0000, 0x0000, 0x0000, 0x0000,
  0x0000, 0x0000, 0x0000, 0x0000, 0x0000, 0x0000, 0x0000, 0x0000, 0x0000, 0x0000, 0x0000, 0x0000,
  0x0000, 0x0000, 0x0000, 0x0000, 0x0000, 0x0000, 0x0000, 0x0000, 0x0000, 0x0000, 0x0000, 0x0000,
  0x0000, 0x0000, 0x0000, 0x0000, 0x0000, 0x0000, 0x0000, 0x0000, 0x0000, 0x0000, 0x0000, 0x0000,
  0x0000, 0x0000, 0x0000, 0x0000, 0x0000, 0x0000, 0x0000, 0x0000, 0x0000, 0x0000, 0x0000, 0x0000,
  0x0000, 0x0000, 0x0000, 0x0000, 0x0000, 0x0000, 0x0000, 0x0000, 0x0000, 0x0000, 0x0000, 0x0000,
  0x0000, 0x0000, 0x0000, 0x0000, 0x0000, 0x0000, 0x0000, 0x0000, 0x0000, 0x0000, 0x0000, 0x0000,
  0x0000, 0x0000, 0x0000, 0x0000, 0x0000, 0x0000, 0x0000, 0x0000, 0x0000, 0x0000, 0x0000, 0x0000,
  0x0000, 0x0000, 0x0000, 0x0000, 0x0000, 0x0000, 0x0000, 0x0000, 0x0000, 0x0000, 0x0000, 0x0000,
  0x0000, 0x0000, 0x0000, 0x0000, 0x0000, 0x0000, 0x0000, 0x0000, 0x0000, 0x0000, 0x0000, 0x0000,
  0x0000, 0x0000, 0x0000, 0x0000, 0x0000, 0x0000, 0x0000, 0x0000, 0x0000, 0x0000, 0x0000, 0x0000,
  0x0000, 0x0000, 0x0000, 0x0000, 0x0000, 0x0000, 0x0000, 0x0000, 0x0000, 0x0000, 0x0000, 0x0000,
  0x0000, 0x0000, 0x0000, 0x0000, 0x0000, 0x0000, 0x0000, 0x0000, 0x0000, 0x0000, 0x0000, 0x0000,
  0x0000, 0x0000, 0x0000, 0x0000, 0x0000, 0x0000, 0x0000, 0x0000, 0x0000, 0x0000, 0x0000, 0x0000,
  0x0000, 0x0000, 0x0000, 0x0000, 0x0000, 0x0000, 0x0000, 0x0000, 0x0000, 0x0000, 0x0000, 0x0000,
  0x0000, 0x0000, 0x0000, 0x0000, 0x0000, 0x0000, 0x0000, 0x0000, 0x0000, 0x0000, 0x0000, 0x0000,
  0x0000, 0x0000, 0x0000, 0x0000, 0x0000, 0x0000, 0x0000, 0x0000, 0x0000, 0x0000, 0x0000, 0x0000,
  0x0000, 0x0000, 0x0000, 0x0000, 0x0000, 0x0000, 0x0000, 0x0000, 0x0000, 0x0000, 0x0000, 0x0000,
  0x0000, 0x0000, 0x0000, 0x0000, 0x0000, 0x0000, 0x0000, 0x0000, 0x0000, 0x0000, 0x0000, 0x0000,
  0x0000, 0x0000, 0x0000, 0x0000, 0x0000, 0x0000, 0x0000, 0x0000, 0x0000, 0x0000, 0x0000, 0x0000,
  0x0000, 0x0000, 0x0000, 0x0000, 0x0000, 0x0000, 0x0000, 0x0000, 0x0000, 0x0000, 0x0000, 0x0000,
  0x0000, 0x0000, 0x0000, 0x0000, 0x0000, 0x0000, 0x0000, 0x0000, 0x0000, 0x0000, 0x0000, 0x0000,
  0x0000, 0x0000, 0x0000, 0x0000, 0x0000, 0x0000, 0x0000, 0x0000, 0x0000, 0x0000, 0x0000, 0x0000,
  0x0000, 0x0000, 0x0000, 0x0000, 0x0000, 0x0000, 0x0000, 0x0000, 0x0000, 0x0000, 0x0000, 0x0000,
  0x0000, 0x0000, 0x0000, 0x0000, 0x0000, 0x0000, 0x0000, 0x0000, 0x0000, 0x0000, 0x0000, 0x0000,
  0x0000, 0x0000, 0x0000, 0x0000, 0x0000, 0x0000, 0x0000, 0x0000, 0x0000, 0x0000, 0x0000, 0x0000,
  0x0000, 0x0000, 0x0000, 0x0000, 0x0000, 0x0000, 0x0000, 0x0000, 0x0000, 0x0000, 0x0000, 0x0000,
  0x0000, 0x0000, 0x0000, 0x0000, 0x0000, 0x0000, 0x0000, 0x0000, 0x0000, 0x0000, 0x0000, 0x0000,
  0x0000, 0x0000, 0x0000, 0x0000, 0x0000, 0x0000, 0x0000, 0x0000, 0x0000, 0x0000, 0x0000, 0x0000,
  0x0000, 0x0000, 0x0000, 0x0000, 0x0000, 0x0000, 0x0000, 0x0000, 0x0000, 0x0000, 0x0000, 0x0000,
  0x0000, 0x0000, 0x0000, 0x0000, 0x0000, 0x0000, 0x0000, 0x0000, 0x0000, 0x0000, 0x0000, 0x0000,
  0x0000, 0x0000, 0x0000, 0x0000, 0x0000, 0x0000, 0x0000, 0x0000, 0x0000, 0x0000, 0x0000, 0x0000,
  0x0000, 0x0000, 0x0000, 0x0000, 0x0000, 0x0000, 0x0000, 0x0000, 0x0000, 0x0000, 0x0000, 0x0000,
  0x0000, 0x0000, 0x0000, 0x0000, 0x0000, 0x0000, 0x0000, 0x0000, 0x0000, 0x0000, 0x0000, 0x0000,
  0x0000, 0x0000, 0x0000, 0x0000, 0x0000, 0x0000, 0x0000, 0x0000, 0x0000, 0x0000, 0x0000, 0x0000,
  0x0000, 0x0000, 0x0000, 0x0000, 0x0000, 0x0000, 0x0000, 0x0000, 0x0000, 0x0000, 0x0000, 0x0000,
  0x0000, 0x0000, 0x0000, 0x0000, 0x0000, 0x0000, 0x0000, 0x0000, 0x0000, 0x0000, 0x0000, 0x0000,
  0x0000, 0x0000, 0x0000, 0x0000, 0x0000, 0x0000, 0x0000, 0x0000, 0x0000, 0x0000, 0x0000, 0x0000,
  0x0000, 0x0000, 0x0000, 0x0000, 0x0000, 0x0000, 0x0000, 0x0000, 0x0000, 0x0000, 0x0000, 0x0000,
  0x0000, 0x0000, 0x0000, 0x0000, 0x0000, 0x0000, 0x0000, 0x0000, 0x0000, 0x0000, 0x0000, 0x0000,
  0x0000, 0x0000, 0x0000, 0x0000, 0x0000, 0x0000, 0x0000, 0x0000, 0x0000, 0x0000, 0x0000, 0x0000,
  0x0000, 0x0000, 0x0000, 0x0000, 0x0000, 0x0000, 0x0000, 0x0000, 0x0000, 0x0000, 0x0000, 0x0000,
  0x0000, 0x0000, 0x0000, 0x0000, 0x0000, 0x0000, 0x0000, 0x0000, 0x0000, 0x0000, 0x0000, 0x0000,
  0x0000, 0x0000, 0x0000, 0x0000, 0x0000, 0x0000, 0x0000, 0x0000, 0x0000, 0x0000, 0x0000, 0x0000,
  0x0000, 0x0000, 0x0000, 0x0000, 0x0000, 0x0000, 0x0000, 0x0000, 0x0000, 0x0000, 0x0000, 0x0000,
  0x0000, 0x0000, 0x0000, 0x0000, 0x0000, 0x0000, 0x0000, 0x0000, 0x0000, 0x0000, 0x0000, 0x0000,
  0x0000, 0x0000, 0x0000, 0x0000, 0x0000, 0x0000, 0x0000, 0x0000, 0x0000, 0x0000, 0x0000, 0x0000,
  0x0000, 0x0000, 0x0000, 0x0000, 0x0000, 0x0000, 0x0000, 0x0000, 0x0000, 0x0000, 0x0000, 0x0000,
  0x0000, 0x0000, 0x0000, 0x0000, 0x0000, 0x0000, 0x0000, 0x0000, 0x0000, 0x0000, 0x0000, 0x0000,
  0x0000, 0x0000, 0x0000, 0x0000, 0x0000, 0x0000, 0x0000, 0x0000, 0x0000, 0x0000, 0x0000, 0x0000,
  0x0000, 0x0000, 0x0000, 0x0000, 0x0000, 0x0000, 0x0000, 0x0000, 0x0000, 0x0000, 0x0000, 0x0000,
  0x0000, 0x0000, 0x0000, 0x0000, 0x0000, 0x0000, 0x0000, 0x0000, 0x0000, 0x0000, 0x0000, 0x0000,
  0x0000, 0x0000, 0x0000, 0x0000, 0x0000, 0x0000, 0x0000, 0x0000, 0x0000, 0x0000, 0x0000, 0x0000,
  0x0000, 0x0000, 0x0000, 0x0000, 0x0000, 0x0000, 0x0000, 0x0000, 0x0000, 0x0000, 0x0000, 0x0000,
  0x0000, 0x0000, 0x0000, 0x0000, 0x0000, 0x0000, 0x0000, 0x0000, 0x0000, 0x0000, 0x0000, 0x0000,
  0x0000, 0x0000, 0x0000, 0x0000, 0x0000, 0x0000, 0x0000, 0x0000, 0x0000, 0x0000, 0x0000, 0x0000,
  0x0000, 0x0000, 0x0000, 0x0000, 0x0000, 0x0000, 0x0000, 0x0000, 0x0000, 0x0000, 0x0000, 0x0000,
  0x0000, 0x0000, 0x0000, 0x0000, 0x0000, 0x0000, 0x0000, 0x0000, 0x0000, 0x0000, 0x0000, 0x0000,
  0x0000, 0x0000, 0x0000, 0x0000, 0x0000, 0x0000, 0x0000, 0x0000, 0x0000, 0x0000, 0x0000, 0x0000,
  0x0000, 0x0000, 0x0000, 0x0000, 0x0000, 0x0000, 0x0000, 0x0000, 0x0000, 0x0000, 0x0000, 0x0000,
  0x0000, 0x0000, 0x0000, 0x0000, 0x0000, 0x0000, 0x0000, 0x0000, 0x0000, 0x0000, 0x0000, 0x0000,
  0x0000, 0x0000, 0x0000, 0x0000, 0x0000, 0x0000, 0x0000, 0x0000, 0x0000, 0x0000, 0x0000, 0x0000,
  0x0000, 0x0000, 0x0000, 0x0000, 0x0000, 0x0000, 0x0000, 0x0000, 0x0000, 0x0000, 0x0000, 0x0000,
  0x0000, 0x0000, 0x0000, 0x0000, 0x0000, 0x0000, 0x0000, 0x0000, 0x0000, 0x0000, 0x0000, 0x0000,
  0x0000, 0x0000, 0x0000, 0x0000, 0x0000, 0x0000, 0x0000, 0x0000, 0x0000, 0x0000, 0x0000, 0x0000,
  0x0000, 0x0000, 0x0000, 0x0000, 0x0000, 0x0000, 0x0000, 0x0000, 0x0000, 0x0000, 0x0000, 0x0000,
  0x0000, 0x0000, 0x0000, 0x0000, 0x0000, 0x0000, 0x0000, 0x0000, 0x0000, 0x0000, 0x0000, 0x0000,
  0x0000, 0x0000, 0x0000, 0x0000, 0x0000, 0x0000, 0x0000, 0x0000, 0x0000, 0x0000, 0x0000, 0x0000,
  0x0000, 0x0000, 0x0000, 0x0000, 0x0000, 0x0000, 0x0000, 0x0000, 0x0000, 0x0000, 0x0000, 0x0000,
  0x0000, 0x0000, 0x0000, 0x0000, 0x0000, 0x0000, 0x0000, 0x0000, 0x0000, 0x0000, 0x0000, 0x0000,
  0x0000, 0x0000, 0x0000, 0x0000, 0x0000, 0x0000, 0x0000, 0x0000, 0x0000, 0x0000, 0x0000, 0x0000,
  0x0000, 0x0000, 0x0000, 0x0000, 0x0000, 0x0000, 0x0000, 0x0000, 0x0000, 0x0000, 0x0000, 0x0000,
  0x0000, 0x0000, 0x0000, 0x0000, 0x0000, 0x0000, 0x0000, 0x0000, 0x0000, 0x0000, 0x0000, 0x0000,
  0x0000, 0x0000, 0x0000, 0x0000, 0x0000, 0x0000, 0x0000, 0x0000, 0x0000, 0x0000, 0x0000, 0x0000,
  0x0000, 0x0000, 0x0000, 0x0000, 0x0000, 0x0000, 0x0000, 0x0000, 0x0000, 0x0000, 0x0000, 0x0000,
  0x0000, 0x0000, 0x0000, 0x0000, 0x0000, 0x0000, 0x0000, 0x0000, 0x0000, 0x0000, 0x0000, 0x0000,
  0x0000, 0x0000, 0x0000, 0x0000, 0x0000, 0x0000, 0x0000, 0x0000, 0x0000, 0x0000, 0x0000, 0x0000,
  0x0000, 0x0000, 0x0000, 0x0000, 0x0000, 0x0000, 0x0000, 0x0000, 0x0000, 0x0000, 0x0000, 0x0000,
  0x0000, 0x0000, 0x0000, 0x0000, 0x0000, 0x0000, 0x0000, 0x0000, 0x0000, 0x0000, 0x0000, 0x0000,
  0x0000, 0x0000, 0x0000, 0x0000, 0x0000, 0x0000, 0x0000, 0x0000, 0x0000, 0x0000, 0x0000, 0x0000,
  0x0000, 0x0000, 0x0000, 0x0000, 0x0000, 0x0000, 0x0000, 0x0000, 0x0000, 0x0000, 0x0000, 0x0000,
  0x0000, 0x0000, 0x0000, 0x0000, 0x0000, 0x0000, 0x0000, 0x0000, 0x0000, 0x0000, 0x0000, 0x0000,
  0x0000, 0x0000, 0x0000, 0x0000, 0x0000, 0x0000, 0x0000, 0x0000, 0x0000, 0x0000, 0x0000, 0x0000,
  0x0000, 0x0000, 0x0000, 0x0000, 0x0000, 0x0000, 0x0000, 0x0000, 0x0000, 0x0000, 0x0000, 0x0000,
  0x0000, 0x0000, 0x0000, 0x0000, 0x0000, 0x0000, 0x0000, 0x0000, 0x0000, 0x0000, 0x0000, 0x0000,
  0x0000, 0x0000, 0x0000, 0x0000, 0x0000, 0x0000, 0x0000, 0x0000, 0x0000, 0x0000, 0x0000, 0x0000,
  0x0000, 0x0000, 0x0000, 0x0000, 0x0000, 0x0000, 0x0000, 0x0000, 0x0000, 0x0000, 0x0000, 0x0000,
  0x0000, 0x0000, 0x0000, 0x0000, 0x0000, 0x0000, 0x0000, 0x0000, 0x0000, 0x0000, 0x0000, 0x0000,
  0x0000, 0x0000, 0x0000, 0x0000, 0x0000, 0x0000, 0x0000, 0x0000, 0x0000, 0x0000, 0x0000, 0x0000,
  0x0000, 0x0000, 0x0000, 0x0000, 0x0000, 0x0000, 0x0000, 0x0000, 0x0000, 0x0000, 0x0000, 0x0000,
  0x0000, 0x0000, 0x0000, 0x0000, 0x0000, 0x0000, 0x0000, 0x0000, 0x0000, 0x0000, 0x0000, 0x0000,
  0x0000, 0x0000, 0x0000, 0x0000, 0x0000, 0x0000, 0x0000, 0x0000, 0x0000, 0x0000, 0x0000, 0x0000,
  0x0000, 0x0000, 0x0000, 0x0000, 0x0000, 0x0000, 0x0000, 0x0000, 0x0000, 0x0000, 0x0000, 0x0000,
  0x0000, 0x0000, 0x0000, 0x0000, 0x0000, 0x0000, 0x0000, 0x0000, 0x0000, 0x0000, 0x0000, 0x0000,
  0x0000, 0x0000, 0x0000, 0x0000, 0x0000, 0x0000, 0x0000, 0x0000, 0x0000, 0x0000, 0x0000, 0x0000,
  0x0000, 0x0000, 0x0000, 0x0000, 0x0000, 0x0000, 0x0000, 0x0000, 0x0000, 0x0000, 0x0000, 0x0000,
  0x0000, 0x0000, 0x0000, 0x0000, 0x0000, 0x0000, 0x0000, 0x0000, 0x0000, 0x0000, 0x0000, 0x0000,
  0x0000, 0x0000, 0x0000, 0x0000, 0x0000, 0x0000, 0x0000, 0x0000, 0x0000, 0x0000, 0x0000, 0x0000,
  0x0000, 0x0000, 0x0000, 0x0000, 0x0000, 0x0000, 0x0000, 0x0000, 0x0000, 0x0000, 0x0000, 0x0000,
  0x0000, 0x0000, 0x0000, 0x0000, 0x0000, 0x0000, 0x0000, 0x0000, 0x0000, 0x0000, 0x0000, 0x0000,
  0x0000, 0x0000, 0x0000, 0x0000, 0x0000, 0x0000, 0x0000, 0x0000, 0x0000, 0x0000, 0x0000, 0x0000,
  0x0000, 0x0000, 0x0000, 0x0000, 0x0000, 0x0000, 0x0000, 0x0000, 0x0000, 0x0000, 0x0000, 0x0000,
  0x0000, 0x0000, 0x0000, 0x0000, 0x0000, 0x0000, 0x0000, 0x0000, 0x0000, 0x0000, 0x0000, 0x0000,
  0x0000, 0x0000, 0x0000, 0x0000, 0x0000, 0x0000, 0x0000, 0x0000, 0x0000, 0x0000, 0x0000, 0x0000,
  0x0000, 0x0000, 0x0000, 0x0000, 0x0000, 0x0000, 0x0000, 0x0000, 0x0000, 0x0000, 0x0000, 0x0000,
  0x0000, 0x0000, 0x0000, 0x0000, 0x0000, 0x0000, 0x0000, 0x0000, 0x0000, 0x0000, 0x0000, 0x0000,
  0x0000, 0x0000, 0x0000, 0x0000, 0x0000, 0x0000, 0x0000, 0x0000, 0x0000, 0x0000, 0x0000, 0x0000,
  0x0000, 0x0000, 0x0000, 0x0000, 0x0000, 0x0000, 0x0000, 0x0000, 0x0000, 0x0000, 0x0000, 0x0000,
  0x0000, 0x0000, 0x0000, 0x0000, 0x0000, 0x0000, 0x0000, 0x0000, 0x0000, 0x0000, 0x0000, 0x0000,
  0x0000, 0x0000, 0x0000, 0x0000, 0x0000, 0x0000, 0x0000, 0x0000, 0x0000, 0x0000, 0x0000, 0x0000,
  0x0000, 0x0000, 0x0000, 0x0000, 0x0000, 0x0000, 0x0000, 0x0000, 0x0000, 0x0000, 0x0000, 0x0000,
  0x0000, 0x0000, 0x0000, 0x0000, 0x0000, 0x0000, 0x0000, 0x0000, 0x0000, 0x0000, 0x0000, 0x0000,
  0x0000, 0x0000, 0x0000, 0x0000, 0x0000, 0x0000, 0x0000, 0x0000, 0x0000, 0x0000, 0x0000, 0x0000,
  0x0000, 0x0000, 0x0000, 0x0000, 0x0000, 0x0000, 0x0000, 0x0000, 0x0000, 0x0000, 0x0000, 0x0000,
  0x0000, 0x0000, 0x0000, 0x0000, 0x0000, 0x0000, 0x0000, 0x0000, 0x0000, 0x0000, 0x0000, 0x0000,
  0x0000, 0x0000, 0x0000, 0x0000, 0x0000, 0x0000, 0x0000, 0x0000, 0x0000, 0x0000, 0x0000, 0x0000,
  0x0000, 0x0000, 0x0000, 0x0000, 0x0000, 0x0000, 0x0000, 0x0000, 0x0000, 0x0000, 0x0000, 0x0000,
  0x0000, 0x0000, 0x0000, 0x0000, 0x0000, 0x0000, 0x0000, 0x0000, 0x0000, 0x0000, 0x0000, 0x0000,
  0x0000, 0x0000, 0x0000, 0x0000, 0x0000, 0x0000, 0x0000, 0x0000, 0x0000, 0x0000, 0x0000, 0x0000,
  0x0000, 0x0000, 0x0000, 0x0000, 0x0000, 0x0000, 0x0000, 0x0000, 0x0000, 0x0000, 0x0000, 0x0000,
  0x0000, 0x0000, 0x0000, 0x0000, 0x0000, 0x0000, 0x0000, 0x0000, 0x0000, 0x0000, 0x0000, 0x0000,
  0x0000, 0x0000, 0x0000, 0x0000, 0x0000, 0x0000, 0x0000, 0x0000, 0x0000, 0x0000, 0x0000, 0x0000,
  0x0000, 0x0000, 0x0000, 0x0000, 0x0000, 0x0000, 0x0000, 0x0000, 0x0000, 0x0000, 0x0000, 0x0000,
  0x0000, 0x0000, 0x0000, 0x0000, 0x0000, 0x0000, 0x0000, 0x0000, 0x0000, 0x0000, 0x0000, 0x0000,
  0x0000, 0x0000, 0x0000, 0x0000, 0x0000, 0x0000, 0x0000, 0x0000, 0x0000, 0x0000, 0x0000, 0x0000,
  0x0000, 0x0000, 0x0000, 0x0000, 0x0000, 0x0000, 0x0000, 0x0000, 0x0000, 0x0000, 0x0000, 0x0000,
  0x0000, 0x0000, 0x0000, 0x0000, 0x0000, 0x0000, 0x0000, 0x0000, 0x0000, 0x0000, 0x0000, 0x0000,
  0x0000, 0x0000, 0x0000, 0x0000, 0x0000, 0x0000, 0x0000, 0x0000, 0x0000, 0x0000, 0x0000, 0x0000,
  0x0000, 0x0000, 0x0000, 0x0000, 0x0000, 0x0000, 0x0000, 0x0000, 0x0000, 0x0000, 0x0000, 0x0000,
  0x0000, 0x0000, 0x0000, 0x0000, 0x0000, 0x0000, 0x0000, 0x0000, 0x0000, 0x0000, 0x0000, 0x0000,
  0x0000, 0x0000, 0x0000, 0x0000, 0x0000, 0x0000, 0x0000, 0x0000, 0x0000, 0x0000, 0x0000, 0x0000,
  0x0000, 0x0000, 0x0000, 0x0000, 0x0000, 0x0000, 0x0000, 0x0000, 0x0000, 0x0000, 0x0000, 0x0000,
  0x0000, 0x0000, 0x0000, 0x0000, 0x0000, 0x0000, 0x0000, 0x0000, 0x0000, 0x0000, 0x0000, 0x0000,
  0x0000, 0x0000, 0x0000, 0x0000, 0x0000, 0x0000, 0x0000, 0x0000, 0x0000, 0x0000, 0x0000, 0x0000,
  0x0000, 0x0000, 0x0000, 0x0000, 0x0000, 0x0000, 0x0000, 0x0000, 0x0000, 0x0000, 0x0000, 0x0000,
  0x0000, 0x0000, 0x0000, 0x0000, 0x0000, 0x0000, 0x0000, 0x0000, 0x0000, 0x0000, 0x0000, 0x0000,
  0x0000, 0x0000, 0x0000, 0x0000, 0x0000, 0x0000, 0x0000, 0x0000, 0x0000, 0x0000, 0x0000, 0x0000,
  0x0000, 0x0000, 0x0000, 0x0000, 0x0000, 0x0000, 0x0000, 0x0000, 0x0000, 0x0000, 0x0000, 0x0000,
  0x0000, 0x0000, 0x0000, 0x0000, 0x0000, 0x0000, 0x0000, 0x0000, 0x0000, 0x0000, 0x0000, 0x0000,
  0x0000, 0x0000, 0x0000, 0x0000, 0x0000, 0x0000, 0x0000, 0x0000, 0x0000, 0x0000, 0x0000, 0x0000,
  0x0000, 0x0000, 0x0000, 0x0000, 0x0000, 0x0000, 0x0000, 0x0000, 0x0000, 0x0000, 0x0000, 0x0000,
  0x0000, 0x0000, 0x0000, 0x0000, 0x0000, 0x0000, 0x0000, 0x0000, 0x0000, 0x0000, 0x0000, 0x0000,
  0x0000, 0x0000, 0x0000, 0x0000, 0x0000, 0x0000, 0x0000, 0x0000, 0x0000, 0x0000, 0x0000, 0x0000,
  0x0000, 0x0000, 0x0000, 0x0000, 0x0000, 0x0000, 0x0000, 0x0000, 0x0000, 0x0000, 0x0000, 0x0000,
  0x0000, 0x0000, 0x0000, 0x0000, 0x0000, 0x0000, 0x0000, 0x0000, 0x0000, 0x0000, 0x0000, 0x0000,
  0x0000, 0x0000, 0x0000, 0x0000, 0x0000, 0x0000, 0x0000, 0x0000, 0x0000, 0x0000, 0x0000, 0x0000,
  0x0000, 0x0000, 0x0000, 0x0000, 0x0000, 0x0000, 0x0000, 0x0000, 0x0000, 0x0000, 0x0000, 0x0000,
  0x0000, 0x0000, 0x0000, 0x0000, 0x0000, 0x0000, 0x0000, 0x0000, 0x0000, 0x0000, 0x0000, 0x0000,
  0x0000, 0x0000, 0x0000, 0x0000, 0x0000, 0x0000, 0x0000, 0x0000, 0x0000, 0x0000, 0x0000, 0x0000,
  0x0000, 0x0000, 0x0000, 0x0000, 0x0000, 0x0000, 0x0000, 0x0000, 0x0000, 0x0000, 0x0000, 0x0000,
  0x0000, 0x0000, 0x0000, 0x0000, 0x0000, 0x0000, 0x0000, 0x0000, 0x0000, 0x0000, 0x0000, 0x0000,
  0x0000, 0x0000, 0x0000, 0x0000, 0x0000, 0x0000, 0x0000, 0x0000, 0x0000, 0x0000, 0x0000, 0x0000,
  0x0000, 0x0000, 0x0000, 0x0000, 0x0000, 0x0000, 0x0000, 0x0000, 0x0000, 0x0000, 0x0000, 0x0000,
  0x0000, 0x0000, 0x0000, 0x0000, 0x0000, 0x0000, 0x0000, 0x0000, 0x0000, 0x0000, 0x0000, 0x0000,
  0x0000, 0x0000, 0x0000, 0x0000, 0x0000, 0x0000, 0x0000, 0x0000, 0x0000, 0x0000, 0x0000, 0x0000,
  0x0000, 0x0000, 0x0000, 0x0000, 0x0000, 0x0000, 0x0000, 0x0000, 0x0000, 0x0000, 0x0000, 0x0000,
  0x0000, 0x0000, 0x0000, 0x0000, 0x0000, 0x0000, 0x0000, 0x0000, 0x0000, 0x0000, 0x0000, 0x0000,
  0x0000, 0x0000, 0x0000, 0x0000, 0x0000, 0x0000, 0x0000, 0x0000, 0x0000, 0x0000, 0x0000, 0x0000,
  0x0000, 0x0000, 0x0000, 0x0000, 0x0000, 0x0000, 0x0000, 0x0000, 0x0000, 0x0000, 0x0000, 0x0000,
  0x0000, 0x0000, 0x0000, 0x0000, 0x0000, 0x0000, 0x0000, 0x0000, 0x0000, 0x0000, 0x0000, 0x0000,
  0x0000, 0x0000, 0x0000, 0x0000, 0x0000, 0x0000, 0x0000, 0x0000, 0x0000, 0x0000, 0x0000, 0x0000,
  0x0000, 0x0000, 0x0000, 0x0000, 0x0000, 0x0000, 0x0000, 0x0000, 0x0000, 0x0000, 0x0000, 0x0000,
  0x0000, 0x0000, 0x0000, 0x0000, 0x0000, 0x0000, 0x0000, 0x0000, 0x0000, 0x0000, 0x0000, 0x0000,
  0x0000, 0x0000, 0x0000, 0x0000, 0x0000, 0x0000, 0x0000, 0x0000, 0x0000, 0x0000, 0x0000, 0x0000,
  0x0000, 0x0000, 0x0000, 0x0000, 0x0000, 0x0000, 0x0000, 0x0000, 0x0000, 0x0000, 0x0000, 0x0000,
  0x0000, 0x0000, 0x0000, 0x0000, 0x0000, 0x0000, 0x0000, 0x0000, 0x0000, 0x0000, 0x0000, 0x0000,
  0x0000, 0x0000, 0x0000, 0x0000, 0x0000, 0x0000, 0x0000, 0x0000, 0x0000, 0x0000, 0x0000, 0x0000,
  0x0000, 0x0000, 0x0000, 0x0000, 0x0000, 0x0000, 0x0000, 0x0000, 0x0000, 0x0000, 0x0000, 0x0000,
  0x0000, 0x0000, 0x0000, 0x0000, 0x0000, 0x0000, 0x0000, 0x0000, 0x0000, 0x0000, 0x0000, 0x0000,
  0x0000, 0x0000, 0x0000, 0x0000, 0x0000, 0x0000, 0x0000, 0x0000, 0x0000, 0x0000, 0x0000, 0x0000,
  0x0000, 0x0000, 0x0000, 0x0000, 0x0000, 0x0000, 0x0000, 0x0000, 0x0000, 0x0000, 0x0000, 0x0000,
  0x0000, 0x0000, 0x0000, 0x0000, 0x0000, 0x0000, 0x0000, 0x0000, 0x0000, 0x0000, 0x0000, 0x0000,
  0x0000, 0x0000, 0x0000, 0x0000, 0x0000, 0x0000, 0x0000, 0x0000, 0x0000, 0x0000, 0x0000, 0x0000,
  0x0000, 0x0000, 0x0000, 0x0000, 0x0000, 0x0000, 0x0000, 0x0000, 0x0000, 0x0000, 0x0000, 0x0000,
  0x0000, 0x0000, 0x0000, 0x0000, 0x0000, 0x0000, 0x0000, 0x0000, 0x0000, 0x0000, 0x0000, 0x0000,
  0x0000, 0x0000, 0x0000, 0x0000, 0x0000, 0x0000, 0x0000, 0x0000, 0x0000, 0x0000, 0x0000, 0x0000,
  0x0000, 0x0000, 0x0000, 0x0000, 0x0000, 0x0000, 0x0000, 0x0000, 0x0000, 0x0000, 0x0000, 0x0000,
  0x0000, 0x0000, 0x0000, 0x0000, 0x0000, 0x0000, 0x0000, 0x0000, 0x0000, 0x0000, 0x0000, 0x0000,
  0x0000, 0x0000, 0x0000, 0x0000, 0x0000, 0x0000, 0x0000, 0x0000, 0x0000, 0x0000, 0x0000, 0x0000,
  0x0000, 0x0000, 0x0000, 0x0000, 0x0000, 0x0000, 0x0000, 0x0000, 0x0000, 0x0000, 0x0000, 0x0000,
  0x0000, 0x0000, 0x0000, 0x0000, 0x0000, 0x0000, 0x0000, 0x0000, 0x0000, 0x0000, 0x0000, 0x0000,
  0x0000, 0x0000, 0x0000, 0x0000, 0x0000, 0x0000, 0x0000, 0x0000, 0x0000, 0x0000, 0x0000, 0x0000,
  0x0000, 0x0000, 0x0000, 0x0000, 0x0000, 0x0000, 0x0000, 0x0000, 0x0000, 0x0000, 0x0000, 0x0000,
  0x0000, 0x0000, 0x0000, 0x0000, 0x0000, 0x0000, 0x0000, 0x0000, 0x0000, 0x0000, 0x0000, 0x0000,
  0x0000, 0x0000, 0x0000, 0x0000, 0x0000, 0x0000, 0x0000, 0x0000, 0x0000, 0x0000, 0x0000, 0x0000,
  0x0000, 0x0000, 0x0000, 0x0000, 0x0000, 0x0000, 0x0000, 0x0000, 0x0000, 0x0000, 0x0000, 0x0000,
  0x0000, 0x0000, 0x0000, 0x0000, 0x0000, 0x0000, 0x0000, 0x0000, 0x0000, 0x0000, 0x0000, 0x0000,
  0x0000, 0x0000, 0x0000, 0x0000, 0x0000, 0x0000, 0x0000, 0x0000, 0x0000, 0x0000, 0x0000, 0x0000,
  0x0000, 0x0000, 0x0000, 0x0000, 0x0000, 0x0000, 0x0000, 0x0000, 0x0000, 0x0000, 0x0000, 0x0000,
  0x0000, 0x0000, 0x0000, 0x0000, 0x0000, 0x0000, 0x0000, 0x0000, 0x0000, 0x0000, 0x0000, 0x0000,
  0x0000, 0x0000, 0x0000, 0x0000, 0x0000, 0x0000, 0x0000, 0x0000, 0x0000, 0x0000, 0x0000, 0x0000,
  0x0000, 0x0000, 0x0000, 0x0000, 0x0000, 0x0000, 0x0000, 0x0000, 0x0000, 0x0000, 0x0000, 0x0000,
  0x0000, 0x0000, 0x0000, 0x0000, 0x0000, 0x0000, 0x0000, 0x0000, 0x0000, 0x0000, 0x0000, 0x0000,
  0x0000, 0x0000, 0x0000, 0x0000, 0x0000, 0x0000, 0x0000, 0x0000, 0x0000, 0x0000, 0x0000, 0x0000,
  0x0000, 0x0000, 0x0000, 0x0000, 0x0000, 0x0000, 0x0000, 0x0000, 0x0000, 0x0000, 0x0000, 0x0000,
  0x0000, 0x0000, 0x0000, 0x0000, 0x0000, 0x0000, 0x0000, 0x0000, 0x0000, 0x0000, 0x0000, 0x0000,
  0x0000, 0x0000, 0x0000, 0x0000, 0x0000, 0x0000, 0x0000, 0x0000, 0x0000, 0x0000, 0x0000, 0x0000,
  0x0000, 0x0000, 0x0000, 0x0000, 0x0000, 0x0000, 0x0000, 0x0000, 0x0000, 0x0000, 0x0000, 0x0000,
  0x0000, 0x0000, 0x0000, 0x0000, 0x0000, 0x0000, 0x0000, 0x0000, 0x0000, 0x0000, 0x0000, 0x0000,
  0x0000, 0x0000, 0x0000, 0x0000, 0x0000, 0x0000, 0x0000, 0x0000, 0x0000, 0x0000, 0x0000, 0x0000,
  0x0000, 0x0000, 0x0000, 0x0000, 0x0000, 0x0000, 0x0000, 0x0000, 0x0000, 0x0000, 0x0000, 0x0000,
  0x0000, 0x0000, 0x0000, 0x0000, 0x0000, 0x0000, 0x0000, 0x0000, 0x0000, 0x0000, 0x0000, 0x0000,
  0x0000, 0x0000, 0x0000, 0x0000, 0x0000, 0x0000, 0x0000, 0x0000, 0x0000, 0x0000, 0x0000, 0x0000,
  0x0000, 0x0000, 0x0000, 0x0000, 0x0000, 0x0000, 0x0000, 0x0000, 0x0000, 0x0000, 0x0000, 0x0000,
  0x0000, 0x0000, 0x0000, 0x0000, 0x0000, 0x0000, 0x0000, 0x0000, 0x0000, 0x0000, 0x0000, 0x0000,
  0x0000, 0x0000, 0x0000, 0x0000, 0x0000, 0x0000, 0x0000, 0x0000, 0x0000, 0x0000, 0x0000, 0x0000,
  0x0000, 0x0000, 0x0000, 0x0000, 0x0000, 0x0000, 0x0000, 0x0000, 0x0000, 0x0000, 0x0000, 0x0000,
  0x0000, 0x0000, 0x0000, 0x0000, 0x0000, 0x0000, 0x0000, 0x0000, 0x0000, 0x0000, 0x0000, 0x0000,
  0x0000, 0x0000, 0x0000, 0x0000, 0x0000, 0x0000, 0x0000, 0x0000, 0x0000, 0x0000, 0x0000, 0x0000,
  0x0000, 0x0000, 0x0000, 0x0000, 0x0000, 0x0000, 0x0000, 0x0000, 0x0000, 0x0000, 0x0000, 0x0000,
  0x0000, 0x0000, 0x0000, 0x0000, 0x0000, 0x0000, 0x0000, 0x0000, 0x0000, 0x0000, 0x0000, 0x0000,
  0x0000, 0x0000, 0x0000, 0x0000, 0x0000, 0x0000, 0x0000, 0x0000, 0x0000, 0x0000, 0x0000, 0x0000,
  0x0000, 0x0000, 0x0000, 0x0000, 0x0000, 0x0000, 0x0000, 0x0000, 0x0000, 0x0000, 0x0000, 0x0000,
  0x0000, 0x0000, 0x0000, 0x0000, 0x0000, 0x0000, 0x0000, 0x0000, 0x0000, 0x0000, 0x0000, 0x0000,
  0x0000, 0x0000, 0x0000, 0x0000, 0x0000, 0x0000, 0x0000, 0x0000, 0x0000, 0x0000, 0x0000, 0x0000,
  0x0000, 0x0000, 0x0000, 0x0000, 0x0000, 0x0000, 0x0000, 0x0000, 0x0000, 0x0000, 0x0000, 0x0000,
  0x0000, 0x0000, 0x0000, 0x0000, 0x0000, 0x0000, 0x0000, 0x0000, 0x0000, 0x0000, 0x0000, 0x0000,
  0x0000, 0x0000, 0x0000, 0x0000, 0x0000, 0x0000, 0x0000, 0x0000, 0x0000, 0x0000, 0x0000, 0x0000,
  0x0000, 0x0000, 0x0000, 0x0000, 0x0000, 0x0000, 0x0000, 0x0000, 0x0000, 0x0000, 0x0000, 0x0000,
  0x0000, 0x0000, 0x0000, 0x0000, 0x0000, 0x0000, 0x0000, 0x0000, 0x0000, 0x0000, 0x0000, 0x0000,
  0x0000, 0x0000, 0x0000, 0x0000, 0x0000, 0x0000, 0x0000, 0x0000, 0x0000, 0x0000, 0x0000, 0x0000,
  0x0000, 0x0000, 0x0000, 0x0000, 0x0000, 0x0000, 0x0000, 0x0000, 0x0000, 0x0000, 0x0000, 0x0000,
  0x0000, 0x0000, 0x0000, 0x0000, 0x0000, 0x0000, 0x0000, 0x0000, 0x0000, 0x0000, 0x0000, 0x0000,
  0x0000, 0x0000, 0x0000, 0x0000, 0x0000, 0x0000, 0x0000, 0x0000, 0x0000, 0x0000, 0x0000, 0x0000,
  0x0000, 0x0000, 0x0000, 0x0000, 0x0000, 0x0000, 0x0000, 0x0000, 0x0000, 0x0000, 0x0000, 0x0000,
  0x0000, 0x0000, 0x0000, 0x0000, 0x0000, 0x0000, 0x0000, 0x0000, 0x0000, 0x0000, 0x0000, 0x0000,
  0x0000, 0x0000, 0x0000, 0x0000, 0x0000, 0x0000, 0x0000, 0x0000, 0x0000, 0x0000, 0x0000, 0x0000,
  0x0000, 0x0000, 0x0000, 0x0000, 0x0000, 0x0000, 0x0000, 0x0000, 0x0000, 0x0000, 0x0000, 0x0000,
  0x0000, 0x0000, 0x0000, 0x0000, 0x0000, 0x0000, 0x0000, 0x0000, 0x0000, 0x0000, 0x0000, 0x0000,
  0x0000, 0x0000, 0x0000, 0x0000, 0x0000, 0x0000, 0x0000, 0x0000, 0x0000, 0x0000, 0x0000, 0x0000,
  0x0000, 0x0000, 0x0000, 0x0000, 0x0000, 0x0000, 0x0000, 0x0000, 0x0000, 0x0000, 0x0000, 0x0000,
  0x0000, 0x0000, 0x0000, 0x0000, 0x0000, 0x0000, 0x0000, 0x0000, 0x0000, 0x0000, 0x0000, 0x0000,
  0x0000, 0x0000, 0x0000, 0x0000, 0x0000, 0x0000, 0x0000, 0x0000, 0x0000, 0x0000, 0x0000, 0x0000,
  0x0000, 0x0000, 0x0000, 0x0000, 0x0000, 0x0000, 0x0000, 0x0000, 0x0000, 0x0000, 0x0000, 0x0000,
  0x0000, 0x0000, 0x0000, 0x0000, 0x0000, 0x0000, 0x0000, 0x0000, 0x0000, 0x0000, 0x0000, 0x0000,
  0x0000, 0x0000, 0x0000, 0x0000, 0x0000, 0x0000, 0x0000, 0x0000, 0x0000, 0x0000, 0x0000, 0x0000,
  0x0000, 0x0000, 0x0000, 0x0000, 0x0000, 0x0000, 0x0000, 0x0000, 0x0000, 0x0000, 0x0000, 0x0000,
  0x0000, 0x0000, 0x0000, 0x0000, 0x0000, 0x0000, 0x0000, 0x0000, 0x0000, 0x0000, 0x0000, 0x0000,
  0x0000, 0x0000, 0x0000, 0x0000, 0x0000, 0x0000, 0x0000, 0x0000, 0x0000, 0x0000, 0x0000, 0x0000,
  0x0000, 0x0000, 0x0000, 0x0000, 0x0000, 0x0000, 0x0000, 0x0000, 0x0000, 0x0000, 0x0000, 0x0000,
  0x0000, 0x0000, 0x0000, 0x0000, 0x0000, 0x0000, 0x0000, 0x0000, 0x0000, 0x0000, 0x0000, 0x0000,
  0x0000, 0x0000, 0x0000, 0x0000, 0x0000, 0x0000, 0x0000, 0x0000, 0x0000, 0x0000, 0x0000, 0x0000,
  0x0000, 0x0000, 0x0000, 0x0000, 0x0000, 0x0000, 0x0000, 0x0000, 0x0000, 0x0000, 0x0000, 0x0000,
  0x0000, 0x0000, 0x0000, 0x0000, 0x0000, 0x0000, 0x0000, 0x0000, 0x0000, 0x0000, 0x0000, 0x0000,
  0x0000, 0x0000, 0x0000, 0x0000, 0x0000, 0x0000, 0x0000, 0x0000, 0x0000, 0x0000, 0x0000, 0x0000,
  0x0000, 0x0000, 0x0000, 0x0000, 0x0000, 0x0000, 0x0000, 0x0000, 0x0000, 0x0000, 0x0000, 0x0000,
  0x0000, 0x0000, 0x0000, 0x0000, 0x0000, 0x0000, 0x0000, 0x0000, 0x0000, 0x0000, 0x0000, 0x0000,
  0x0000, 0x0000, 0x0000, 0x0000, 0x0000, 0x0000, 0x0000, 0x0000, 0x0000, 0x0000, 0x0000, 0x0000,
  0x0000, 0x0000, 0x0000, 0x0000, 0x0000, 0x0000, 0x0000, 0x0000, 0x0000, 0x0000, 0x0000, 0x0000,
  0x0000, 0x0000, 0x0000, 0x0000, 0x0000, 0x0000, 0x0000, 0x0000, 0x0000, 0x0000, 0x0000, 0x0000,
  0x0000, 0x0000, 0x0000, 0x0000, 0x0000, 0x0000, 0x0000, 0x0000, 0x0000, 0x0000, 0x0000, 0x0000,
  0x0000, 0x0000, 0x0000, 0x0000, 0x0000, 0x0000, 0x0000, 0x0000, 0x0000, 0x0000, 0x0000, 0x0000,
  0x0000, 0x0000, 0x0000, 0x0000, 0x0000, 0x0000, 0x0000, 0x0000, 0x0000, 0x0000, 0x0000, 0x0000,
  0x0000, 0x0000, 0x0000, 0x0000, 0x0000, 0x0000, 0x0000, 0x0000, 0x0000, 0x0000, 0x0000, 0x0000,
  0x0000, 0x0000, 0x0000, 0x0000, 0x0000, 0x0000, 0x0000, 0x0000, 0x0000, 0x0000, 0x0000, 0x0000,
  0x0000, 0x0000, 0x0000, 0x0000, 0x0000, 0x0000, 0x0000, 0x0000, 0x0000, 0x0000, 0x0000, 0x0000,
  0x0000, 0x0000, 0x0000, 0x0000, 0x0000, 0x0000, 0x0000, 0x0000, 0x0000, 0x0000, 0x0000, 0x0000,
  0x0000, 0x0000, 0x0000, 0x0000, 0x0000, 0x0000, 0x0000, 0x0000, 0x0000, 0x0000, 0x0000, 0x0000,
  0x0000, 0x0000, 0x0000, 0x0000, 0x0000, 0x0000, 0x0000, 0x0000, 0x0000, 0x0000, 0x0000, 0x0000,
  0x0000, 0x0000, 0x0000, 0x0000, 0x0000, 0x0000, 0x0000, 0x0000, 0x0000, 0x0000, 0x0000, 0x0000,
  0x0000, 0x0000, 0x0000, 0x0000, 0x0000, 0x0000, 0x0000, 0x0000, 0x0000, 0x0000, 0x0000, 0x0000,
  0x0000, 0x0000, 0x0000, 0x0000, 0x0000, 0x0000, 0x0000, 0x0000, 0x0000, 0x0000, 0x0000, 0x0000,
  0x0000, 0x0000, 0x0000, 0x0000, 0x0000, 0x0000, 0x0000, 0x0000, 0x0000, 0x0000, 0x0000, 0x0000,
  0x0000, 0x0000, 0x0000, 0x0000, 0x0000, 0x0000, 0x0000, 0x0000, 0x0000, 0x0000, 0x0000, 0x0000,
  0x0000, 0x0000, 0x0000, 0x0000, 0x0000, 0x0000, 0x0000, 0x0000, 0x0000, 0x0000, 0x0000, 0x0000,
  0x0000, 0x0000, 0x0000, 0x0000, 0x0000, 0x0000, 0x0000, 0x0000, 0x0000, 0x0000, 0x0000, 0x0000,
  0x0000, 0x0000, 0x0000, 0x0000, 0x0000, 0x0000, 0x0000, 0x0000, 0x0000, 0x0000, 0x0000, 0x0000,
  0x0000, 0x0000, 0x0000, 0x0000, 0x0000, 0x0000, 0x0000, 0x0000, 0x0000, 0x0000, 0x0000, 0x0000,
  0x0000, 0x0000, 0x0000, 0x0000, 0x0000, 0x0000, 0x0000, 0x0000, 0x0000, 0x0000, 0x0000, 0x0000,
  0x0000, 0x0000, 0x0000, 0x0000, 0x0000, 0x0000, 0x0000, 0x0000, 0x0000, 0x0000, 0x0000, 0x0000,
  0x0000, 0x0000, 0x0000, 0x0000, 0x0000, 0x0000, 0x0000, 0x0000, 0x0000, 0x0000, 0x0000, 0x0000,
  0x0000, 0x0000, 0x0000, 0x0000, 0x0000, 0x0000, 0x0000, 0x0000, 0x0000, 0x0000, 0x0000, 0x0000,
  0x0000, 0x0000, 0x0000, 0x0000, 0x0000, 0x0000, 0x0000, 0x0000, 0x0000, 0x0000, 0x0000, 0x0000,
  0x0000, 0x0000, 0x0000, 0x0000, 0x0000, 0x0000, 0x0000, 0x0000, 0x0000, 0x0000, 0x0000, 0x0000,
  0x0000, 0x0000, 0x0000, 0x0000, 0x0000, 0x0000, 0x0000, 0x0000, 0x0000, 0x0000, 0x0000, 0x0000,
  0x0000, 0x0000, 0x0000, 0x0000, 0x0000, 0x0000, 0x0000, 0x0000, 0x0000, 0x0000, 0x0000, 0x0000,
  0x0000, 0x0000, 0x0000, 0x0000, 0x0000, 0x0000, 0x0000, 0x0000, 0x0000, 0x0000, 0x0000, 0x0000,
  0x0000, 0x0000, 0x0000, 0x0000, 0x0000, 0x0000, 0x0000, 0x0000, 0x0000, 0x0000, 0x0000, 0x0000,
  0x0000, 0x0000, 0x0000, 0x0000, 0x0000, 0x0000, 0x0000, 0x0000, 0x0000, 0x0000, 0x0000, 0x0000,
  0x0000, 0x0000, 0x0000, 0x0000, 0x0000, 0x0000, 0x0000, 0x0000, 0x0000, 0x0000, 0x0000, 0x0000,
  0x0000, 0x0000, 0x0000, 0x0000, 0x0000, 0x0000, 0x0000, 0x0000, 0x0000, 0x0000, 0x0000, 0x0000,
  0x0000, 0x0000, 0x0000, 0x0000, 0x0000, 0x0000, 0x0000, 0x0000, 0x0000, 0x0000, 0x0000, 0x0000,
  0x0000, 0x0000, 0x0000, 0x0000, 0x0000, 0x0000, 0x0000, 0x0000, 0x0000, 0x0000, 0x0000, 0x0000,
  0x0000, 0x0000, 0x0000, 0x0000, 0x0000, 0x0000, 0x0000, 0x0000, 0x0000, 0x0000, 0x0000, 0x0000,
  0x0000, 0x0000, 0x0000, 0x0000, 0x0000, 0x0000, 0x0000, 0x0000, 0x0000, 0x0000, 0x0000, 0x0000,
  0x0000, 0x0000, 0x0000, 0x0000, 0x0000, 0x0000, 0x0000, 0x0000, 0x0000, 0x0000, 0x0000, 0x0000,
  0x0000, 0x0000, 0x0000, 0x0000, 0x0000, 0x0000, 0x0000, 0x0000, 0x0000, 0x0000, 0x0000, 0x0000,
  0x0000, 0x0000, 0x0000, 0x0000, 0x0000, 0x0000, 0x0000, 0x0000, 0x0000, 0x0000, 0x0000, 0x0000,
  0x0000, 0x0000, 0x0000, 0x0000, 0x0000, 0x0000, 0x0000, 0x0000, 0x0000, 0x0000, 0x0000, 0x0000,
  0x0000, 0x0000, 0x0000, 0x0000, 0x0000, 0x0000, 0x0000, 0x0000, 0x0000, 0x0000, 0x0000, 0x0000,
  0x0000, 0x0000, 0x0000, 0x0000, 0x0000, 0x0000, 0x0000, 0x0000, 0x0000, 0x0000, 0x0000, 0x0000,
  0x0000, 0x0000, 0x0000, 0x0000, 0x0000, 0x0000, 0x0000, 0x0000, 0x0000, 0x0000, 0x0000, 0x0000,
  0x0000, 0x0000, 0x0000, 0x0000, 0x0000, 0x0000, 0x0000, 0x0000, 0x0000, 0x0000, 0x0000, 0x0000,
  0x0000, 0x0000, 0x0000, 0x0000, 0x0000, 0x0000, 0x0000, 0x0000, 0x0000, 0x0000, 0x0000, 0x0000,
  0x0000, 0x0000, 0x0000, 0x0000, 0x0000, 0x0000, 0x0000, 0x0000, 0x0000, 0x0000, 0x0000, 0x0000,
  0x0000, 0x0000, 0x0000, 0x0000, 0x0000, 0x0000, 0x0000, 0x0000, 0x0000, 0x0000, 0x0000, 0x0000,
  0x0000, 0x0000, 0x0000, 0x0000, 0x0000, 0x0000, 0x0000, 0x0000, 0x0000, 0x0000, 0x0000, 0x0000,
  0x0000, 0x0000, 0x0000, 0x0000, 0x0000, 0x0000, 0x0000, 0x0000, 0x0000, 0x0000, 0x0000, 0x0000,
  0x0000, 0x0000, 0x0000, 0x0000, 0x0000, 0x0000, 0x0000, 0x0000, 0x0000, 0x0000, 0x0000, 0x0000,
  0x0000, 0x0000, 0x0000, 0x0000, 0x0000, 0x0000, 0x0000, 0x0000, 0x0000, 0x0000, 0x0000, 0x0000,
  0x0000, 0x0000, 0x0000, 0x0000, 0x0000, 0x0000, 0x0000, 0x0000, 0x0000, 0x0000, 0x0000, 0x0000,
  0x0000, 0x0000, 0x0000, 0x0000, 0x0000, 0x0000, 0x0000, 0x0000, 0x0000, 0x0000, 0x0000, 0x0000,
  0x0000, 0x0000, 0x0000, 0x0000, 0x0000, 0x0000, 0x0000, 0x0000, 0x0000, 0x0000, 0x0000, 0x0000,
  0x0000, 0x0000, 0x0000, 0x0000, 0x0000, 0x0000, 0x0000, 0x0000, 0x0000, 0x0000, 0x0000, 0x0000,
  0x0000, 0x0000, 0x0000, 0x0000, 0x0000, 0x0000, 0x0000, 0x0000, 0x0000, 0x0000, 0x0000, 0x0000,
  0x0000, 0x0000, 0x0000, 0x0000, 0x0000, 0x0000, 0x0000, 0x0000, 0x0000, 0x0000, 0x0000, 0x0000,
  0x0000, 0x0000, 0x0000, 0x0000, 0x0000, 0x0000, 0x0000, 0x0000, 0x0000, 0x0000, 0x0000, 0x0000,
  0x0000, 0x0000, 0x0000, 0x0000, 0x0000, 0x0000, 0x0000, 0x0000, 0x0000, 0x0000, 0x0000, 0x0000,
  0x0000, 0x0000, 0x0000, 0x0000, 0x0000, 0x0000, 0x0000, 0x0000, 0x0000, 0x0000, 0x0000, 0x0000,
  0x0000, 0x0000, 0x0000, 0x0000, 0x0000, 0x0000, 0x0000, 0x0000, 0x0000, 0x0000, 0x0000, 0x0000,
  0x0000, 0x0000, 0x0000, 0x0000, 0x0000, 0x0000, 0x0000, 0x0000, 0x0000, 0x0000, 0x0000, 0x0000,
  0x0000, 0x0000, 0x0000, 0x0000, 0x0000, 0x0000, 0x0000, 0x0000, 0x0000, 0x0000, 0x0000, 0x0000,
  0x0000, 0x0000, 0x0000, 0x0000, 0x0000, 0x0000, 0x0000, 0x0000, 0x0000, 0x0000, 0x0000, 0x0000,
  0x0000, 0x0000, 0x0000, 0x0000, 0x0000, 0x0000, 0x0000, 0x0000, 0x0000, 0x0000, 0x0000, 0x0000,
  0x0000, 0x0000, 0x0000, 0x0000, 0x0000, 0x0000, 0x0000, 0x0000, 0x0000, 0x0000, 0x0000, 0x0000,
  0x0000, 0x0000, 0x0000, 0x0000, 0x0000, 0x0000, 0x0000, 0x0000, 0x0000, 0x0000, 0x0000, 0x0000,
  0x0000, 0x0000, 0x0000, 0x0000, 0x0000, 0x0000, 0x0000, 0x0000, 0x0000, 0x0000, 0x0000, 0x0000,
  0x0000, 0x0000, 0x0000, 0x0000, 0x0000, 0x0000, 0x0000, 0x0000, 0x0000, 0x0000, 0x0000, 0x0000,
  0x0000, 0x0000, 0x0000, 0x0000, 0x0000, 0x0000, 0x0000, 0x0000, 0x0000, 0x0000, 0x0000, 0x0000,
  0x0000, 0x0000, 0x0000, 0x0000, 0x0000, 0x0000, 0x0000, 0x0000, 0x0000, 0x0000, 0x0000, 0x0000,
  0x0000, 0x0000, 0x0000, 0x0000, 0x0000, 0x0000, 0x0000, 0x0000, 0x0000, 0x0000, 0x0000, 0x0000,
  0x0000, 0x0000, 0x0000, 0x0000, 0x0000, 0x0000, 0x0000, 0x0000, 0x0000, 0x0000, 0x0000, 0x0000,
  0x0000, 0x0000, 0x0000, 0x0000, 0x0000, 0x0000, 0x0000, 0x0000, 0x0000, 0x0000, 0x0000, 0x0000,
  0x0000, 0x0000, 0x0000, 0x0000, 0x0000, 0x0000, 0x0000, 0x0000, 0x0000, 0x0000, 0x0000, 0x0000,
  0x0000, 0x0000, 0x0000, 0x0000, 0x0000, 0x0000, 0x0000, 0x0000, 0x0000, 0x0000, 0x0000, 0x0000,
  0x0000, 0x0000, 0x0000, 0x0000, 0x0000, 0x0000, 0x0000, 0x0000, 0x0000, 0x0000, 0x0000, 0x0000,
  0x0000, 0x0000, 0x0000, 0x0000, 0x0000, 0x0000, 0x0000, 0x0000, 0x0000, 0x0000, 0x0000, 0x0000,
  0x0000, 0x0000, 0x0000, 0x0000, 0x0000, 0x0000, 0x0000, 0x0000, 0x0000, 0x0000, 0x0000, 0x0000,
  0x0000, 0x0000, 0x0000, 0x0000, 0x0000, 0x0000, 0x0000, 0x0000, 0x0000, 0x0000, 0x0000, 0x0000,
  0x0000, 0x0000, 0x0000, 0x0000, 0x0000, 0x0000, 0x0000, 0x0000, 0x0000, 0x0000, 0x0000, 0x0000,
  0x0000, 0x0000, 0x0000, 0x0000, 0x0000, 0x0000, 0x0000, 0x0000, 0x0000, 0x0000, 0x0000, 0x0000,
  0x0000, 0x0000, 0x0000, 0x0000, 0x0000, 0x0000, 0x0000, 0x0000, 0x0000, 0x0000, 0x0000, 0x0000,
  0x0000, 0x0000, 0x0000, 0x0000, 0x0000, 0x0000, 0x0000, 0x0000, 0x0000, 0x0000, 0x0000, 0x0000,
  0x0000, 0x0000, 0x0000, 0x0000, 0x0000, 0x0000, 0x0000, 0x0000, 0x0000, 0x0000, 0x0000, 0x0000,
  0x0000, 0x0000, 0x0000, 0x0000, 0x0000, 0x0000, 0x0000, 0x0000, 0x0000, 0x0000, 0x0000, 0x0000,
  0x0000, 0x0000, 0x0000, 0x0000, 0x0000, 0x0000, 0x0000, 0x0000, 0x0000, 0x0000, 0x0000, 0x0000,
  0x0000, 0x0000, 0x0000, 0x0000, 0x0000, 0x0000, 0x0000, 0x0000, 0x0000, 0x0000, 0x0000, 0x0000,
  0x0000, 0x0000, 0x0000, 0x0000, 0x0000, 0x0000, 0x0000, 0x0000, 0x0000, 0x0000, 0x0000, 0x0000,
  0x0000, 0x0000, 0x0000, 0x0000, 0x0000, 0x0000, 0x0000, 0x0000, 0x0000, 0x0000, 0x0000, 0x0000,
  0x0000, 0x0000, 0x0000, 0x0000, 0x0000, 0x0000, 0x0000, 0x0000, 0x0000, 0x0000, 0x0000, 0x0000,
  0x0000, 0x0000, 0x0000, 0x0000, 0x0000, 0x0000, 0x0000, 0x0000, 0x0000, 0x0000, 0x0000, 0x0000,
  0x0000, 0x0000, 0x0000, 0x0000, 0x0000, 0x0000, 0x0000, 0x0000, 0x0000, 0x0000, 0x0000, 0x0000,
  0x0000, 0x0000, 0x0000, 0x0000, 0x0000, 0x0000, 0x0000, 0x0000, 0x0000, 0x0000, 0x0000, 0x0000,
  0x0000, 0x0000, 0x0000, 0x0000, 0x0000, 0x0000, 0x0000, 0x0000, 0x0000, 0x0000, 0x0000, 0x0000,
  0x0000, 0x0000, 0x0000, 0x0000, 0x0000, 0x0000, 0x0000, 0x0000, 0x0000, 0x0000, 0x0000, 0x0000,
  0x0000, 0x0000, 0x0000, 0x0000, 0x0000, 0x0000, 0x0000, 0x0000, 0x0000, 0x0000, 0x0000, 0x0000,
  0x0000, 0x0000, 0x0000, 0x0000, 0x0000, 0x0000, 0x0000, 0x0000, 0x0000, 0x0000, 0x0000, 0x0000,
  0x0000, 0x0000, 0x0000, 0x0000, 0x0000, 0x0000, 0x0000, 0x0000, 0x0000, 0x0000, 0x0000, 0x0000,
  0x0000, 0x0000, 0x0000, 0x0000, 0x0000, 0x0000, 0x0000, 0x0000, 0x0000, 0x0000, 0x0000, 0x0000,
  0x0000, 0x0000, 0x0000, 0x0000, 0x0000, 0x0000, 0x0000, 0x0000, 0x0000, 0x0000, 0x0000, 0x0000,
  0x0000, 0x0000, 0x0000, 0x0000, 0x0000, 0x0000, 0x0000, 0x0000, 0x0000, 0x0000, 0x0000, 0x0000,
  0x0000, 0x0000, 0x0000, 0x0000, 0x0000, 0x0000, 0x0000, 0x0000, 0x0000, 0x0000, 0x0000, 0x0000,
  0x0000, 0x0000, 0x0000, 0x0000, 0x0000, 0x0000, 0x0000, 0x0000, 0x0000, 0x0000, 0x0000, 0x0000,
  0x0000, 0x0000, 0x0000, 0x0000, 0x0000, 0x0000, 0x0000, 0x0000, 0x0000, 0x0000, 0x0000, 0x0000,
  0x0000, 0x0000, 0x0000, 0x0000, 0x0000, 0x0000, 0x0000, 0x0000, 0x0000, 0x0000, 0x0000, 0x0000,
  0x0000, 0x0000, 0x0000, 0x0000, 0x0000, 0x0000, 0x0000, 0x0000, 0x0000, 0x0000, 0x0000, 0x0000,
  0x0000, 0x0000, 0x0000, 0x0000, 0x0000, 0x0000, 0x0000, 0x0000, 0x0000, 0x0000, 0x0000, 0x0000,
  0x0000, 0x0000, 0x0000, 0x0000, 0x0000, 0x0000, 0x0000, 0x0000, 0x0000, 0x0000, 0x0000, 0x0000,
  0x0000, 0x0000, 0x0000, 0x0000, 0x0000, 0x0000, 0x0000, 0x0000, 0x0000, 0x0000, 0x0000, 0x0000,
  0x0000, 0x0000, 0x0000, 0x0000, 0x0000, 0x0000, 0x0000, 0x0000, 0x0000, 0x0000, 0x0000, 0x0000,
  0x0000, 0x0000, 0x0000, 0x0000, 0x0000, 0x0000, 0x0000, 0x0000, 0x0000, 0x0000, 0x0000, 0x0000,
  0x0000, 0x0000, 0x0000, 0x0000, 0x0000, 0x0000, 0x0000, 0x0000, 0x0000, 0x0000, 0x0000, 0x0000,
  0x0000, 0x0000, 0x0000, 0x0000, 0x0000, 0x0000, 0x0000, 0x0000, 0x0000, 0x0000, 0x0000, 0x0000,
  0x0000, 0x0000, 0x0000, 0x0000, 0x0000, 0x0000, 0x0000, 0x0000, 0x0000, 0x0000, 0x0000, 0x0000,
  0x0000, 0x0000, 0x0000, 0x0000, 0x0000, 0x0000, 0x0000, 0x0000, 0x0000, 0x0000, 0x0000, 0x0000,
  0x0000, 0x0000, 0x0000, 0x0000, 0x0000, 0x0000, 0x0000, 0x0000, 0x0000, 0x0000, 0x0000, 0x0000,
  0x0000, 0x0000, 0x0000, 0x0000, 0x0000, 0x0000, 0x0000, 0x0000, 0x0000, 0x0000, 0x0000, 0x0000,
  0x0000, 0x0000, 0x0000, 0x0000, 0x0000, 0x0000, 0x0000, 0x0000, 0x0000, 0x0000, 0x0000, 0x0000,
  0x0000, 0x0000, 0x0000, 0x0000, 0x0000, 0x0000, 0x0000, 0x0000, 0x0000, 0x0000, 0x0000, 0x0000,
  0x0000, 0x0000, 0x0000, 0x0000, 0x0000, 0x0000, 0x0000, 0x0000, 0x0000, 0x0000, 0x0000, 0x0000,
  0x0000, 0x0000, 0x0000, 0x0000, 0x0000, 0x0000, 0x0000, 0x0000, 0x0000, 0x0000, 0x0000, 0x0000,
  0x0000, 0x0000, 0x0000, 0x0000, 0x0000, 0x0000, 0x0000, 0x0000, 0x0000, 0x0000, 0x0000, 0x0000,
  0x0000, 0x0000, 0x0000, 0x0000, 0x0000, 0x0000, 0x0000, 0x0000, 0x0000, 0x0000, 0x0000, 0x0000,
  0x0000, 0x0000, 0x0000, 0x0000, 0x0000, 0x0000, 0x0000, 0x0000, 0x0000, 0x0000, 0x0000, 0x0000,
  0x0000, 0x0000, 0x0000, 0x0000, 0x0000, 0x0000, 0x0000, 0x0000, 0x0000, 0x0000, 0x0000, 0x0000,
  0x0000, 0x0000, 0x0000, 0x0000, 0x0000, 0x0000, 0x0000, 0x0000, 0x0000, 0x0000, 0x0000, 0x0000,
  0x0000, 0x0000, 0x0000, 0x0000, 0x0000, 0x0000, 0x0000, 0x0000, 0x0000, 0x0000, 0x0000, 0x0000,
  0x0000, 0x0000, 0x0000, 0x0000, 0x0000, 0x0000, 0x0000, 0x0000, 0x0000, 0x0000, 0x0000, 0x0000,
  0x0000, 0x0000, 0x0000, 0x0000, 0x0000, 0x0000, 0x0000, 0x0000, 0x0000, 0x0000, 0x0000, 0x0000,
  0x0000, 0x0000, 0x0000, 0x0000, 0x0000, 0x0000, 0x0000, 0x0000, 0x0000, 0x0000, 0x0000, 0x0000,
  0x0000, 0x0000, 0x0000, 0x0000, 0x0000, 0x0000, 0x0000, 0x0000, 0x0000, 0x0000, 0x0000, 0x0000,
  0x0000, 0x0000, 0x0000, 0x0000, 0x0000, 0x0000, 0x0000, 0x0000, 0x0000, 0x0000, 0x0000, 0x0000,
  0x0000, 0x0000, 0x0000, 0x0000, 0x0000, 0x0000, 0x0000, 0x0000, 0x0000, 0x0000, 0x0000, 0x0000,
  0x0000, 0x0000, 0x0000, 0x0000, 0x0000, 0x0000, 0x0000, 0x0000, 0x0000, 0x0000, 0x0000, 0x0000,
  0x0000, 0x0000, 0x0000, 0x0000, 0x0000, 0x0000, 0x0000, 0x0000, 0x0000, 0x0000, 0x0000, 0x0000,
  0x0000, 0x0000, 0x0000, 0x0000, 0x0000, 0x0000, 0x0000, 0x0000, 0x0000, 0x0000, 0x0000, 0x0000,
  0x0000, 0x0000, 0x0000, 0x0000, 0x0000, 0x0000, 0x0000, 0x0000, 0x0000, 0x0000, 0x0000, 0x0000,
  0x0000, 0x0000, 0x0000, 0x0000, 0x0000, 0x0000, 0x0000, 0x0000, 0x0000, 0x0000, 0x0000, 0x0000,
  0x0000, 0x0000, 0x0000, 0x0000, 0x0000, 0x0000, 0x0000, 0x0000, 0x0000, 0x0000, 0x0000, 0x0000,
  0x0000, 0x0000, 0x0000, 0x0000, 0x0000, 0x0000, 0x0000, 0x0000, 0x0000, 0x0000, 0x0000, 0x0000,
  0x0000, 0x0000, 0x0000, 0x0000, 0x0000, 0x0000, 0x0000, 0x0000, 0x0000, 0x0000, 0x0000, 0x0000,
  0x0000, 0x0000, 0x0000, 0x0000, 0x0000, 0x0000, 0x0000, 0x0000, 0x0000, 0x0000, 0x0000, 0x0000,
  0x0000, 0x0000, 0x0000, 0x0000, 0x0000, 0x0000, 0x0000, 0x0000, 0x0000, 0x0000, 0x0000, 0x0000,
  0x0000, 0x0000, 0x0000, 0x0000, 0x0000, 0x0000, 0x0000, 0x0000, 0x0000, 0x0000, 0x0000, 0x0000,
  0x0000, 0x0000, 0x0000, 0x0000, 0x0000, 0x0000, 0x0000, 0x0000, 0x0000, 0x0000, 0x0000, 0x0000,
  0x0000, 0x0000, 0x0000, 0x0000, 0x0000, 0x0000, 0x0000, 0x0000, 0x0000, 0x0000, 0x0000, 0x0000,
  0x0000, 0x0000, 0x0000, 0x0000, 0x0000, 0x0000, 0x0000, 0x0000, 0x0000, 0x0000, 0x0000, 0x0000,
  0x0000, 0x0000, 0x0000, 0x0000, 0x0000, 0x0000, 0x0000, 0x0000, 0x0000, 0x0000, 0x0000, 0x0000,
  0x0000, 0x0000, 0x0000, 0x0000, 0x0000, 0x0000, 0x0000, 0x0000, 0x0000, 0x0000, 0x0000, 0x0000,
  0x0000, 0x0000, 0x0000, 0x0000, 0x0000, 0x0000, 0x0000, 0x0000, 0x0000, 0x0000, 0x0000, 0x0000,
  0x0000, 0x0000, 0x0000, 0x0000, 0x0000, 0x0000, 0x0000, 0x0000, 0x0000, 0x0000, 0x0000, 0x0000,
  0x0000, 0x0000, 0x0000, 0x0000, 0x0000, 0x0000, 0x0000, 0x0000, 0x0000, 0x0000, 0x0000, 0x0000,
  0x0000, 0x0000, 0x0000, 0x0000, 0x0000, 0x0000, 0x0000, 0x0000, 0x0000, 0x0000, 0x0000, 0x0000,
  0x0000, 0x0000, 0x0000, 0x0000, 0x0000, 0x0000, 0x0000, 0x0000, 0x0000, 0x0000, 0x0000, 0x0000,
  0x0000, 0x0000, 0x0000, 0x0000, 0x0000, 0x0000, 0x0000, 0x0000, 0x0000, 0x0000, 0x0000, 0x0000,
  0x0000, 0x0000, 0x0000, 0x0000, 0x0000, 0x0000, 0x0000, 0x0000, 0x0000, 0x0000, 0x0000, 0x0000,
  0x0000, 0x0000, 0x0000, 0x0000, 0x0000, 0x0000, 0x0000, 0x0000, 0x0000, 0x0000, 0x0000, 0x0000,
  0x0000, 0x0000, 0x0000, 0x0000, 0x0000, 0x0000, 0x0000, 0x0000, 0x0000, 0x0000, 0x0000, 0x0000,
  0x0000, 0x0000, 0x0000, 0x0000, 0x0000, 0x0000, 0x0000, 0x0000, 0x0000, 0x0000, 0x0000, 0x0000,
  0x0000, 0x0000, 0x0000, 0x0000, 0x0000, 0x0000, 0x0000, 0x0000, 0x0000, 0x0000, 0x0000, 0x0000,
  0x0000, 0x0000, 0x0000, 0x0000, 0x0000, 0x0000, 0x0000, 0x0000, 0x0000, 0x0000, 0x0000, 0x0000,
  0x0000, 0x0000, 0x0000, 0x0000, 0x0000, 0x0000, 0x0000, 0x0000, 0x0000, 0x0000, 0x0000, 0x0000,
  0x0000, 0x0000, 0x0000, 0x0000, 0x0000, 0x0000, 0x0000, 0x0000, 0x0000, 0x0000, 0x0000, 0x0000,
  0x0000, 0x0000, 0x0000, 0x0000, 0x0000, 0x0000, 0x0000, 0x0000, 0x0000, 0x0000, 0x0000, 0x0000,
  0x0000, 0x0000, 0x0000, 0x0000, 0x0000, 0x0000, 0x0000, 0x0000, 0x0000, 0x0000, 0x0000, 0x0000,
  0x0000, 0x0000, 0x0000, 0x0000, 0x0000, 0x0000, 0x0000, 0x0000, 0x0000, 0x0000, 0x0000, 0x0000,
  0x0000, 0x0000, 0x0000, 0x0000, 0x0000, 0x0000, 0x0000, 0x0000, 0x0000, 0x0000, 0x0000, 0x0000,
  0x0000, 0x0000, 0x0000, 0x0000, 0x0000, 0x0000, 0x0000, 0x0000, 0x0000, 0x0000, 0x0000, 0x0000,
  0x0000, 0x0000, 0x0000, 0x0000, 0x0000, 0x0000, 0x0000, 0x0000, 0x0000, 0x0000, 0x0000, 0x0000,
  0x0000, 0x0000, 0x0000, 0x0000, 0x0000, 0x0000, 0x0000, 0x0000, 0x0000, 0x0000, 0x0000, 0x0000,
  0x0000, 0x0000, 0x0000, 0x0000, 0x0000, 0x0000, 0x0000, 0x0000, 0x0000, 0x0000, 0x0000, 0x0000,
  0x0000, 0x0000, 0x0000, 0x0000, 0x0000, 0x0000, 0x0000, 0x0000, 0x0000, 0x0000, 0x0000, 0x0000,
  0x0000, 0x0000, 0x0000, 0x0000, 0x0000, 0x0000, 0x0000, 0x0000, 0x0000, 0x0000, 0x0000, 0x0000,
  0x0000, 0x0000, 0x0000, 0x0000, 0x0000, 0x0000, 0x0000, 0x0000, 0x0000, 0x0000, 0x0000, 0x0000,
  0x0000, 0x0000, 0x0000, 0x0000, 0x0000, 0x0000, 0x0000, 0x0000, 0x0000, 0x0000, 0x0000, 0x0000,
  0x0000, 0x0000, 0x0000, 0x0000, 0x0000, 0x0000, 0x0000, 0x0000, 0x0000, 0x0000, 0x0000, 0x0000,
  0x0000, 0x0000, 0x0000, 0x0000, 0x0000, 0x0000, 0x0000, 0x0000, 0x0000, 0x0000, 0x0000, 0x0000,
  0x0000, 0x0000, 0x0000, 0x0000, 0x0000, 0x0000, 0x0000, 0x0000, 0x0000, 0x0000, 0x0000, 0x0000,
  0x0000, 0x0000, 0x0000, 0x0000, 0x0000, 0x0000, 0x0000, 0x0000, 0x0000, 0x0000, 0x0000, 0x0000,
  0x0000, 0x0000, 0x0000, 0x0000, 0x0000, 0x0000, 0x0000, 0x0000, 0x0000, 0x0000, 0x0000, 0x0000,
  0x0000, 0x0000, 0x0000, 0x0000, 0x0000, 0x0000, 0x0000, 0x0000, 0x0000, 0x0000, 0x0000, 0x0000,
  0x0000, 0x0000, 0x0000, 0x0000, 0x0000, 0x0000, 0x0000, 0x0000, 0x0000, 0x0000, 0x0000, 0x0000,
  0x0000, 0x0000, 0x0000, 0x0000, 0x0000, 0x0000, 0x0000, 0x0000, 0x0000, 0x0000, 0x0000, 0x0000,
  0x0000, 0x0000, 0x0000, 0x0000, 0x0000, 0x0000, 0x0000, 0x0000, 0x0000, 0x0000, 0x0000, 0x0000,
  0x0000, 0x0000, 0x0000, 0x0000, 0x0000, 0x0000, 0x0000, 0x0000, 0x0000, 0x0000, 0x0000, 0x0000,
  0x0000, 0x0000, 0x0000, 0x0000, 0x0000, 0x0000, 0x0000, 0x0000, 0x0000, 0x0000, 0x0000, 0x0000,
  0x0000, 0x0000, 0x0000, 0x0000, 0x0000, 0x0000, 0x0000, 0x0000, 0x0000, 0x0000, 0x0000, 0x0000,
  0x0000, 0x0000, 0x0000, 0x0000, 0x0000, 0x0000, 0x0000, 0x0000, 0x0000, 0x0000, 0x0000, 0x0000,
  0x0000, 0x0000, 0x0000, 0x0000, 0x0000, 0x0000, 0x0000, 0x0000, 0x0000, 0x0000, 0x0000, 0x0000,
  0x0000, 0x0000, 0x0000, 0x0000, 0x0000, 0x0000, 0x0000, 0x0000, 0x0000, 0x0000, 0x0000, 0x0000,
  0x0000, 0x0000, 0x0000, 0x0000, 0x0000, 0x0000, 0x0000, 0x0000, 0x0000, 0x0000, 0x0000, 0x0000,
  0x0000, 0x0000, 0x0000, 0x0000, 0x0000, 0x0000, 0x0000, 0x0000, 0x0000, 0x0000, 0x0000, 0x0000,
  0x0000, 0x0000, 0x0000, 0x0000, 0x0000, 0x0000, 0x0000, 0x0000, 0x0000, 0x0000, 0x0000, 0x0000,
  0x0000, 0x0000, 0x0000, 0x0000, 0x0000, 0x0000, 0x0000, 0x0000, 0x0000, 0x0000, 0x0000, 0x0000,
  0x0000, 0x0000, 0x0000, 0x0000, 0x0000, 0x0000, 0x0000, 0x0000, 0x0000, 0x0000, 0x0000, 0x0000,
  0x0000, 0x0000, 0x0000, 0x0000, 0x0000, 0x0000, 0x0000, 0x0000, 0x0000, 0x0000, 0x0000, 0x0000,
  0x0000, 0x0000, 0x0000, 0x0000, 0x0000, 0x0000, 0x0000, 0x0000, 0x0000, 0x0000, 0x0000, 0x0000,
  0x0000, 0x0000, 0x0000, 0x0000, 0x0000, 0x0000, 0x0000, 0x0000, 0x0000, 0x0000, 0x0000, 0x0000,
  0x0000, 0x0000, 0x0000, 0x0000, 0x0000, 0x0000, 0x0000, 0x0000, 0x0000, 0x0000, 0x0000, 0x0000,
  0x0000, 0x0000, 0x0000, 0x0000, 0x0000, 0x0000, 0x0000, 0x0000, 0x0000, 0x0000, 0x0000, 0x0000,
  0x0000, 0x0000, 0x0000, 0x0000, 0x0000, 0x0000, 0x0000, 0x0000, 0x0000, 0x0000, 0x0000, 0x0000,
  0x0000, 0x0000, 0x0000, 0x0000, 0x0000, 0x0000, 0x0000, 0x0000, 0x0000, 0x0000, 0x0000, 0x0000,
  0x0000, 0x0000, 0x0000, 0x0000, 0x0000, 0x0000, 0x0000, 0x0000, 0x0000, 0x0000, 0x0000, 0x0000,
  0x0000, 0x0000, 0x0000, 0x0000, 0x0000, 0x0000, 0x0000, 0x0000, 0x0000, 0x0000, 0x0000, 0x0000,
  0x0000, 0x0000, 0x0000, 0x0000, 0x0000, 0x0000, 0x0000, 0x0000, 0x0000, 0x0000, 0x0000, 0x0000,
  0x0000, 0x0000, 0x0000, 0x0000, 0x0000, 0x0000, 0x0000, 0x0000, 0x0000, 0x0000, 0x0000, 0x0000,
  0x0000, 0x0000, 0x0000, 0x0000, 0x0000, 0x0000, 0x0000, 0x0000, 0x0000, 0x0000, 0x0000, 0x0000,
  0x0000, 0x0000, 0x0000, 0x0000, 0x0000, 0x0000, 0x0000, 0x0000, 0x0000, 0x0000, 0x0000, 0x0000,
  0x0000, 0x0000, 0x0000, 0x0000, 0x0000, 0x0000, 0x0000, 0x0000, 0x0000, 0x0000, 0x0000, 0x0000,
  0x0000, 0x0000, 0x0000, 0x0000, 0x0000, 0x0000, 0x0000, 0x0000, 0x0000, 0x0000, 0x0000, 0x0000,
  0x0000, 0x0000, 0x0000, 0x0000, 0x0000, 0x0000, 0x0000, 0x0000, 0x0000, 0x0000, 0x0000, 0x0000,
  0x0000, 0x0000, 0x0000, 0x0000, 0x0000, 0x0000, 0x0000, 0x0000, 0x0000, 0x0000, 0x0000, 0x0000,
  0x0000, 0x0000, 0x0000, 0x0000, 0x0000, 0x0000, 0x0000, 0x0000, 0x0000, 0x0000, 0x0000, 0x0000,
  0x0000, 0x0000, 0x0000, 0x0000, 0x0000, 0x0000, 0x0000, 0x0000, 0x0000, 0x0000, 0x0000, 0x0000,
  0x0000, 0x0000, 0x0000, 0x0000, 0x0000, 0x0000, 0x0000, 0x0000, 0x0000, 0x0000, 0x0000, 0x0000,
  0x0000, 0x0000, 0x0000, 0x0000, 0x0000, 0x0000, 0x0000, 0x0000, 0x0000, 0x0000, 0x0000, 0x0000,
  0x0000, 0x0000, 0x0000, 0x0000, 0x0000, 0x0000, 0x0000, 0x0000, 0x0000, 0x0000, 0x0000, 0x0000,
  0x0000, 0x0000, 0x0000, 0x0000, 0x0000, 0x0000, 0x0000, 0x0000, 0x0000, 0x0000, 0x0000, 0x0000,
  0x0000, 0x0000, 0x0000, 0x0000, 0x0000, 0x0000, 0x0000, 0x0000, 0x0000, 0x0000, 0x0000, 0x0000,
  0x0000, 0x0000, 0x0000, 0x0000, 0x0000, 0x0000, 0x0000, 0x0000, 0x0000, 0x0000, 0x0000, 0x0000,
  0x0000, 0x0000, 0x0000, 0x0000, 0x0000, 0x0000, 0x0000, 0x0000, 0x0000, 0x0000, 0x0000, 0x0000,
  0x0000, 0x0000, 0x0000, 0x0000, 0x0000, 0x0000, 0x0000, 0x0000, 0x0000, 0x0000, 0x0000, 0x0000,
  0x0000, 0x0000, 0x0000, 0x0000, 0x0000, 0x0000, 0x0000, 0x0000, 0x0000, 0x0000, 0x0000, 0x0000,
  0x0000, 0x0000, 0x0000, 0x0000, 0x0000, 0x0000, 0x0000, 0x0000, 0x0000, 0x0000, 0x0000, 0x0000,
  0x0000, 0x0000, 0x0000, 0x0000, 0x0000, 0x0000, 0x0000, 0x0000, 0x0000, 0x0000, 0x0000, 0x0000,
  0x0000, 0x0000, 0x0000, 0x0000, 0x0000, 0x0000, 0x0000, 0x0000, 0x0000, 0x0000, 0x0000, 0x0000,
  0x0000, 0x0000, 0x0000, 0x0000, 0x0000, 0x0000, 0x0000, 0x0000, 0x0000, 0x0000, 0x0000, 0x0000,
  0x0000, 0x0000, 0x0000, 0x0000, 0x0000, 0x0000, 0x0000, 0x0000, 0x0000, 0x0000, 0x0000, 0x0000,
  0x0000, 0x0000, 0x0000, 0x0000, 0x0000, 0x0000, 0x0000, 0x0000, 0x0000, 0x0000, 0x0000, 0x0000,
  0x0000, 0x0000, 0x0000, 0x0000, 0x0000, 0x0000, 0x0000, 0x0000, 0x0000, 0x0000, 0x0000, 0x0000,
  0x0000, 0x0000, 0x0000, 0x0000, 0x0000, 0x0000, 0x0000, 0x0000, 0x0000, 0x0000, 0x0000, 0x0000,
  0x0000, 0x0000, 0x0000, 0x0000, 0x0000, 0x0000, 0x0000, 0x0000, 0x0000, 0x0000, 0x0000, 0x0000,
  0x0000, 0x0000, 0x0000, 0x0000, 0x0000, 0x0000, 0x0000, 0x0000, 0x0000, 0x0000, 0x0000, 0x0000,
  0x0000, 0x0000, 0x0000, 0x0000, 0x0000, 0x0000, 0x0000, 0x0000, 0x0000, 0x0000, 0x0000, 0x0000,
  0x0000, 0x0000, 0x0000, 0x0000, 0x0000, 0x0000, 0x0000, 0x0000, 0x0000, 0x0000, 0x0000, 0x0000,
  0x0000, 0x0000, 0x0000, 0x0000, 0x0000, 0x0000, 0x0000, 0x0000, 0x0000, 0x0000, 0x0000, 0x0000,
  0x0000, 0x0000, 0x0000, 0x0000, 0x0000, 0x0000, 0x0000, 0x0000, 0x0000, 0x0000, 0x0000, 0x0000,
  0x0000, 0x0000, 0x0000, 0x0000, 0x0000, 0x0000, 0x0000, 0x0000, 0x0000, 0x0000, 0x0000, 0x0000,
  0x0000, 0x0000, 0x0000, 0x0000, 0x0000, 0x0000, 0x0000, 0x0000, 0x0000, 0x0000, 0x0000, 0x0000,
  0x0000, 0x0000, 0x0000, 0x0000, 0x0000, 0x0000, 0x0000, 0x0000, 0x0000, 0x0000, 0x0000, 0x0000,
  0x0000, 0x0000, 0x0000, 0x0000, 0x0000, 0x0000, 0x0000, 0x0000, 0x0000, 0x0000, 0x0000, 0x0000,
  0x0000, 0x0000, 0x0000, 0x0000, 0x0000, 0x0000, 0x0000, 0x0000, 0x0000, 0x0000, 0x0000, 0x0000,
  0x0000, 0x0000, 0x0000, 0x0000, 0x0000, 0x0000, 0x0000, 0x0000, 0x0000, 0x0000, 0x0000, 0x0000,
  0x0000, 0x0000, 0x0000, 0x0000, 0x0000, 0x0000, 0x0000, 0x0000, 0x0000, 0x0000, 0x0000, 0x0000,
  0x0000, 0x0000, 0x0000, 0x0000, 0x0000, 0x0000, 0x0000, 0x0000, 0x0000, 0x0000, 0x0000, 0x0000,
  0x0000, 0x0000, 0x0000, 0x0000, 0x0000, 0x0000, 0x0000, 0x0000, 0x0000, 0x0000, 0x0000, 0x0000,
  0x0000, 0x0000, 0x0000, 0x0000, 0x0000, 0x0000, 0x0000, 0x0000, 0x0000, 0x0000, 0x0000, 0x0000,
  0x0000, 0x0000, 0x0000, 0x0000, 0x0000, 0x0000, 0x0000, 0x0000, 0x0000, 0x0000, 0x0000, 0x0000,
  0x0000, 0x0000, 0x0000, 0x0000, 0x0000, 0x0000, 0x0000, 0x0000, 0x0000, 0x0000, 0x0000, 0x0000,
  0x0000, 0x0000, 0x0000, 0x0000, 0x0000, 0x0000, 0x0000, 0x0000, 0x0000, 0x0000, 0x0000, 0x0000,
  0x0000, 0x0000, 0x0000, 0x0000, 0x0000, 0x0000, 0x0000, 0x0000, 0x0000, 0x0000, 0x0000, 0x0000,
  0x0000, 0x0000, 0x0000, 0x0000, 0x0000, 0x0000, 0x0000, 0x0000, 0x0000, 0x0000, 0x0000, 0x0000,
  0x0000, 0x0000, 0x0000, 0x0000, 0x0000, 0x0000, 0x0000, 0x0000, 0x0000, 0x0000, 0x0000, 0x0000,
  0x0000, 0x0000, 0x0000, 0x0000, 0x0000, 0x0000, 0x0000, 0x0000, 0x0000, 0x0000, 0x0000, 0x0000,
  0x0000, 0x0000, 0x0000, 0x0000, 0x0000, 0x0000, 0x0000, 0x0000, 0x0000, 0x0000, 0x0000, 0x0000,
  0x0000, 0x0000, 0x0000, 0x0000, 0x0000, 0x0000, 0x0000, 0x0000, 0x0000, 0x0000, 0x0000, 0x0000,
  0x0000, 0x0000, 0x0000, 0x0000, 0x0000, 0x0000, 0x0000, 0x0000, 0x0000, 0x0000, 0x0000, 0x0000,
  0x0000, 0x0000, 0x0000, 0x0000, 0x0000, 0x0000, 0x0000, 0x0000, 0x0000, 0x0000, 0x0000, 0x0000,
  0x0000, 0x0000, 0x0000, 0x0000, 0x0000, 0x0000, 0x0000, 0x0000, 0x0000, 0x0000, 0x0000, 0x0000,
  0x0000, 0x0000, 0x0000, 0x0000, 0x0000, 0x0000, 0x0000, 0x0000, 0x0000, 0x0000, 0x0000, 0x0000,
  0x0000, 0x0000, 0x0000, 0x0000, 0x0000, 0x0000, 0x0000, 0x0000, 0x0000, 0x0000, 0x0000, 0x0000,
  0x0000, 0x0000, 0x0000, 0x0000, 0x0000, 0x0000, 0x0000, 0x0000, 0x0000, 0x0000, 0x0000, 0x0000,
  0x0000, 0x0000, 0x0000, 0x0000, 0x0000, 0x0000, 0x0000, 0x0000, 0x0000, 0x0000, 0x0000, 0x0000,
  0x0000, 0x0000, 0x0000, 0x0000, 0x0000, 0x0000, 0x0000, 0x0000, 0x0000, 0x0000, 0x0000, 0x0000,
  0x0000, 0x0000, 0x0000, 0x0000, 0x0000, 0x0000, 0x0000, 0x0000, 0x0000, 0x0000, 0x0000, 0x0000,
  0x0000, 0x0000, 0x0000, 0x0000, 0x0000, 0x0000, 0x0000, 0x0000, 0x0000, 0x0000, 0x0000, 0x0000,
  0x0000, 0x0000, 0x0000, 0x0000, 0x0000, 0x0000, 0x0000, 0x0000, 0x0000, 0x0000, 0x0000, 0x0000,
  0x0000, 0x0000, 0x0000, 0x0000, 0x0000, 0x0000, 0x0000, 0x0000, 0x0000, 0x0000, 0x0000, 0x0000,
  0x0000, 0x0000, 0x0000, 0x0000, 0x0000, 0x0000, 0x0000, 0x0000, 0x0000, 0x0000, 0x0000, 0x0000,
  0x0000, 0x0000, 0x0000, 0x0000, 0x0000, 0x0000, 0x0000, 0x0000, 0x0000, 0x0000, 0x0000, 0x0000,
  0x0000, 0x0000, 0x0000, 0x0000, 0x0000, 0x0000, 0x0000, 0x0000, 0x0000, 0x0000, 0x0000, 0x0000,
  0x0000, 0x0000, 0x0000, 0x0000, 0x0000, 0x0000, 0x0000, 0x0000, 0x0000, 0x0000, 0x0000, 0x0000,
  0x0000, 0x0000, 0x0000, 0x0000, 0x0000, 0x0000, 0x0000, 0x0000, 0x0000, 0x0000, 0x0000, 0x0000,
  0x0000, 0x0000, 0x0000, 0x0000, 0x0000, 0x0000, 0x0000, 0x0000, 0x0000, 0x0000, 0x0000, 0x0000,
  0x0000, 0x0000, 0x0000, 0x0000, 0x0000, 0x0000, 0x0000, 0x0000, 0x0000, 0x0000, 0x0000, 0x0000,
  0x0000, 0x0000, 0x0000, 0x0000, 0x0000, 0x0000, 0x0000, 0x0000, 0x0000, 0x0000, 0x0000, 0x0000,
  0x0000, 0x0000, 0x0000, 0x0000, 0x0000, 0x0000, 0x0000, 0x0000, 0x0000, 0x0000, 0x0000, 0x0000,
  0x0000, 0x0000, 0x0000, 0x0000, 0x0000, 0x0000, 0x0000, 0x0000, 0x0000, 0x0000, 0x0000, 0x0000,
  0x0000, 0x0000, 0x0000, 0x0000, 0x0000, 0x0000, 0x0000, 0x0000, 0x0000, 0x0000, 0x0000, 0x0000,
  0x0000, 0x0000, 0x0000, 0x0000, 0x0000, 0x0000, 0x0000, 0x0000, 0x0000, 0x0000, 0x0000, 0x0000,
  0x0000, 0x0000, 0x0000, 0x0000, 0x0000, 0x0000, 0x0000, 0x0000, 0x0000, 0x0000, 0x0000, 0x0000,
  0x0000, 0x0000, 0x0000, 0x0000, 0x0000, 0x0000, 0x0000, 0x0000, 0x0000, 0x0000, 0x0000, 0x0000,
  0x0000, 0x0000, 0x0000, 0x0000, 0x0000, 0x0000, 0x0000, 0x0000, 0x0000, 0x0000, 0x0000, 0x0000,
  0x0000, 0x0000, 0x0000, 0x0000, 0x0000, 0x0000, 0x0000, 0x0000, 0x0000, 0x0000, 0x0000, 0x0000,
  0x0000, 0x0000, 0x0000, 0x0000, 0x0000, 0x0000, 0x0000, 0x0000, 0x0000, 0x0000, 0x0000, 0x0000,
  0x0000, 0x0000, 0x0000, 0x0000, 0x0000, 0x0000, 0x0000, 0x0000, 0x0000, 0x0000, 0x0000, 0x0000,
  0x0000, 0x0000, 0x0000, 0x0000, 0x0000, 0x0000, 0x0000, 0x0000, 0x0000, 0x0000, 0x0000, 0x0000,
  0x0000, 0x0000, 0x0000, 0x0000, 0x0000, 0x0000, 0x0000, 0x0000, 0x0000, 0x0000, 0x0000, 0x0000,
  0x0000, 0x0000, 0x0000, 0x0000, 0x0000, 0x0000, 0x0000, 0x0000, 0x0000, 0x0000, 0x0000, 0x0000,
  0x0000, 0x0000, 0x0000, 0x0000, 0x0000, 0x0000, 0x0000, 0x0000, 0x0000, 0x0000, 0x0000, 0x0000,
  0x0000, 0x0000, 0x0000, 0x0000, 0x0000, 0x0000, 0x0000, 0x0000, 0x0000, 0x0000, 0x0000, 0x0000,
  0x0000, 0x0000, 0x0000, 0x0000, 0x0000, 0x0000, 0x0000, 0x0000, 0x0000, 0x0000, 0x0000, 0x0000,
  0x0000, 0x0000, 0x0000, 0x0000, 0x0000, 0x0000, 0x0000, 0x0000, 0x0000, 0x0000, 0x0000, 0x0000,
  0x0000, 0x0000, 0x0000, 0x0000, 0x0000, 0x0000, 0x0000, 0x0000, 0x0000, 0x0000, 0x0000, 0x0000,
  0x0000, 0x0000, 0x0000, 0x0000, 0x0000, 0x0000, 0x0000, 0x0000, 0x0000, 0x0000, 0x0000, 0x0000,
  0x0000, 0x0000, 0x0000, 0x0000, 0x0000, 0x0000, 0x0000, 0x0000, 0x0000, 0x0000, 0x0000, 0x0000,
  0x0000, 0x0000, 0x0000, 0x0000, 0x0000, 0x0000, 0x0000, 0x0000, 0x0000, 0x0000, 0x0000, 0x0000,
  0x0000, 0x0000, 0x0000, 0x0000, 0x0000, 0x0000, 0x0000, 0x0000, 0x0000, 0x0000, 0x0000, 0x0000,
  0x0000, 0x0000, 0x0000, 0x0000, 0x0000, 0x0000, 0x0000, 0x0000, 0x0000, 0x0000, 0x0000, 0x0000,
  0x0000, 0x0000, 0x0000, 0x0000, 0x0000, 0x0000, 0x0000, 0x0000, 0x0000, 0x0000, 0x0000, 0x0000,
  0x0000, 0x0000, 0x0000, 0x0000, 0x0000, 0x0000, 0x0000, 0x0000, 0x0000, 0x0000, 0x0000, 0x0000,
  0x0000, 0x0000, 0x0000, 0x0000, 0x0000, 0x0000, 0x0000, 0x0000, 0x0000, 0x0000, 0x0000, 0x0000,
  0x0000, 0x0000, 0x0000, 0x0000, 0x0000, 0x0000, 0x0000, 0x0000, 0x0000, 0x0000, 0x0000, 0x0000,
  0x0000, 0x0000, 0x0000, 0x0000, 0x0000, 0x0000, 0x0000, 0x0000, 0x0000, 0x0000, 0x0000, 0x0000,
  0x0000, 0x0000, 0x0000, 0x0000, 0x0000, 0x0000, 0x0000, 0x0000, 0x0000, 0x0000, 0x0000, 0x0000,
  0x0000, 0x0000, 0x0000, 0x0000, 0x0000, 0x0000, 0x0000, 0x0000, 0x0000, 0x0000, 0x0000, 0x0000,
  0x0000, 0x0000, 0x0000, 0x0000, 0x0000, 0x0000, 0x0000, 0x0000, 0x0000, 0x0000, 0x0000, 0x0000,
  0x0000, 0x0000, 0x0000, 0x0000, 0x0000, 0x0000, 0x0000, 0x0000, 0x0000, 0x0000, 0x0000, 0x0000,
  0x0000, 0x0000, 0x0000, 0x0000, 0x0000, 0x0000, 0x0000, 0x0000, 0x0000, 0x0000, 0x0000, 0x0000,
  0x0000, 0x0000, 0x0000, 0x0000, 0x0000, 0x0000, 0x0000, 0x0000, 0x0000, 0x0000, 0x0000, 0x0000,
  0x0000, 0x0000, 0x0000, 0x0000, 0x0000, 0x0000, 0x0000, 0x0000, 0x0000, 0x0000, 0x0000, 0x0000,
  0x0000, 0x0000, 0x0000, 0x0000, 0x0000, 0x0000, 0x0000, 0x0000, 0x0000, 0x0000, 0x0000, 0x0000,
  0x0000, 0x0000, 0x0000, 0x0000, 0x0000, 0x0000, 0x0000, 0x0000, 0x0000, 0x0000, 0x0000, 0x0000,
  0x0000, 0x0000, 0x0000, 0x0000, 0x0000, 0x0000, 0x0000, 0x0000, 0x0000, 0x0000, 0x0000, 0x0000,
  0x0000, 0x0000, 0x0000, 0x0000, 0x0000, 0x0000, 0x0000, 0x0000, 0x0000, 0x0000, 0x0000, 0x0000,
  0x0000, 0x0000, 0x0000, 0x0000, 0x0000, 0x0000, 0x0000, 0x0000, 0x0000, 0x0000, 0x0000, 0x0000,
  0x0000, 0x0000, 0x0000, 0x0000, 0x0000, 0x0000, 0x0000, 0x0000, 0x0000, 0x0000, 0x0000, 0x0000,
  0x0000, 0x0000, 0x0000, 0x0000, 0x0000, 0x0000, 0x0000, 0x0000, 0x0000, 0x0000, 0x0000, 0x0000,
  0x0000, 0x0000, 0x0000, 0x0000, 0x0000, 0x0000, 0x0000, 0x0000, 0x0000, 0x0000, 0x0000, 0x0000,
  0x0000, 0x0000, 0x0000, 0x0000, 0x0000, 0x0000, 0x0000, 0x0000, 0x0000, 0x0000, 0x0000, 0x0000,
  0x0000, 0x0000, 0x0000, 0x0000, 0x0000, 0x0000, 0x0000, 0x0000, 0x0000, 0x0000, 0x0000, 0x0000,
  0x0000, 0x0000, 0x0000, 0x0000, 0x0000, 0x0000, 0x0000, 0x0000, 0x0000, 0x0000, 0x0000, 0x0000,
  0x0000, 0x0000, 0x0000, 0x0000, 0x0000, 0x0000, 0x0000, 0x0000, 0x0000, 0x0000, 0x0000, 0x0000,
  0x0000, 0x0000, 0x0000, 0x0000, 0x0000, 0x0000, 0x0000, 0x0000, 0x0000, 0x0000, 0x0000, 0x0000,
  0x0000, 0x0000, 0x0000, 0x0000, 0x0000, 0x0000, 0x0000, 0x0000, 0x0000, 0x0000, 0x0000, 0x0000,
  0x0000, 0x0000, 0x0000, 0x0000, 0x0000, 0x0000, 0x0000, 0x0000, 0x0000, 0x0000, 0x0000, 0x0000,
  0x0000, 0x0000, 0x0000, 0x0000, 0x0000, 0x0000, 0x0000, 0x0000, 0x0000, 0x0000, 0x0000, 0x0000,
  0x0000, 0x0000, 0x0000, 0x0000, 0x0000, 0x0000, 0x0000, 0x0000, 0x0000, 0x0000, 0x0000, 0x0000,
  0x0000, 0x0000, 0x0000, 0x0000, 0x0000, 0x0000, 0x0000, 0x0000, 0x0000, 0x0000, 0x0000, 0x0000,
  0x0000, 0x0000, 0x0000, 0x0000, 0x0000, 0x0000, 0x0000, 0x0000, 0x0000, 0x0000, 0x0000, 0x0000,
  0x0000, 0x0000, 0x0000, 0x0000, 0x0000, 0x0000, 0x0000, 0x0000, 0x0000, 0x0000, 0x0000, 0x0000,
  0x0000, 0x0000, 0x0000, 0x0000, 0x0000, 0x0000, 0x0000, 0x0000, 0x0000, 0x0000, 0x0000, 0x0000,
  0x0000, 0x0000, 0x0000, 0x0000, 0x0000, 0x0000, 0x0000, 0x0000, 0x0000, 0x0000, 0x0000, 0x0000,
  0x0000, 0x0000, 0x0000, 0x0000, 0x0000, 0x0000, 0x0000, 0x0000, 0x0000, 0x0000, 0x0000, 0x0000,
  0x0000, 0x0000, 0x0000, 0x0000, 0x0000, 0x0000, 0x0000, 0x0000, 0x0000, 0x0000, 0x0000, 0x0000,
  0x0000, 0x0000, 0x0000, 0x0000, 0x0000, 0x0000, 0x0000, 0x0000, 0x0000, 0x0000, 0x0000, 0x0000,
  0x0000, 0x0000, 0x0000, 0x0000, 0x0000, 0x0000, 0x0000, 0x0000, 0x0000, 0x0000, 0x0000, 0x0000,
  0x0000, 0x0000, 0x0000, 0x0000, 0x0000, 0x0000, 0x0000, 0x0000, 0x0000, 0x0000, 0x0000, 0x0000,
  0x0000, 0x0000, 0x0000, 0x0000, 0x0000, 0x0000, 0x0000, 0x0000, 0x0000, 0x0000, 0x0000, 0x0000,
  0x0000, 0x0000, 0x0000, 0x0000, 0x0000, 0x0000, 0x0000, 0x0000, 0x0000, 0x0000, 0x0000, 0x0000,
  0x0000, 0x0000, 0x0000, 0x0000, 0x0000, 0x0000, 0x0000, 0x0000, 0x0000, 0x0000, 0x0000, 0x0000,
  0x0000, 0x0000, 0x0000, 0x0000, 0x0000, 0x0000, 0x0000, 0x0000, 0x0000, 0x0000, 0x0000, 0x0000,
  0x0000, 0x0000, 0x0000, 0x0000, 0x0000, 0x0000, 0x0000, 0x0000, 0x0000, 0x0000, 0x0000, 0x0000,
  0x0000, 0x0000, 0x0000, 0x0000, 0x0000, 0x0000, 0x0000, 0x0000, 0x0000, 0x0000, 0x0000, 0x0000,
  0x0000, 0x0000, 0x0000, 0x0000, 0x0000, 0x0000, 0x0000, 0x0000, 0x0000, 0x0000, 0x0000, 0x0000,
  0x0000, 0x0000, 0x0000, 0x0000, 0x0000, 0x0000, 0x0000, 0x0000, 0x0000, 0x0000, 0x0000, 0x0000,
  0x0000, 0x0000, 0x0000, 0x0000, 0x0000, 0x0000, 0x0000, 0x0000, 0x0000, 0x0000, 0x0000, 0x0000,
  0x0000, 0x0000, 0x0000, 0x0000, 0x0000, 0x0000, 0x0000, 0x0000, 0x0000, 0x0000, 0x0000, 0x0000,
  0x0000, 0x0000, 0x0000, 0x0000, 0x0000, 0x0000, 0x0000, 0x0000, 0x0000, 0x0000, 0x0000, 0x0000,
  0x0000, 0x0000, 0x0000, 0x0000, 0x0000, 0x0000, 0x0000, 0x0000, 0x0000, 0x0000, 0x0000, 0x0000,
  0x0000, 0x0000, 0x0000, 0x0000, 0x0000, 0x0000, 0x0000, 0x0000, 0x0000, 0x0000, 0x0000, 0x0000,
  0x0000, 0x0000, 0x0000, 0x0000, 0x0000, 0x0000, 0x0000, 0x0000, 0x0000, 0x0000, 0x0000, 0x0000,
  0x0000, 0x0000, 0x0000, 0x0000, 0x0000, 0x0000, 0x0000, 0x0000, 0x0000, 0x0000, 0x0000, 0x0000,
  0x0000, 0x0000, 0x0000, 0x0000, 0x0000, 0x0000, 0x0000, 0x0000, 0x0000, 0x0000, 0x0000, 0x0000,
  0x0000, 0x0000, 0x0000, 0x0000, 0x0000, 0x0000, 0x0000, 0x0000, 0x0000, 0x0000, 0x0000, 0x0000,
  0x0000, 0x0000, 0x0000, 0x0000, 0x0000, 0x0000, 0x0000, 0x0000, 0x0000, 0x0000, 0x0000, 0x0000,
  0x0000, 0x0000, 0x0000, 0x0000, 0x0000, 0x0000, 0x0000, 0x0000, 0x0000, 0x0000, 0x0000, 0x0000,
  0x0000, 0x0000, 0x0000, 0x0000, 0x0000, 0x0000, 0x0000, 0x0000, 0x0000, 0x0000, 0x0000, 0x0000,
  0x0000, 0x0000, 0x0000, 0x0000, 0x0000, 0x0000, 0x0000, 0x0000, 0x0000, 0x0000, 0x0000, 0x0000,
  0x0000, 0x0000, 0x0000, 0x0000, 0x0000, 0x0000, 0x0000, 0x0000, 0x0000, 0x0000, 0x0000, 0x0000,
  0x0000, 0x0000, 0x0000, 0x0000, 0x0000, 0x0000, 0x0000, 0x0000, 0x0000, 0x0000, 0x0000, 0x0000,
  0x0000, 0x0000, 0x0000, 0x0000, 0x0000, 0x0000, 0x0000, 0x0000, 0x0000, 0x0000, 0x0000, 0x0000,
  0x0000, 0x0000, 0x0000, 0x0000, 0x0000, 0x0000, 0x0000, 0x0000, 0x0000, 0x0000, 0x0000, 0x0000,
  0x0000, 0x0000, 0x0000, 0x0000, 0x0000, 0x0000, 0x0000, 0x0000, 0x0000, 0x0000, 0x0000, 0x0000,
  0x0000, 0x0000, 0x0000, 0x0000, 0x0000, 0x0000, 0x0000, 0x0000, 0x0000, 0x0000, 0x0000, 0x0000,
  0x0000, 0x0000, 0x0000, 0x0000, 0x0000, 0x0000, 0x0000, 0x0000, 0x0000, 0x0000, 0x0000, 0x0000,
  0x0000, 0x0000, 0x0000, 0x0000, 0x0000, 0x0000, 0x0000, 0x0000, 0x0000, 0x0000, 0x0000, 0x0000,
  0x0000, 0x0000, 0x0000, 0x0000, 0x0000, 0x0000, 0x0000, 0x0000, 0x0000, 0x0000, 0x0000, 0x0000,
  0x0000, 0x0000, 0x0000, 0x0000, 0x0000, 0x0000, 0x0000, 0x0000, 0x0000, 0x0000, 0x0000, 0x0000,
  0x0000, 0x0000, 0x0000, 0x0000, 0x0000, 0x0000, 0x0000, 0x0000, 0x0000, 0x0000, 0x0000, 0x0000,
  0x0000, 0x0000, 0x0000, 0x0000, 0x0000, 0x0000, 0x0000, 0x0000, 0x0000, 0x0000, 0x0000, 0x0000,
  0x0000, 0x0000, 0x0000, 0x0000, 0x0000, 0x0000, 0x0000, 0x0000, 0x0000, 0x0000, 0x0000, 0x0000,
  0x0000, 0x0000, 0x0000, 0x0000, 0x0000, 0x0000, 0x0000, 0x0000, 0x0000, 0x0000, 0x0000, 0x0000,
  0x0000, 0x0000, 0x0000, 0x0000, 0x0000, 0x0000, 0x0000, 0x0000, 0x0000, 0x0000, 0x0000, 0x0000,
  0x0000, 0x0000, 0x0000, 0x0000, 0x0000, 0x0000, 0x0000, 0x0000, 0x0000, 0x0000, 0x0000, 0x0000,
  0x0000, 0x0000, 0x0000, 0x0000, 0x0000, 0x0000, 0x0000, 0x0000, 0x0000, 0x0000, 0x0000, 0x0000,
  0x0000, 0x0000, 0x0000, 0x0000, 0x0000, 0x0000, 0x0000, 0x0000, 0x0000, 0x0000, 0x0000, 0x0000,
  0x0000, 0x0000, 0x0000, 0x0000, 0x0000, 0x0000, 0x0000, 0x0000, 0x0000, 0x0000, 0x0000, 0x0000,
  0x0000, 0x0000, 0x0000, 0x0000, 0x0000, 0x0000, 0x0000, 0x0000, 0x0000, 0x0000, 0x0000, 0x0000,
  0x0000, 0x0000, 0x0000, 0x0000, 0x0000, 0x0000, 0x0000, 0x0000, 0x0000, 0x0000, 0x0000, 0x0000,
  0x0000, 0x0000, 0x0000, 0x0000, 0x0000, 0x0000, 0x0000, 0x0000, 0x0000, 0x0000, 0x0000, 0x0000,
  0x0000, 0x0000, 0x0000, 0x0000, 0x0000, 0x0000, 0x0000, 0x0000, 0x0000, 0x0000, 0x0000, 0x0000,
  0x0000, 0x0000, 0x0000, 0x0000, 0x0000, 0x0000, 0x0000, 0x0000, 0x0000, 0x0000, 0x0000, 0x0000,
  0x0000, 0x0000, 0x0000, 0x0000, 0x0000, 0x0000, 0x0000, 0x0000, 0x0000, 0x0000, 0x0000, 0x0000,
  0x0000, 0x0000, 0x0000, 0x0000, 0x0000, 0x0000, 0x0000, 0x0000, 0x0000, 0x0000, 0x0000, 0x0000,
  0x0000, 0x0000, 0x0000, 0x0000, 0x0000, 0x0000, 0x0000, 0x0000, 0x0000, 0x0000, 0x0000, 0x0000,
  0x0000, 0x0000, 0x0000, 0x0000, 0x0000, 0x0000, 0x0000, 0x0000, 0x0000, 0x0000, 0x0000, 0x0000,
  0x0000, 0x0000, 0x0000, 0x0000, 0x0000, 0x0000, 0x0000, 0x0000, 0x0000, 0x0000, 0x0000, 0x0000,
  0x0000, 0x0000, 0x0000, 0x0000, 0x0000, 0x0000, 0x0000, 0x0000, 0x0000, 0x0000, 0x0000, 0x0000,
  0x0000, 0x0000, 0x0000, 0x0000, 0x0000, 0x0000, 0x0000, 0x0000, 0x0000, 0x0000, 0x0000, 0x0000,
  0x0000, 0x0000, 0x0000, 0x0000, 0x0000, 0x0000, 0x0000, 0x0000, 0x0000, 0x0000, 0x0000, 0x0000,
  0x0000, 0x0000, 0x0000, 0x0000, 0x0000, 0x0000, 0x0000, 0x0000, 0x0000, 0x0000, 0x0000, 0x0000,
  0x0000, 0x0000, 0x0000, 0x0000, 0x0000, 0x0000, 0x0000, 0x0000, 0x0000, 0x0000, 0x0000, 0x0000,
  0x0000, 0x0000, 0x0000, 0x0000, 0x0000, 0x0000, 0x0000, 0x0000, 0x0000, 0x0000, 0x0000, 0x0000,
  0x0000, 0x0000, 0x0000, 0x0000, 0x0000, 0x0000, 0x0000, 0x0000, 0x0000, 0x0000, 0x0000, 0x0000,
  0x0000, 0x0000, 0x0000, 0x0000, 0x0000, 0x0000, 0x0000, 0x0000, 0x0000, 0x0000, 0x0000, 0x0000,
  0x0000, 0x0000, 0x0000, 0x0000, 0x0000, 0x0000, 0x0000, 0x0000, 0x0000, 0x0000, 0x0000, 0x0000,
  0x0000, 0x0000, 0x0000, 0x0000, 0x0000, 0x0000, 0x0000, 0x0000, 0x0000, 0x0000, 0x0000, 0x0000,
  0x0000, 0x0000, 0x0000, 0x0000, 0x0000, 0x0000, 0x0000, 0x0000, 0x0000, 0x0000, 0x0000, 0x0000,
  0x0000, 0x0000, 0x0000, 0x0000, 0x0000, 0x0000, 0x0000, 0x0000, 0x0000, 0x0000, 0x0000, 0x0000,
  0x0000, 0x0000, 0x0000, 0x0000, 0x0000, 0x0000, 0x0000, 0x0000, 0x0000, 0x0000, 0x0000, 0x0000,
  0x0000, 0x0000, 0x0000, 0x0000, 0x0000, 0x0000, 0x0000, 0x0000, 0x0000, 0x0000, 0x0000, 0x0000,
  0x0000, 0x0000, 0x0000, 0x0000, 0x0000, 0x0000, 0x0000, 0x0000, 0x0000, 0x0000, 0x0000, 0x0000,
  0x0000, 0x0000, 0x0000, 0x0000, 0x0000, 0x0000, 0x0000, 0x0000, 0x0000, 0x0000, 0x0000, 0x0000,
  0x0000, 0x0000, 0x0000, 0x0000, 0x0000, 0x0000, 0x0000, 0x0000, 0x0000, 0x0000, 0x0000, 0x0000,
  0x0000, 0x0000, 0x0000, 0x0000, 0x0000, 0x0000, 0x0000, 0x0000, 0x0000, 0x0000, 0x0000, 0x0000,
  0x0000, 0x0000, 0x0000, 0x0000, 0x0000, 0x0000, 0x0000, 0x0000, 0x0000, 0x0000, 0x0000, 0x0000,
  0x0000, 0x0000, 0x0000, 0x0000, 0x0000, 0x0000, 0x0000, 0x0000, 0x0000, 0x0000, 0x0000, 0x0000,
  0x0000, 0x0000, 0x0000, 0x0000, 0x0000, 0x0000, 0x0000, 0x0000, 0x0000, 0x0000, 0x0000, 0x0000,
  0x0000, 0x0000, 0x0000, 0x0000, 0x0000, 0x0000, 0x0000, 0x0000, 0x0000, 0x0000, 0x0000, 0x0000,
  0x0000, 0x0000, 0x0000, 0x0000, 0x0000, 0x0000, 0x0000, 0x0000, 0x0000, 0x0000, 0x0000, 0x0000,
  0x0000, 0x0000, 0x0000, 0x0000, 0x0000, 0x0000, 0x0000, 0x0000, 0x0000, 0x0000, 0x0000, 0x0000,
  0x0000, 0x0000, 0x0000, 0x0000, 0x0000, 0x0000, 0x0000, 0x0000, 0x0000, 0x0000, 0x0000, 0x0000,
  0x0000, 0x0000, 0x0000, 0x0000, 0x0000, 0x0000, 0x0000, 0x0000, 0x0000, 0x0000, 0x0000, 0x0000,
  0x0000, 0x0000, 0x0000, 0x0000, 0x0000, 0x0000, 0x0000, 0x0000, 0x0000, 0x0000, 0x0000, 0x0000,
  0x0000, 0x0000, 0x0000, 0x0000, 0x0000, 0x0000, 0x0000, 0x0000, 0x0000, 0x0000, 0x0000, 0x0000,
  0x0000, 0x0000, 0x0000, 0x0000, 0x0000, 0x0000, 0x0000, 0x0000, 0x0000, 0x0000, 0x0000, 0x0000,
  0x0000, 0x0000, 0x0000, 0x0000, 0x0000, 0x0000, 0x0000, 0x0000, 0x0000, 0x0000, 0x0000, 0x0000,
  0x0000, 0x0000, 0x0000, 0x0000, 0x0000, 0x0000, 0x0000, 0x0000, 0x0000, 0x0000, 0x0000, 0x0000,
  0x0000, 0x0000, 0x0000, 0x0000, 0x0000, 0x0000, 0x0000, 0x0000, 0x0000, 0x0000, 0x0000, 0x0000,
  0x0000, 0x0000, 0x0000, 0x0000, 0x0000, 0x0000, 0x0000, 0x0000, 0x0000, 0x0000, 0x0000, 0x0000,
  0x0000, 0x0000, 0x0000, 0x0000, 0x0000, 0x0000, 0x0000, 0x0000, 0x0000, 0x0000, 0x0000, 0x0000,
  0x0000, 0x0000, 0x0000, 0x0000, 0x0000, 0x0000, 0x0000, 0x0000, 0x0000, 0x0000, 0x0000, 0x0000,
  0x0000, 0x0000, 0x0000, 0x0000, 0x0000, 0x0000, 0x0000, 0x0000, 0x0000, 0x0000, 0x0000, 0x0000,
  0x0000, 0x0000, 0x0000, 0x0000, 0x0000, 0x0000, 0x0000, 0x0000, 0x0000, 0x0000, 0x0000, 0x0000,
  0x0000, 0x0000, 0x0000, 0x0000, 0x0000, 0x0000, 0x0000, 0x0000, 0x0000, 0x0000, 0x0000, 0x0000,
  0x0000, 0x0000, 0x0000, 0x0000, 0x0000, 0x0000, 0x0000, 0x0000, 0x0000, 0x0000, 0x0000, 0x0000,
  0x0000, 0x0000, 0x0000, 0x0000, 0x0000, 0x0000, 0x0000, 0x0000, 0x0000, 0x0000, 0x0000, 0x0000,
  0x0000, 0x0000, 0x0000, 0x0000, 0x0000, 0x0000, 0x0000, 0x0000, 0x0000, 0x0000, 0x0000, 0x0000,
  0x0000, 0x0000, 0x0000, 0x0000, 0x0000, 0x0000, 0x0000, 0x0000, 0x0000, 0x0000, 0x0000, 0x0000,
  0x0000, 0x0000, 0x0000, 0x0000, 0x0000, 0x0000, 0x0000, 0x0000, 0x0000, 0x0000, 0x0000, 0x0000,
  0x0000, 0x0000, 0x0000, 0x0000, 0x0000, 0x0000, 0x0000, 0x0000, 0x0000, 0x0000, 0x0000, 0x0000,
  0x0000, 0x0000, 0x0000, 0x0000, 0x0000, 0x0000, 0x0000, 0x0000, 0x0000, 0x0000, 0x0000, 0x0000,
  0x0000, 0x0000, 0x0000, 0x0000, 0x0000, 0x0000, 0x0000, 0x0000, 0x0000, 0x0000, 0x0000, 0x0000,
  0x0000, 0x0000, 0x0000, 0x0000, 0x0000, 0x0000, 0x0000, 0x0000, 0x0000, 0x0000, 0x0000, 0x0000,
  0x0000, 0x0000, 0x0000, 0x0000, 0x0000, 0x0000, 0x0000, 0x0000, 0x0000, 0x0000, 0x0000, 0x0000,
  0x0000, 0x0000, 0x0000, 0x0000, 0x0000, 0x0000, 0x0000, 0x0000, 0x0000, 0x0000, 0x0000, 0x0000,
  0x0000, 0x0000, 0x0000, 0x0000, 0x0000, 0x0000, 0x0000, 0x0000, 0x0000, 0x0000, 0x0000, 0x0000,
  0x0000, 0x0000, 0x0000, 0x0000, 0x0000, 0x0000, 0x0000, 0x0000, 0x0000, 0x0000, 0x0000, 0x0000,
  0x0000, 0x0000, 0x0000, 0x0000, 0x0000, 0x0000, 0x0000, 0x0000, 0x0000, 0x0000, 0x0000, 0x0000,
  0x0000, 0x0000, 0x0000, 0x0000, 0x0000, 0x0000, 0x0000, 0x0000, 0x0000, 0x0000, 0x0000, 0x0000,
  0x0000, 0x0000, 0x0000, 0x0000, 0x0000, 0x0000, 0x0000, 0x0000, 0x0000, 0x0000, 0x0000, 0x0000,
  0x0000, 0x0000, 0x0000, 0x0000, 0x0000, 0x0000, 0x0000, 0x0000, 0x0000, 0x0000, 0x0000, 0x0000,
  0x0000, 0x0000, 0x0000, 0x0000, 0x0000, 0x0000, 0x0000, 0x0000, 0x0000, 0x0000, 0x0000, 0x0000,
  0x0000, 0x0000, 0x0000, 0x0000, 0x0000, 0x0000, 0x0000, 0x0000, 0x0000, 0x0000, 0x0000, 0x0000,
  0x0000, 0x0000, 0x0000, 0x0000, 0x0000, 0x0000, 0x0000, 0x0000, 0x0000, 0x0000, 0x0000, 0x0000,
  0x0000, 0x0000, 0x0000, 0x0000, 0x0000, 0x0000, 0x0000, 0x0000, 0x0000, 0x0000, 0x0000, 0x0000,
  0x0000, 0x0000, 0x0000, 0x0000, 0x0000, 0x0000, 0x0000, 0x0000, 0x0000, 0x0000, 0x0000, 0x0000,
  0x0000, 0x0000, 0x0000, 0x0000, 0x0000, 0x0000, 0x0000, 0x0000, 0x0000, 0x0000, 0x0000, 0x0000,
  0x0000, 0x0000, 0x0000, 0x0000, 0x0000, 0x0000, 0x0000, 0x0000, 0x0000, 0x0000, 0x0000, 0x0000,
  0x0000, 0x0000, 0x0000, 0x0000, 0x0000, 0x0000, 0x0000, 0x0000, 0x0000, 0x0000, 0x0000, 0x0000,
  0x0000, 0x0000, 0x0000, 0x0000, 0x0000, 0x0000, 0x0000, 0x0000, 0x0000, 0x0000, 0x0000, 0x0000,
  0x0000, 0x0000, 0x0000, 0x0000, 0x0000, 0x0000, 0x0000, 0x0000, 0x0000, 0x0000, 0x0000, 0x0000,
  0x0000, 0x0000, 0x0000, 0x0000, 0x0000, 0x0000, 0x0000, 0x0000, 0x0000, 0x0000, 0x0000, 0x0000,
  0x0000, 0x0000, 0x0000, 0x0000, 0x0000, 0x0000, 0x0000, 0x0000, 0x0000, 0x0000, 0x0000, 0x0000,
  0x0000, 0x0000, 0x0000, 0x0000, 0x0000, 0x0000, 0x0000, 0x0000, 0x0000, 0x0000, 0x0000, 0x0000,
  0x0000, 0x0000, 0x0000, 0x0000, 0x0000, 0x0000, 0x0000, 0x0000, 0x0000, 0x0000, 0x0000, 0x0000,
  0x0000, 0x0000, 0x0000, 0x0000, 0x0000, 0x0000, 0x0000, 0x0000, 0x0000, 0x0000, 0x0000, 0x0000,
  0x0000, 0x0000, 0x0000, 0x0000, 0x0000, 0x0000, 0x0000, 0x0000, 0x0000, 0x0000, 0x0000, 0x0000,
  0x0000, 0x0000, 0x0000, 0x0000, 0x0000, 0x0000, 0x0000, 0x0000, 0x0000, 0x0000, 0x0000, 0x0000,
  0x0000, 0x0000, 0x0000, 0x0000, 0x0000, 0x0000, 0x0000, 0x0000, 0x0000, 0x0000, 0x0000, 0x0000,
  0x0000, 0x0000, 0x0000, 0x0000, 0x0000, 0x0000, 0x0000, 0x0000, 0x0000, 0x0000, 0x0000, 0x0000,
  0x0000, 0x0000, 0x0000, 0x0000, 0x0000, 0x0000, 0x0000, 0x0000, 0x0000, 0x0000, 0x0000, 0x0000,
  0x0000, 0x0000, 0x0000, 0x0000, 0x0000, 0x0000, 0x0000, 0x0000, 0x0000, 0x0000, 0x0000, 0x0000,
  0x0000, 0x0000, 0x0000, 0x0000, 0x0000, 0x0000, 0x0000, 0x0000, 0x0000, 0x0000, 0x0000, 0x0000,
  0x0000, 0x0000, 0x0000, 0x0000, 0x0000, 0x0000, 0x0000, 0x0000, 0x0000, 0x0000, 0x0000, 0x0000,
  0x0000, 0x0000, 0x0000, 0x0000, 0x0000, 0x0000, 0x0000, 0x0000, 0x0000, 0x0000, 0x0000, 0x0000,
  0x0000, 0x0000, 0x0000, 0x0000, 0x0000, 0x0000, 0x0000, 0x0000, 0x0000, 0x0000, 0x0000, 0x0000,
  0x0000, 0x0000, 0x0000, 0x0000, 0x0000, 0x0000, 0x0000, 0x0000, 0x0000, 0x0000, 0x0000, 0x0000,
  0x0000, 0x0000, 0x0000, 0x0000, 0x0000, 0x0000, 0x0000, 0x0000, 0x0000, 0x0000, 0x0000, 0x0000,
  0x0000, 0x0000, 0x0000, 0x0000, 0x0000, 0x0000, 0x0000, 0x0000, 0x0000, 0x0000, 0x0000, 0x0000,
  0x0000, 0x0000, 0x0000, 0x0000, 0x0000, 0x0000, 0x0000, 0x0000, 0x0000, 0x0000, 0x0000, 0x0000,
  0x0000, 0x0000, 0x0000, 0x0000, 0x0000, 0x0000, 0x0000, 0x0000, 0x0000, 0x0000, 0x0000, 0x0000,
  0x0000, 0x0000, 0x0000, 0x0000, 0x0000, 0x0000, 0x0000, 0x0000, 0x0000, 0x0000, 0x0000, 0x0000,
  0x0000, 0x0000, 0x0000, 0x0000, 0x0000, 0x0000, 0x0000, 0x0000, 0x0000, 0x0000, 0x0000, 0x0000,
  0x0000, 0x0000, 0x0000, 0x0000, 0x0000, 0x0000, 0x0000, 0x0000, 0x0000, 0x0000, 0x0000, 0x0000,
  0x0000, 0x0000, 0x0000, 0x0000, 0x0000, 0x0000, 0x0000, 0x0000, 0x0000, 0x0000, 0x0000, 0x0000,
  0x0000, 0x0000, 0x0000, 0x0000, 0x0000, 0x0000, 0x0000, 0x0000, 0x0000, 0x0000, 0x0000, 0x0000,
  0x0000, 0x0000, 0x0000, 0x0000, 0x0000, 0x0000, 0x0000, 0x0000, 0x0000, 0x0000, 0x0000, 0x0000,
  0x0000, 0x0000, 0x0000, 0x0000, 0x0000, 0x0000, 0x0000, 0x0000, 0x0000, 0x0000, 0x0000, 0x0000,
  0x0000, 0x0000, 0x0000, 0x0000, 0x0000, 0x0000, 0x0000, 0x0000, 0x0000, 0x0000, 0x0000, 0x0000,
  0x0000, 0x0000, 0x0000, 0x0000, 0x0000, 0x0000, 0x0000, 0x0000, 0x0000, 0x0000, 0x0000, 0x0000,
  0x0000, 0x0000, 0x0000, 0x0000, 0x0000, 0x0000, 0x0000, 0x0000, 0x0000, 0x0000, 0x0000, 0x0000,
  0x0000, 0x0000, 0x0000, 0x0000, 0x0000, 0x0000, 0x0000, 0x0000, 0x0000, 0x0000, 0x0000, 0x0000,
  0x0000, 0x0000, 0x0000, 0x0000, 0x0000, 0x0000, 0x0000, 0x0000, 0x0000, 0x0000, 0x0000, 0x0000,
  0x0000, 0x0000, 0x0000, 0x0000, 0x0000, 0x0000, 0x0000, 0x0000, 0x0000, 0x0000, 0x0000, 0x0000,
  0x0000, 0x0000, 0x0000, 0x0000, 0x0000, 0x0000, 0x0000, 0x0000, 0x0000, 0x0000, 0x0000, 0x0000,
  0x0000, 0x0000, 0x0000, 0x0000, 0x0000, 0x0000, 0x0000, 0x0000, 0x0000, 0x0000, 0x0000, 0x0000,
  0x0000, 0x0000, 0x0000, 0x0000, 0x0000, 0x0000, 0x0000, 0x0000, 0x0000, 0x0000, 0x0000, 0x0000,
  0x0000, 0x0000, 0x0000, 0x0000, 0x0000, 0x0000, 0x0000, 0x0000, 0x0000, 0x0000, 0x0000, 0x0000,
  0x0000, 0x0000, 0x0000, 0x0000, 0x0000, 0x0000, 0x0000, 0x0000, 0x0000, 0x0000, 0x0000, 0x0000,
  0x0000, 0x0000, 0x0000, 0x0000, 0x0000, 0x0000, 0x0000, 0x0000, 0x0000, 0x0000, 0x0000, 0x0000,
  0x0000, 0x0000, 0x0000, 0x0000, 0x0000, 0x0000, 0x0000, 0x0000, 0x0000, 0x0000, 0x0000, 0x0000,
  0x0000, 0x0000, 0x0000, 0x0000, 0x0000, 0x0000, 0x0000, 0x0000, 0x0000, 0x0000, 0x0000, 0x0000,
  0x0000, 0x0000, 0x0000, 0x0000, 0x0000, 0x0000, 0x0000, 0x0000, 0x0000, 0x0000, 0x0000, 0x0000,
  0x0000, 0x0000, 0x0000, 0x0000, 0x0000, 0x0000, 0x0000, 0x0000, 0x0000, 0x0000, 0x0000, 0x0000,
  0x0000, 0x0000, 0x0000, 0x0000, 0x0000, 0x0000, 0x0000, 0x0000, 0x0000, 0x0000, 0x0000, 0x0000,
  0x0000, 0x0000, 0x0000, 0x0000, 0x0000, 0x0000, 0x0000, 0x0000, 0x0000, 0x0000, 0x0000, 0x0000,
  0x0000, 0x0000, 0x0000, 0x0000, 0x0000, 0x0000, 0x0000, 0x0000, 0x0000, 0x0000, 0x0000, 0x0000,
  0x0000, 0x0000, 0x0000, 0x0000, 0x0000, 0x0000, 0x0000, 0x0000, 0x0000, 0x0000, 0x0000, 0x0000,
  0x0000, 0x0000, 0x0000, 0x0000, 0x0000, 0x0000, 0x0000, 0x0000, 0x0000, 0x0000, 0x0000, 0x0000,
  0x0000, 0x0000, 0x0000, 0x0000, 0x0000, 0x0000, 0x0000, 0x0000, 0x0000, 0x0000, 0x0000, 0x0000,
  0x0000, 0x0000, 0x0000, 0x0000, 0x0000, 0x0000, 0x0000, 0x0000, 0x0000, 0x0000, 0x0000, 0x0000,
  0x0000, 0x0000, 0x0000, 0x0000, 0x0000, 0x0000, 0x0000, 0x0000, 0x0000, 0x0000, 0x0000, 0x0000,
  0x0000, 0x0000, 0x0000, 0x0000, 0x0000, 0x0000, 0x0000, 0x0000, 0x0000, 0x0000, 0x0000, 0x0000,
  0x0000, 0x0000, 0x0000, 0x0000, 0x0000, 0x0000, 0x0000, 0x0000, 0x0000, 0x0000, 0x0000, 0x0000,
  0x0000, 0x0000, 0x0000, 0x0000, 0x0000, 0x0000, 0x0000, 0x0000, 0x0000, 0x0000, 0x0000, 0x0000,
  0x0000, 0x0000, 0x0000, 0x0000, 0x0000, 0x0000, 0x0000, 0x0000, 0x0000, 0x0000, 0x0000, 0x0000,
  0x0000, 0x0000, 0x0000, 0x0000, 0x0000, 0x0000, 0x0000, 0x0000, 0x0000, 0x0000, 0x0000, 0x0000,
  0x0000, 0x0000, 0x0000, 0x0000, 0x0000, 0x0000, 0x0000, 0x0000, 0x0000, 0x0000, 0x0000, 0x0000,
  0x0000, 0x0000, 0x0000, 0x0000, 0x0000, 0x0000, 0x0000, 0x0000, 0x0000, 0x0000, 0x0000, 0x0000,
  0x0000, 0x0000, 0x0000, 0x0000, 0x0000, 0x0000, 0x0000, 0x0000, 0x0000, 0x0000, 0x0000, 0x0000,
  0x0000, 0x0000, 0x0000, 0x0000, 0x0000, 0x0000, 0x0000, 0x0000, 0x0000, 0x0000, 0x0000, 0x0000,
  0x0000, 0x0000, 0x0000, 0x0000, 0x0000, 0x0000, 0x0000, 0x0000, 0x0000, 0x0000, 0x0000, 0x0000,
  0x0000, 0x0000, 0x0000, 0x0000, 0x0000, 0x0000, 0x0000, 0x0000, 0x0000, 0x0000, 0x0000, 0x0000,
  0x0000, 0x0000, 0x0000, 0x0000, 0x0000, 0x0000, 0x0000, 0x0000, 0x0000, 0x0000, 0x0000, 0x0000,
  0x0000, 0x0000, 0x0000, 0x0000, 0x0000, 0x0000, 0x0000, 0x0000, 0x0000, 0x0000, 0x0000, 0x0000,
  0x0000, 0x0000, 0x0000, 0x0000, 0x0000, 0x0000, 0x0000, 0x0000, 0x0000, 0x0000, 0x0000, 0x0000,
  0x0000, 0x0000, 0x0000, 0x0000, 0x0000, 0x0000, 0x0000, 0x0000, 0x0000, 0x0000, 0x0000, 0x0000,
  0x0000, 0x0000, 0x0000, 0x0000, 0x0000, 0x0000, 0x0000, 0x0000, 0x0000, 0x0000, 0x0000, 0x0000,
  0x0000, 0x0000, 0x0000, 0x0000, 0x0000, 0x0000, 0x0000, 0x0000, 0x0000, 0x0000, 0x0000, 0x0000,
  0x0000, 0x0000, 0x0000, 0x0000, 0x0000, 0x0000, 0x0000, 0x0000, 0x0000, 0x0000, 0x0000, 0x0000,
  0x0000, 0x0000, 0x0000, 0x0000, 0x0000, 0x0000, 0x0000, 0x0000, 0x0000, 0x0000, 0x0000, 0x0000,
  0x0000, 0x0000, 0x0000, 0x0000, 0x0000, 0x0000, 0x0000, 0x0000, 0x0000, 0x0000, 0x0000, 0x0000,
  0x0000, 0x0000, 0x0000, 0x0000, 0x0000, 0x0000, 0x0000, 0x0000, 0x0000, 0x0000, 0x0000, 0x0000,
  0x0000, 0x0000, 0x0000, 0x0000, 0x0000, 0x0000, 0x0000, 0x0000, 0x0000, 0x0000, 0x0000, 0x0000,
  0x0000, 0x0000, 0x0000, 0x0000, 0x0000, 0x0000, 0x0000, 0x0000, 0x0000, 0x0000, 0x0000, 0x0000,
  0x0000, 0x0000, 0x0000, 0x0000, 0x0000, 0x0000, 0x0000, 0x0000, 0x0000, 0x0000, 0x0000, 0x0000,
  0x0000, 0x0000, 0x0000, 0x0000, 0x0000, 0x0000, 0x0000, 0x0000, 0x0000, 0x0000, 0x0000, 0x0000,
  0x0000, 0x0000, 0x0000, 0x0000, 0x0000, 0x0000, 0x0000, 0x0000, 0x0000, 0x0000, 0x0000, 0x0000,
  0x0000, 0x0000, 0x0000, 0x0000, 0x0000, 0x0000, 0x0000, 0x0000, 0x0000, 0x0000, 0x0000, 0x0000,
  0x0000, 0x0000, 0x0000, 0x0000, 0x0000, 0x0000, 0x0000, 0x0000, 0x0000, 0x0000, 0x0000, 0x0000,
  0x0000, 0x0000, 0x0000, 0x0000, 0x0000, 0x0000, 0x0000, 0x0000, 0x0000, 0x0000, 0x0000, 0x0000,
  0x0000, 0x0000, 0x0000, 0x0000, 0x0000, 0x0000, 0x0000, 0x0000, 0x0000, 0x0000, 0x0000, 0x0000,
  0x0000, 0x0000, 0x0000, 0x0000, 0x0000, 0x0000, 0x0000, 0x0000, 0x0000, 0x0000, 0x0000, 0x0000,
  0x0000, 0x0000, 0x0000, 0x0000, 0x0000, 0x0000, 0x0000, 0x0000, 0x0000, 0x0000, 0x0000, 0x0000,
  0x0000, 0x0000, 0x0000, 0x0000, 0x0000, 0x0000, 0x0000, 0x0000, 0x0000, 0x0000, 0x0000, 0x0000,
  0x0000, 0x0000, 0x0000, 0x0000, 0x0000, 0x0000, 0x0000, 0x0000, 0x0000, 0x0000, 0x0000, 0x0000,
  0x0000, 0x0000, 0x0000, 0x0000, 0x0000, 0x0000, 0x0000, 0x0000, 0x0000, 0x0000, 0x0000, 0x0000,
  0x0000, 0x0000, 0x0000, 0x0000, 0x0000, 0x0000, 0x0000, 0x0000, 0x0000, 0x0000, 0x0000, 0x0000,
  0x0000, 0x0000, 0x0000, 0x0000, 0x0000, 0x0000, 0x0000, 0x0000, 0x0000, 0x0000, 0x0000, 0x0000,
  0x0000, 0x0000, 0x0000, 0x0000, 0x0000, 0x0000, 0x0000, 0x0000, 0x0000, 0x0000, 0x0000, 0x0000,
  0x0000, 0x0000, 0x0000, 0x0000, 0x0000, 0x0000, 0x0000, 0x0000, 0x0000, 0x0000, 0x0000, 0x0000,
  0x0000, 0x0000, 0x0000, 0x0000, 0x0000, 0x0000, 0x0000, 0x0000, 0x0000, 0x0000, 0x0000, 0x0000,
  0x0000, 0x0000, 0x0000, 0x0000, 0x0000, 0x0000, 0x0000, 0x0000, 0x0000, 0x0000, 0x0000, 0x0000,
  0x0000, 0x0000, 0x0000, 0x0000, 0x0000, 0x0000, 0x0000, 0x0000, 0x0000, 0x0000, 0x0000, 0x0000,
  0x0000, 0x0000, 0x0000, 0x0000, 0x0000, 0x0000, 0x0000, 0x0000, 0x0000, 0x0000, 0x0000, 0x0000,
  0x0000, 0x0000, 0x0000, 0x0000, 0x0000, 0x0000, 0x0000, 0x0000, 0x0000, 0x0000, 0x0000, 0x0000,
  0x0000, 0x0000, 0x0000, 0x0000, 0x0000, 0x0000, 0x0000, 0x0000, 0x0000, 0x0000, 0x0000, 0x0000,
  0x0000, 0x0000, 0x0000, 0x0000, 0x0000, 0x0000, 0x0000, 0x0000, 0x0000, 0x0000, 0x0000, 0x0000,
  0x0000, 0x0000, 0x0000, 0x0000, 0x0000, 0x0000, 0x0000, 0x0000, 0x0000, 0x0000, 0x0000, 0x0000,
  0x0000, 0x0000, 0x0000, 0x0000, 0x0000, 0x0000, 0x0000, 0x0000, 0x0000, 0x0000, 0x0000, 0x0000,
  0x0000, 0x0000, 0x0000, 0x0000, 0x0000, 0x0000, 0x0000, 0x0000, 0x0000, 0x0000, 0x0000, 0x0000,
  0x0000, 0x0000, 0x0000, 0x0000, 0x0000, 0x0000, 0x0000, 0x0000, 0x0000, 0x0000, 0x0000, 0x0000,
  0x0000, 0x0000, 0x0000, 0x0000, 0x0000, 0x0000, 0x0000, 0x0000, 0x0000, 0x0000, 0x0000, 0x0000,
  0x0000, 0x0000, 0x0000, 0x0000, 0x0000, 0x0000, 0x0000, 0x0000, 0x0000, 0x0000, 0x0000, 0x0000,
  0x0000, 0x0000, 0x0000, 0x0000, 0x0000, 0x0000, 0x0000, 0x0000, 0x0000, 0x0000, 0x0000, 0x0000,
  0x0000, 0x0000, 0x0000, 0x0000, 0x0000, 0x0000, 0x0000, 0x0000, 0x0000, 0x0000, 0x0000, 0x0000,
  0x0000, 0x0000, 0x0000, 0x0000, 0x0000, 0x0000, 0x0000, 0x0000, 0x0000, 0x0000, 0x0000, 0x0000,
  0x0000, 0x0000, 0x0000, 0x0000, 0x0000, 0x0000, 0x0000, 0x0000, 0x0000, 0x0000, 0x0000, 0x0000,
  0x0000, 0x0000, 0x0000, 0x0000, 0x0000, 0x0000, 0x0000, 0x0000, 0x0000, 0x0000, 0x0000, 0x0000,
  0x0000, 0x0000, 0x0000, 0x0000, 0x0000, 0x0000, 0x0000, 0x0000, 0x0000, 0x0000, 0x0000, 0x0000,
  0x0000, 0x0000, 0x0000, 0x0000, 0x0000, 0x0000, 0x0000, 0x0000, 0x0000, 0x0000, 0x0000, 0x0000,
  0x0000, 0x0000, 0x0000, 0x0000, 0x0000, 0x0000, 0x0000, 0x0000, 0x0000, 0x0000, 0x0000, 0x0000,
  0x0000, 0x0000, 0x0000, 0x0000, 0x0000, 0x0000, 0x0000, 0x0000, 0x0000, 0x0000, 0x0000, 0x0000,
  0x0000, 0x0000, 0x0000, 0x0000, 0x0000, 0x0000, 0x0000, 0x0000, 0x0000, 0x0000, 0x0000, 0x0000,
  0x0000, 0x0000, 0x0000, 0x0000, 0x0000, 0x0000, 0x0000, 0x0000, 0x0000, 0x0000, 0x0000, 0x0000,
  0x0000, 0x0000, 0x0000, 0x0000, 0x0000, 0x0000, 0x0000, 0x0000, 0x0000, 0x0000, 0x0000, 0x0000,
  0x0000, 0x0000, 0x0000, 0x0000, 0x0000, 0x0000, 0x0000, 0x0000, 0x0000, 0x0000, 0x0000, 0x0000,
  0x0000, 0x0000, 0x0000, 0x0000, 0x0000, 0x0000, 0x0000, 0x0000, 0x0000, 0x0000, 0x0000, 0x0000,
  0x0000, 0x0000, 0x0000, 0x0000, 0x0000, 0x0000, 0x0000, 0x0000, 0x0000, 0x0000, 0x0000, 0x0000,
  0x0000, 0x0000, 0x0000, 0x0000, 0x0000, 0x0000, 0x0000, 0x0000, 0x0000, 0x0000, 0x0000, 0x0000,
  0x0000, 0x0000, 0x0000, 0x0000, 0x0000, 0x0000, 0x0000, 0x0000, 0x0000, 0x0000, 0x0000, 0x0000,
  0x0000, 0x0000, 0x0000, 0x0000, 0x0000, 0x0000, 0x0000, 0x0000, 0x0000, 0x0000, 0x0000, 0x0000,
  0x0000, 0x0000, 0x0000, 0x0000, 0x0000, 0x0000, 0x0000, 0x0000, 0x0000, 0x0000, 0x0000, 0x0000,
  0x0000, 0x0000, 0x0000, 0x0000, 0x0000, 0x0000, 0x0000, 0x0000, 0x0000, 0x0000, 0x0000, 0x0000,
  0x0000, 0x0000, 0x0000, 0x0000, 0x0000, 0x0000, 0x0000, 0x0000, 0x0000, 0x0000, 0x0000, 0x0000,
  0x0000, 0x0000, 0x0000, 0x0000, 0x0000, 0x0000, 0x0000, 0x0000, 0x0000, 0x0000, 0x0000, 0x0000,
  0x0000, 0x0000, 0x0000, 0x0000, 0x0000, 0x0000, 0x0000, 0x0000, 0x0000, 0x0000, 0x0000, 0x0000,
  0x0000, 0x0000, 0x0000, 0x0000, 0x0000, 0x0000, 0x0000, 0x0000, 0x0000, 0x0000, 0x0000, 0x0000,
  0x0000, 0x0000, 0x0000, 0x0000, 0x0000, 0x0000, 0x0000, 0x0000, 0x0000, 0x0000, 0x0000, 0x0000,
  0x0000, 0x0000, 0x0000, 0x0000, 0x0000, 0x0000, 0x0000, 0x0000, 0x0000, 0x0000, 0x0000, 0x0000,
  0x0000, 0x0000, 0x0000, 0x0000, 0x0000, 0x0000, 0x0000, 0x0000, 0x0000, 0x0000, 0x0000, 0x0000,
  0x0000, 0x0000, 0x0000, 0x0000, 0x0000, 0x0000, 0x0000, 0x0000, 0x0000, 0x0000, 0x0000, 0x0000,
  0x0000, 0x0000, 0x0000, 0x0000, 0x0000, 0x0000, 0x0000, 0x0000, 0x0000, 0x0000, 0x0000, 0x0000,
  0x0000, 0x0000, 0x0000, 0x0000, 0x0000, 0x0000, 0x0000, 0x0000, 0x0000, 0x0000, 0x0000, 0x0000,
  0x0000, 0x0000, 0x0000, 0x0000, 0x0000, 0x0000, 0x0000, 0x0000, 0x0000, 0x0000, 0x0000, 0x0000,
  0x0000, 0x0000, 0x0000, 0x0000, 0x0000, 0x0000, 0x0000, 0x0000, 0x0000, 0x0000, 0x0000, 0x0000,
  0x0000, 0x0000, 0x0000, 0x0000, 0x0000, 0x0000, 0x0000, 0x0000, 0x0000, 0x0000, 0x0000, 0x0000,
  0x0000, 0x0000, 0x0000, 0x0000, 0x0000, 0x0000, 0x0000, 0x0000, 0x0000, 0x0000, 0x0000, 0x0000,
  0x0000, 0x0000, 0x0000, 0x0000, 0x0000, 0x0000, 0x0000, 0x0000, 0x0000, 0x0000, 0x0000, 0x0000,
  0x0000, 0x0000, 0x0000, 0x0000, 0x0000, 0x0000, 0x0000, 0x0000, 0x0000, 0x0000, 0x0000, 0x0000,
  0x0000, 0x0000, 0x0000, 0x0000, 0x0000, 0x0000, 0x0000, 0x0000, 0x0000, 0x0000, 0x0000, 0x0000,
  0x0000, 0x0000, 0x0000, 0x0000, 0x0000, 0x0000, 0x0000, 0x0000, 0x0000, 0x0000, 0x0000, 0x0000,
  0x0000, 0x0000, 0x0000, 0x0000, 0x0000, 0x0000, 0x0000, 0x0000, 0x0000, 0x0000, 0x0000, 0x0000,
  0x0000, 0x0000, 0x0000, 0x0000, 0x0000, 0x0000, 0x0000, 0x0000, 0x0000, 0x0000, 0x0000, 0x0000,
  0x0000, 0x0000, 0x0000, 0x0000, 0x0000, 0x0000, 0x0000, 0x0000, 0x0000, 0x0000, 0x0000, 0x0000,
  0x0000, 0x0000, 0x0000, 0x0000, 0x0000, 0x0000, 0x0000, 0x0000, 0x0000, 0x0000, 0x0000, 0x0000,
  0x0000, 0x0000, 0x0000, 0x0000, 0x0000, 0x0000, 0x0000, 0x0000, 0x0000, 0x0000, 0x0000, 0x0000,
  0x0000, 0x0000, 0x0000, 0x0000, 0x0000, 0x0000, 0x0000, 0x0000, 0x0000, 0x0000, 0x0000, 0x0000,
  0x0000, 0x0000, 0x0000, 0x0000, 0x0000, 0x0000, 0x0000, 0x0000, 0x0000, 0x0000, 0x0000, 0x0000,
  0x0000, 0x0000, 0x0000, 0x0000, 0x0000, 0x0000, 0x0000, 0x0000, 0x0000, 0x0000, 0x0000, 0x0000,
  0x0000, 0x0000, 0x0000, 0x0000, 0x0000, 0x0000, 0x0000, 0x0000, 0x0000, 0x0000, 0x0000, 0x0000,
  0x0000, 0x0000, 0x0000, 0x0000, 0x0000, 0x0000, 0x0000, 0x0000, 0x0000, 0x0000, 0x0000, 0x0000,
  0x0000, 0x0000, 0x0000, 0x0000, 0x0000, 0x0000, 0x0000, 0x0000, 0x0000, 0x0000, 0x0000, 0x0000,
  0x0000, 0x0000, 0x0000, 0x0000, 0x0000, 0x0000, 0x0000, 0x0000, 0x0000, 0x0000, 0x0000, 0x0000,
  0x0000, 0x0000, 0x0000, 0x0000, 0x0000, 0x0000, 0x0000, 0x0000, 0x0000, 0x0000, 0x0000, 0x0000,
  0x0000, 0x0000, 0x0000, 0x0000, 0x0000, 0x0000, 0x0000, 0x0000, 0x0000, 0x0000, 0x0000, 0x0000,
  0x0000, 0x0000, 0x0000, 0x0000, 0x0000, 0x0000, 0x0000, 0x0000, 0x0000, 0x0000, 0x0000, 0x0000,
  0x0000, 0x0000, 0x0000, 0x0000, 0x0000, 0x0000, 0x0000, 0x0000, 0x0000, 0x0000, 0x0000, 0x0000,
  0x0000, 0x0000, 0x0000, 0x0000, 0x0000, 0x0000, 0x0000, 0x0000, 0x0000, 0x0000, 0x0000, 0x0000,
  0x0000, 0x0000, 0x0000, 0x0000, 0x0000, 0x0000, 0x0000, 0x0000, 0x0000, 0x0000, 0x0000, 0x0000,
  0x0000, 0x0000, 0x0000, 0x0000, 0x0000, 0x0000, 0x0000, 0x0000, 0x0000, 0x0000, 0x0000, 0x0000,
  0x0000, 0x0000, 0x0000, 0x0000, 0x0000, 0x0000, 0x0000, 0x0000, 0x0000, 0x0000, 0x0000, 0x0000,
  0x0000, 0x0000, 0x0000, 0x0000, 0x0000, 0x0000, 0x0000, 0x0000, 0x0000, 0x0000, 0x0000, 0x0000,
  0x0000, 0x0000, 0x0000, 0x0000, 0x0000, 0x0000, 0x0000, 0x0000, 0x0000, 0x0000, 0x0000, 0x0000,
  0x0000, 0x0000, 0x0000, 0x0000, 0x0000, 0x0000, 0x0000, 0x0000, 0x0000, 0x0000, 0x0000, 0x0000,
  0x0000, 0x0000, 0x0000, 0x0000, 0x0000, 0x0000, 0x0000, 0x0000, 0x0000, 0x0000, 0x0000, 0x0000,
  0x0000, 0x0000, 0x0000, 0x0000, 0x0000, 0x0000, 0x0000, 0x0000, 0x0000, 0x0000, 0x0000, 0x0000,
  0x0000, 0x0000, 0x0000, 0x0000, 0x0000, 0x0000, 0x0000, 0x0000, 0x0000, 0x0000, 0x0000, 0x0000,
  0x0000, 0x0000, 0x0000, 0x0000, 0x0000, 0x0000, 0x0000, 0x0000, 0x0000, 0x0000, 0x0000, 0x0000,
  0x0000, 0x0000, 0x0000, 0x0000, 0x0000, 0x0000, 0x0000, 0x0000, 0x0000, 0x0000, 0x0000, 0x0000,
  0x0000, 0x0000, 0x0000, 0x0000, 0x0000, 0x0000, 0x0000, 0x0000, 0x0000, 0x0000, 0x0000, 0x0000,
  0x0000, 0x0000, 0x0000, 0x0000, 0x0000, 0x0000, 0x0000, 0x0000, 0x0000, 0x0000, 0x0000, 0x0000,
  0x0000, 0x0000, 0x0000, 0x0000, 0x0000, 0x0000, 0x0000, 0x0000, 0x0000, 0x0000, 0x0000, 0x0000,
  0x0000, 0x0000, 0x0000, 0x0000, 0x0000, 0x0000, 0x0000, 0x0000, 0x0000, 0x0000, 0x0000, 0x0000,
  0x0000, 0x0000, 0x0000, 0x0000, 0x0000, 0x0000, 0x0000, 0x0000, 0x0000, 0x0000, 0x0000, 0x0000,
  0x0000, 0x0000, 0x0000, 0x0000, 0x0000, 0x0000, 0x0000, 0x0000, 0x0000, 0x0000, 0x0000, 0x0000,
  0x0000, 0x0000, 0x0000, 0x0000, 0x0000, 0x0000, 0x0000, 0x0000, 0x0000, 0x0000, 0x0000, 0x0000,
  0x0000, 0x0000, 0x0000, 0x0000, 0x0000, 0x0000, 0x0000, 0x0000, 0x0000, 0x0000, 0x0000, 0x0000,
  0x0000, 0x0000, 0x0000, 0x0000, 0x0000, 0x0000, 0x0000, 0x0000, 0x0000, 0x0000, 0x0000, 0x0000,
  0x0000, 0x0000, 0x0000, 0x0000, 0x0000, 0x0000, 0x0000, 0x0000, 0x0000, 0x0000, 0x0000, 0x0000,
  0x0000, 0x0000, 0x0000, 0x0000, 0x0000, 0x0000, 0x0000, 0x0000, 0x0000, 0x0000, 0x0000, 0x0000,
  0x0000, 0x0000, 0x0000, 0x0000, 0x0000, 0x0000, 0x0000, 0x0000, 0x0000, 0x0000, 0x0000, 0x0000,
  0x0000, 0x0000, 0x0000, 0x0000, 0x0000, 0x0000, 0x0000, 0x0000, 0x0000, 0x0000, 0x0000, 0x0000,
  0x0000, 0x0000, 0x0000, 0x0000, 0x0000, 0x0000, 0x0000, 0x0000, 0x0000, 0x0000, 0x0000, 0x0000,
  0x0000, 0x0000, 0x0000, 0x0000, 0x0000, 0x0000, 0x0000, 0x0000, 0x0000, 0x0000, 0x0000, 0x0000,
  0x0000, 0x0000, 0x0000, 0x0000, 0x0000, 0x0000, 0x0000, 0x0000, 0x0000, 0x0000, 0x0000, 0x0000,
  0x0000, 0x0000, 0x0000, 0x0000, 0x0000, 0x0000, 0x0000, 0x0000, 0x0000, 0x0000, 0x0000, 0x0000,
  0x0000, 0x0000, 0x0000, 0x0000, 0x0000, 0x0000, 0x0000, 0x0000, 0x0000, 0x0000, 0x0000, 0x0000,
  0x0000, 0x0000, 0x0000, 0x0000, 0x0000, 0x0000, 0x0000, 0x0000, 0x0000, 0x0000, 0x0000, 0x0000,
  0x0000, 0x0000, 0x0000, 0x0000, 0x0000, 0x0000, 0x0000, 0x0000, 0x0000, 0x0000, 0x0000, 0x0000,
  0x0000, 0x0000, 0x0000, 0x0000, 0x0000, 0x0000, 0x0000, 0x0000, 0x0000, 0x0000, 0x0000, 0x0000,
  0x0000, 0x0000, 0x0000, 0x0000, 0x0000, 0x0000, 0x0000, 0x0000, 0x0000, 0x0000, 0x0000, 0x0000,
  0x0000, 0x0000, 0x0000, 0x0000, 0x0000, 0x0000, 0x0000, 0x0000, 0x0000, 0x0000, 0x0000, 0x0000,
  0x0000, 0x0000, 0x0000, 0x0000, 0x0000, 0x0000, 0x0000, 0x0000, 0x0000, 0x0000, 0x0000, 0x0000,
  0x0000, 0x0000, 0x0000, 0x0000, 0x0000, 0x0000, 0x0000, 0x0000, 0x0000, 0x0000, 0x0000, 0x0000,
  0x0000, 0x0000, 0x0000, 0x0000, 0x0000, 0x0000, 0x0000, 0x0000, 0x0000, 0x0000, 0x0000, 0x0000,
  0x0000, 0x0000, 0x0000, 0x0000, 0x0000, 0x0000, 0x0000, 0x0000, 0x0000, 0x0000, 0x0000, 0x0000,
  0x0000, 0x0000, 0x0000, 0x0000, 0x0000, 0x0000, 0x0000, 0x0000, 0x0000, 0x0000, 0x0000, 0x0000,
  0x0000, 0x0000, 0x0000, 0x0000, 0x0000, 0x0000, 0x0000, 0x0000, 0x0000, 0x0000, 0x0000, 0x0000,
  0x0000, 0x0000, 0x0000, 0x0000, 0x0000, 0x0000, 0x0000, 0x0000, 0x0000, 0x0000, 0x0000, 0x0000,
  0x0000, 0x0000, 0x0000, 0x0000, 0x0000, 0x0000, 0x0000, 0x0000, 0x0000, 0x0000, 0x0000, 0x0000,
  0x0000, 0x0000, 0x0000, 0x0000, 0x0000, 0x0000, 0x0000, 0x0000, 0x0000, 0x0000, 0x0000, 0x0000,
  0x0000, 0x0000, 0x0000, 0x0000, 0x0000, 0x0000, 0x0000, 0x0000, 0x0000, 0x0000, 0x0000, 0x0000,
  0x0000, 0x0000, 0x0000, 0x0000, 0x0000, 0x0000, 0x0000, 0x0000, 0x0000, 0x0000, 0x0000, 0x0000,
  0x0000, 0x0000, 0x0000, 0x0000, 0x0000, 0x0000, 0x0000, 0x0000, 0x0000, 0x0000, 0x0000, 0x0000,
  0x0000, 0x0000, 0x0000, 0x0000, 0x0000, 0x0000, 0x0000, 0x0000, 0x0000, 0x0000, 0x0000, 0x0000,
  0x0000, 0x0000, 0x0000, 0x0000, 0x0000, 0x0000, 0x0000, 0x0000, 0x0000, 0x0000, 0x0000, 0x0000,
  0x0000, 0x0000, 0x0000, 0x0000, 0x0000, 0x0000, 0x0000, 0x0000, 0x0000, 0x0000, 0x0000, 0x0000,
  0x0000, 0x0000, 0x0000, 0x0000, 0x0000, 0x0000, 0x0000, 0x0000, 0x0000, 0x0000, 0x0000, 0x0000,
  0x0000, 0x0000, 0x0000, 0x0000, 0x0000, 0x0000, 0x0000, 0x0000, 0x0000, 0x0000, 0x0000, 0x0000,
  0x0000, 0x0000, 0x0000, 0x0000, 0x0000, 0x0000, 0x0000, 0x0000, 0x0000, 0x0000, 0x0000, 0x0000,
  0x0000, 0x0000, 0x0000, 0x0000, 0x0000, 0x0000, 0x0000, 0x0000, 0x0000, 0x0000, 0x0000, 0x0000,
  0x0000, 0x0000, 0x0000, 0x0000, 0x0000, 0x0000, 0x0000, 0x0000, 0x0000, 0x0000, 0x0000, 0x0000,
  0x0000, 0x0000, 0x0000, 0x0000, 0x0000, 0x0000, 0x0000, 0x0000, 0x0000, 0x0000, 0x0000, 0x0000,
  0x0000, 0x0000, 0x0000, 0x0000, 0x0000, 0x0000, 0x0000, 0x0000, 0x0000, 0x0000, 0x0000, 0x0000,
  0x0000, 0x0000, 0x0000, 0x0000, 0x0000, 0x0000, 0x0000, 0x0000, 0x0000, 0x0000, 0x0000, 0x0000,
  0x0000, 0x0000, 0x0000, 0x0000, 0x0000, 0x0000, 0x0000, 0x0000, 0x0000, 0x0000, 0x0000, 0x0000,
  0x0000, 0x0000, 0x0000, 0x0000, 0x0000, 0x0000, 0x0000, 0x0000, 0x0000, 0x0000, 0x0000, 0x0000,
  0x0000, 0x0000, 0x0000, 0x0000, 0x0000, 0x0000, 0x0000, 0x0000, 0x0000, 0x0000, 0x0000, 0x0000,
  0x0000, 0x0000, 0x0000, 0x0000, 0x0000, 0x0000, 0x0000, 0x0000, 0x0000, 0x0000, 0x0000, 0x0000,
  0x0000, 0x0000, 0x0000, 0x0000, 0x0000, 0x0000, 0x0000, 0x0000, 0x0000, 0x0000, 0x0000, 0x0000,
  0x0000, 0x0000, 0x0000, 0x0000, 0x0000, 0x0000, 0x0000, 0x0000, 0x0000, 0x0000, 0x0000, 0x0000,
  0x0000, 0x0000, 0x0000, 0x0000, 0x0000, 0x0000, 0x0000, 0x0000, 0x0000, 0x0000, 0x0000, 0x0000,
  0x0000, 0x0000, 0x0000, 0x0000, 0x0000, 0x0000, 0x0000, 0x0000, 0x0000, 0x0000, 0x0000, 0x0000,
  0x0000, 0x0000, 0x0000, 0x0000, 0x0000, 0x0000, 0x0000, 0x0000, 0x0000, 0x0000, 0x0000, 0x0000,
  0x0000, 0x0000, 0x0000, 0x0000, 0x0000, 0x0000, 0x0000, 0x0000, 0x0000, 0x0000, 0x0000, 0x0000,
  0x0000, 0x0000, 0x0000, 0x0000, 0x0000, 0x0000, 0x0000, 0x0000, 0x0000, 0x0000, 0x0000, 0x0000,
  0x0000, 0x0000, 0x0000, 0x0000, 0x0000, 0x0000, 0x0000, 0x0000, 0x0000, 0x0000, 0x0000, 0x0000,
  0x0000, 0x0000, 0x0000, 0x0000, 0x0000, 0x0000, 0x0000, 0x0000, 0x0000, 0x0000, 0x0000, 0x0000,
  0x0000, 0x0000, 0x0000, 0x0000, 0x0000, 0x0000, 0x0000, 0x0000, 0x0000, 0x0000, 0x0000, 0x0000,
  0x0000, 0x0000, 0x0000, 0x0000, 0x0000, 0x0000, 0x0000, 0x0000, 0x0000, 0x0000, 0x0000, 0x0000,
  0x0000, 0x0000, 0x0000, 0x0000, 0x0000, 0x0000, 0x0000, 0x0000, 0x0000, 0x0000, 0x0000, 0x0000,
  0x0000, 0x0000, 0x0000, 0x0000, 0x0000, 0x0000, 0x0000, 0x0000, 0x0000, 0x0000, 0x0000, 0x0000,
  0x0000, 0x0000, 0x0000, 0x0000, 0x0000, 0x0000, 0x0000, 0x0000, 0x0000, 0x0000, 0x0000, 0x0000,
  0x0000, 0x0000, 0x0000, 0x0000, 0x0000, 0x0000, 0x0000, 0x0000, 0x0000, 0x0000, 0x0000, 0x0000,
  0x0000, 0x0000, 0x0000, 0x0000, 0x0000, 0x0000, 0x0000, 0x0000, 0x0000, 0x0000, 0x0000, 0x0000,
  0x0000, 0x0000, 0x0000, 0x0000, 0x0000, 0x0000, 0x0000, 0x0000, 0x0000, 0x0000, 0x0000, 0x0000,
  0x0000, 0x0000, 0x0000, 0x0000, 0x0000, 0x0000, 0x0000, 0x0000, 0x0000, 0x0000, 0x0000, 0x0000,
  0x0000, 0x0000, 0x0000, 0x0000, 0x0000, 0x0000, 0x0000, 0x0000, 0x0000, 0x0000, 0x0000, 0x0000,
  0x0000, 0x0000, 0x0000, 0x0000, 0x0000, 0x0000, 0x0000, 0x0000, 0x0000, 0x0000, 0x0000, 0x0000,
  0x0000, 0x0000, 0x0000, 0x0000, 0x0000, 0x0000, 0x0000, 0x0000, 0x0000, 0x0000, 0x0000, 0x0000,
  0x0000, 0x0000, 0x0000, 0x0000, 0x0000, 0x0000, 0x0000, 0x0000, 0x0000, 0x0000, 0x0000, 0x0000,
  0x0000, 0x0000, 0x0000, 0x0000, 0x0000, 0x0000, 0x0000, 0x0000, 0x0000, 0x0000, 0x0000, 0x0000,
  0x0000, 0x0000, 0x0000, 0x0000, 0x0000, 0x0000, 0x0000, 0x0000, 0x0000, 0x0000, 0x0000, 0x0000,
  0x0000, 0x0000, 0x0000, 0x0000, 0x0000, 0x0000, 0x0000, 0x0000, 0x0000, 0x0000, 0x0000, 0x0000,
  0x0000, 0x0000, 0x0000, 0x0000, 0x0000, 0x0000, 0x0000, 0x0000, 0x0000, 0x0000, 0x0000, 0x0000,
  0x0000, 0x0000, 0x0000, 0x0000, 0x0000, 0x0000, 0x0000, 0x0000, 0x0000, 0x0000, 0x0000, 0x0000,
  0x0000, 0x0000, 0x0000, 0x0000, 0x0000, 0x0000, 0x0000, 0x0000, 0x0000, 0x0000, 0x0000, 0x0000,
  0x0000, 0x0000, 0x0000, 0x0000, 0x0000, 0x0000, 0x0000, 0x0000, 0x0000, 0x0000, 0x0000, 0x0000,
  0x0000, 0x0000, 0x0000, 0x0000, 0x0000, 0x0000, 0x0000, 0x0000, 0x0000, 0x0000, 0x0000, 0x0000,
  0x0000, 0x0000, 0x0000, 0x0000, 0x0000, 0x0000, 0x0000, 0x0000, 0x0000, 0x0000, 0x0000, 0x0000,
  0x0000, 0x0000, 0x0000, 0x0000, 0x0000, 0x0000, 0x0000, 0x0000, 0x0000, 0x0000, 0x0000, 0x0000,
  0x0000, 0x0000, 0x0000, 0x0000, 0x0000, 0x0000, 0x0000, 0x0000, 0x0000, 0x0000, 0x0000, 0x0000,
  0x0000, 0x0000, 0x0000, 0x0000, 0x0000, 0x0000, 0x0000, 0x0000, 0x0000, 0x0000, 0x0000, 0x0000,
  0x0000, 0x0000, 0x0000, 0x0000, 0x0000, 0x0000, 0x0000, 0x0000, 0x0000, 0x0000, 0x0000, 0x0000,
  0x0000, 0x0000, 0x0000, 0x0000, 0x0000, 0x0000, 0x0000, 0x0000, 0x0000, 0x0000, 0x0000, 0x0000,
  0x0000, 0x0000, 0x0000, 0x0000, 0x0000, 0x0000, 0x0000, 0x0000, 0x0000, 0x0000, 0x0000, 0x0000,
  0x0000, 0x0000, 0x0000, 0x0000, 0x0000, 0x0000, 0x0000, 0x0000, 0x0000, 0x0000, 0x0000, 0x0000,
  0x0000, 0x0000, 0x0000, 0x0000, 0x0000, 0x0000, 0x0000, 0x0000, 0x0000, 0x0000, 0x0000, 0x0000,
  0x0000, 0x0000, 0x0000, 0x0000, 0x0000, 0x0000, 0x0000, 0x0000, 0x0000, 0x0000, 0x0000, 0x0000,
  0x0000, 0x0000, 0x0000, 0x0000, 0x0000, 0x0000, 0x0000, 0x0000, 0x0000, 0x0000, 0x0000, 0x0000,
  0x0000, 0x0000, 0x0000, 0x0000, 0x0000, 0x0000, 0x0000, 0x0000, 0x0000, 0x0000, 0x0000, 0x0000,
  0x0000, 0x0000, 0x0000, 0x0000, 0x0000, 0x0000, 0x0000, 0x0000, 0x0000, 0x0000, 0x0000, 0x0000,
  0x0000, 0x0000, 0x0000, 0x0000, 0x0000, 0x0000, 0x0000, 0x0000, 0x0000, 0x0000, 0x0000, 0x0000,
  0x0000, 0x0000, 0x0000, 0x0000, 0x0000, 0x0000, 0x0000, 0x0000, 0x0000, 0x0000, 0x0000, 0x0000,
  0x0000, 0x0000, 0x0000, 0x0000, 0x0000, 0x0000, 0x0000, 0x0000, 0x0000, 0x0000, 0x0000, 0x0000,
  0x0000, 0x0000, 0x0000, 0x0000, 0x0000, 0x0000, 0x0000, 0x0000, 0x0000, 0x0000, 0x0000, 0x0000,
  0x0000, 0x0000, 0x0000, 0x0000, 0x0000, 0x0000, 0x0000, 0x0000, 0x0000, 0x0000, 0x0000, 0x0000,
  0x0000, 0x0000, 0x0000, 0x0000, 0x0000, 0x0000, 0x0000, 0x0000, 0x0000, 0x0000, 0x0000, 0x0000,
  0x0000, 0x0000, 0x0000, 0x0000, 0x0000, 0x0000, 0x0000, 0x0000, 0x0000, 0x0000, 0x0000, 0x0000,
  0x0000, 0x0000, 0x0000, 0x0000, 0x0000, 0x0000, 0x0000, 0x0000, 0x0000, 0x0000, 0x0000, 0x0000,
  0x0000, 0x0000, 0x0000, 0x0000, 0x0000, 0x0000, 0x0000, 0x0000, 0x0000, 0x0000, 0x0000, 0x0000,
  0x0000, 0x0000, 0x0000, 0x0000, 0x0000, 0x0000, 0x0000, 0x0000, 0x0000, 0x0000, 0x0000, 0x0000,
  0x0000, 0x0000, 0x0000, 0x0000, 0x0000, 0x0000, 0x0000, 0x0000, 0x0000, 0x0000, 0x0000, 0x0000,
  0x0000, 0x0000, 0x0000, 0x0000, 0x0000, 0x0000, 0x0000, 0x0000, 0x0000, 0x0000, 0x0000, 0x0000,
  0x0000, 0x0000, 0x0000, 0x0000, 0x0000, 0x0000, 0x0000, 0x0000, 0x0000, 0x0000, 0x0000, 0x0000,
  0x0000, 0x0000, 0x0000, 0x0000, 0x0000, 0x0000, 0x0000, 0x0000, 0x0000, 0x0000, 0x0000, 0x0000,
  0x0000, 0x0000, 0x0000, 0x0000, 0x0000, 0x0000, 0x0000, 0x0000, 0x0000, 0x0000, 0x0000, 0x0000,
  0x0000, 0x0000, 0x0000, 0x0000, 0x0000, 0x0000, 0x0000, 0x0000, 0x0000, 0x0000, 0x0000, 0x0000,
  0x0000, 0x0000, 0x0000, 0x0000, 0x0000, 0x0000, 0x0000, 0x0000, 0x0000, 0x0000, 0x0000, 0x0000,
  0x0000, 0x0000, 0x0000, 0x0000, 0x0000, 0x0000, 0x0000, 0x0000, 0x0000, 0x0000, 0x0000, 0x0000,
  0x0000, 0x0000, 0x0000, 0x0000, 0x0000, 0x0000, 0x0000, 0x0000, 0x0000, 0x0000, 0x0000, 0x0000,
  0x0000, 0x0000, 0x0000, 0x0000, 0x0000, 0x0000, 0x0000, 0x0000, 0x0000, 0x0000, 0x0000, 0x0000,
  0x0000, 0x0000, 0x0000, 0x0000, 0x0000, 0x0000, 0x0000, 0x0000, 0x0000, 0x0000, 0x0000, 0x0000,
  0x0000, 0x0000, 0x0000, 0x0000, 0x0000, 0x0000, 0x0000, 0x0000, 0x0000, 0x0000, 0x0000, 0x0000,
  0x0000, 0x0000, 0x0000, 0x0000, 0x0000, 0x0000, 0x0000, 0x0000, 0x0000, 0x0000, 0x0000, 0x0000,
  0x0000, 0x0000, 0x0000, 0x0000, 0x0000, 0x0000, 0x0000, 0x0000, 0x0000, 0x0000, 0x0000, 0x0000,
  0x0000, 0x0000, 0x0000, 0x0000, 0x0000, 0x0000, 0x0000, 0x0000, 0x0000, 0x0000, 0x0000, 0x0000,
  0x0000, 0x0000, 0x0000, 0x0000, 0x0000, 0x0000, 0x0000, 0x0000, 0x0000, 0x0000, 0x0000, 0x0000,
  0x0000, 0x0000, 0x0000, 0x0000, 0x0000, 0x0000, 0x0000, 0x0000, 0x0000, 0x0000, 0x0000, 0x0000,
  0x0000, 0x0000, 0x0000, 0x0000, 0x0000, 0x0000, 0x0000, 0x0000, 0x0000, 0x0000, 0x0000, 0x0000,
  0x0000, 0x0000, 0x0000, 0x0000, 0x0000, 0x0000, 0x0000, 0x0000, 0x0000, 0x0000, 0x0000, 0x0000,
  0x0000, 0x0000, 0x0000, 0x0000, 0x0000, 0x0000, 0x0000, 0x0000, 0x0000, 0x0000, 0x0000, 0x0000,
  0x0000, 0x0000, 0x0000, 0x0000, 0x0000, 0x0000, 0x0000, 0x0000, 0x0000, 0x0000, 0x0000, 0x0000,
  0x0000, 0x0000, 0x0000, 0x0000, 0x0000, 0x0000, 0x0000, 0x0000, 0x0000, 0x0000, 0x0000, 0x0000,
  0x0000, 0x0000, 0x0000, 0x0000, 0x0000, 0x0000, 0x0000, 0x0000, 0x0000, 0x0000, 0x0000, 0x0000,
  0x0000, 0x0000, 0x0000, 0x0000, 0x0000, 0x0000, 0x0000, 0x0000, 0x0000, 0x0000, 0x0000, 0x0000,
  0x0000, 0x0000, 0x0000, 0x0000, 0x0000, 0x0000, 0x0000, 0x0000, 0x0000, 0x0000, 0x0000, 0x0000,
  0x0000, 0x0000, 0x0000, 0x0000, 0x0000, 0x0000, 0x0000, 0x0000, 0x0000, 0x0000, 0x0000, 0x0000,
  0x0000, 0x0000, 0x0000, 0x0000, 0x0000, 0x0000, 0x0000, 0x0000, 0x0000, 0x0000, 0x0000, 0x0000,
  0x0000, 0x0000, 0x0000, 0x0000, 0x0000, 0x0000, 0x0000, 0x0000, 0x0000, 0x0000, 0x0000, 0x0000,
  0x0000, 0x0000, 0x0000, 0x0000, 0x0000, 0x0000, 0x0000, 0x0000, 0x0000, 0x0000, 0x0000, 0x0000,
  0x0000, 0x0000, 0x0000, 0x0000, 0x0000, 0x0000, 0x0000, 0x0000, 0x0000, 0x0000, 0x0000, 0x0000,
  0x0000, 0x0000, 0x0000, 0x0000, 0x0000, 0x0000, 0x0000, 0x0000, 0x0000, 0x0000, 0x0000, 0x0000,
  0x0000, 0x0000, 0x0000, 0x0000, 0x0000, 0x0000, 0x0000, 0x0000, 0x0000, 0x0000, 0x0000, 0x0000,
  0x0000, 0x0000, 0x0000, 0x0000, 0x0000, 0x0000, 0x0000, 0x0000, 0x0000, 0x0000, 0x0000, 0x0000,
  0x0000, 0x0000, 0x0000, 0x0000, 0x0000, 0x0000, 0x0000, 0x0000, 0x0000, 0x0000, 0x0000, 0x0000,
  0x0000, 0x0000, 0x0000, 0x0000, 0x0000, 0x0000, 0x0000, 0x0000, 0x0000, 0x0000, 0x0000, 0x0000,
  0x0000, 0x0000, 0x0000, 0x0000, 0x0000, 0x0000, 0x0000, 0x0000, 0x0000, 0x0000, 0x0000, 0x0000,
  0x0000, 0x0000, 0x0000, 0x0000, 0x0000, 0x0000, 0x0000, 0x0000, 0x0000, 0x0000, 0x0000, 0x0000,
  0x0000, 0x0000, 0x0000, 0x0000, 0x0000, 0x0000, 0x0000, 0x0000, 0x0000, 0x0000, 0x0000, 0x0000,
  0x0000, 0x0000, 0x0000, 0x0000, 0x0000, 0x0000, 0x0000, 0x0000, 0x0000, 0x0000, 0x0000, 0x0000,
  0x0000, 0x0000, 0x0000, 0x0000, 0x0000, 0x0000, 0x0000, 0x0000, 0x0000, 0x0000, 0x0000, 0x0000,
  0x0000, 0x0000, 0x0000, 0x0000, 0x0000, 0x0000, 0x0000, 0x0000, 0x0000, 0x0000, 0x0000, 0x0000,
  0x0000, 0x0000, 0x0000, 0x0000, 0x0000, 0x0000, 0x0000, 0x0000, 0x0000, 0x0000, 0x0000, 0x0000,
  0x0000, 0x0000, 0x0000, 0x0000, 0x0000, 0x0000, 0x0000, 0x0000, 0x0000, 0x0000, 0x0000, 0x0000,
  0x0000, 0x0000, 0x0000, 0x0000, 0x0000, 0x0000, 0x0000, 0x0000, 0x0000, 0x0000, 0x0000, 0x0000,
  0x0000, 0x0000, 0x0000, 0x0000, 0x0000, 0x0000, 0x0000, 0x0000, 0x0000, 0x0000, 0x0000, 0x0000,
  0x0000, 0x0000, 0x0000, 0x0000, 0x0000, 0x0000, 0x0000, 0x0000, 0x0000, 0x0000, 0x0000, 0x0000,
  0x0000, 0x0000, 0x0000, 0x0000, 0x0000, 0x0000, 0x0000, 0x0000, 0x0000, 0x0000, 0x0000, 0x0000,
  0x0000, 0x0000, 0x0000, 0x0000, 0x0000, 0x0000, 0x0000, 0x0000, 0x0000, 0x0000, 0x0000, 0x0000,
  0x0000, 0x0000, 0x0000, 0x0000, 0x0000, 0x0000, 0x0000, 0x0000, 0x0000, 0x0000, 0x0000, 0x0000,
  0x0000, 0x0000, 0x0000, 0x0000, 0x0000, 0x0000, 0x0000, 0x0000, 0x0000, 0x0000, 0x0000, 0x0000,
  0x0000, 0x0000, 0x0000, 0x0000, 0x0000, 0x0000, 0x0000, 0x0000, 0x0000, 0x0000, 0x0000, 0x0000,
  0x0000, 0x0000, 0x0000, 0x0000, 0x0000, 0x0000, 0x0000, 0x0000, 0x0000, 0x0000, 0x0000, 0x0000,
  0x0000, 0x0000, 0x0000, 0x0000, 0x0000, 0x0000, 0x0000, 0x0000, 0x0000, 0x0000, 0x0000, 0x0000,
  0x0000, 0x0000, 0x0000, 0x0000, 0x0000, 0x0000, 0x0000, 0x0000, 0x0000, 0x0000, 0x0000, 0x0000,
  0x0000, 0x0000, 0x0000, 0x0000, 0x0000, 0x0000, 0x0000, 0x0000, 0x0000, 0x0000, 0x0000, 0x0000,
  0x0000, 0x0000, 0x0000, 0x0000, 0x0000, 0x0000, 0x0000, 0x0000, 0x0000, 0x0000, 0x0000, 0x0000,
  0x0000, 0x0000, 0x0000, 0x0000, 0x0000, 0x0000, 0x0000, 0x0000, 0x0000, 0x0000, 0x0000, 0x0000,
  0x0000, 0x0000, 0x0000, 0x0000, 0x0000, 0x0000, 0x0000, 0x0000, 0x0000, 0x0000, 0x0000, 0x0000,
  0x0000, 0x0000, 0x0000, 0x0000, 0x0000, 0x0000, 0x0000, 0x0000, 0x0000, 0x0000, 0x0000, 0x0000,
  0x0000, 0x0000, 0x0000, 0x0000, 0x0000, 0x0000, 0x0000, 0x0000, 0x0000, 0x0000, 0x0000, 0x0000,
  0x0000, 0x0000, 0x0000, 0x0000, 0x0000, 0x0000, 0x0000, 0x0000, 0x0000, 0x0000, 0x0000, 0x0000,
  0x0000, 0x0000, 0x0000, 0x0000, 0x0000, 0x0000, 0x0000, 0x0000, 0x0000, 0x0000, 0x0000, 0x0000,
  0x0000, 0x0000, 0x0000, 0x0000, 0x0000, 0x0000, 0x0000, 0x0000, 0x0000, 0x0000, 0x0000, 0x0000,
  0x0000, 0x0000, 0x0000, 0x0000, 0x0000, 0x0000, 0x0000, 0x0000, 0x0000, 0x0000, 0x0000, 0x0000,
  0x0000, 0x0000, 0x0000, 0x0000, 0x0000, 0x0000, 0x0000, 0x0000, 0x0000, 0x0000, 0x0000, 0x0000,
  0x0000, 0x0000, 0x0000, 0x0000, 0x0000, 0x0000, 0x0000, 0x0000, 0x0000, 0x0000, 0x0000, 0x0000,
  0x0000, 0x0000, 0x0000, 0x0000, 0x0000, 0x0000, 0x0000, 0x0000, 0x0000, 0x0000, 0x0000, 0x0000,
  0x0000, 0x0000, 0x0000, 0x0000, 0x0000, 0x0000, 0x0000, 0x0000, 0x0000, 0x0000, 0x0000, 0x0000,
  0x0000, 0x0000, 0x0000, 0x0000, 0x0000, 0x0000, 0x0000, 0x0000, 0x0000, 0x0000, 0x0000, 0x0000,
  0x0000, 0x0000, 0x0000, 0x0000, 0x0000, 0x0000, 0x0000, 0x0000, 0x0000, 0x0000, 0x0000, 0x0000,
  0x0000, 0x0000, 0x0000, 0x0000, 0x0000, 0x0000, 0x0000, 0x0000, 0x0000, 0x0000, 0x0000, 0x0000,
  0x0000, 0x0000, 0x0000, 0x0000, 0x0000, 0x0000, 0x0000, 0x0000, 0x0000, 0x0000, 0x0000, 0x0000,
  0x0000, 0x0000, 0x0000, 0x0000, 0x0000, 0x0000, 0x0000, 0x0000, 0x0000, 0x0000, 0x0000, 0x0000,
  0x0000, 0x0000, 0x0000, 0x0000, 0x0000, 0x0000, 0x0000, 0x0000, 0x0000, 0x0000, 0x0000, 0x0000,
  0x0000, 0x0000, 0x0000, 0x0000, 0x0000, 0x0000, 0x0000, 0x0000, 0x0000, 0x0000, 0x0000, 0x0000,
  0x0000, 0x0000, 0x0000, 0x0000, 0x0000, 0x0000, 0x0000, 0x0000, 0x0000, 0x0000, 0x0000, 0x0000,
  0x0000, 0x0000, 0x0000, 0x0000, 0x0000, 0x0000, 0x0000, 0x0000, 0x0000, 0x0000, 0x0000, 0x0000,
  0x0000, 0x0000, 0x0000, 0x0000, 0x0000, 0x0000, 0x0000, 0x0000, 0x0000, 0x0000, 0x0000, 0x0000,
  0x0000, 0x0000, 0x0000, 0x0000, 0x0000, 0x0000, 0x0000, 0x0000, 0x0000, 0x0000, 0x0000, 0x0000,
  0x0000, 0x0000, 0x0000, 0x0000, 0x0000, 0x0000, 0x0000, 0x0000, 0x0000, 0x0000, 0x0000, 0x0000,
  0x0000, 0x0000, 0x0000, 0x0000, 0x0000, 0x0000, 0x0000, 0x0000, 0x0000, 0x0000, 0x0000, 0x0000,
  0x0000, 0x0000, 0x0000, 0x0000, 0x0000, 0x0000, 0x0000, 0x0000, 0x0000, 0x0000, 0x0000, 0x0000,
  0x0000, 0x0000, 0x0000, 0x0000, 0x0000, 0x0000, 0x0000, 0x0000, 0x0000, 0x0000, 0x0000, 0x0000,
  0x0000, 0x0000, 0x0000, 0x0000, 0x0000, 0x0000, 0x0000, 0x0000, 0x0000, 0x0000, 0x0000, 0x0000,
  0x0000, 0x0000, 0x0000, 0x0000, 0x0000, 0x0000, 0x0000, 0x0000, 0x0000, 0x0000, 0x0000, 0x0000,
  0x0000, 0x0000, 0x0000, 0x0000, 0x0000, 0x0000, 0x0000, 0x0000, 0x0000, 0x0000, 0x0000, 0x0000,
  0x0000, 0x0000, 0x0000, 0x0000, 0x0000, 0x0000, 0x0000, 0x0000, 0x0000, 0x0000, 0x0000, 0x0000,
  0x0000, 0x0000, 0x0000, 0x0000, 0x0000, 0x0000, 0x0000, 0x0000, 0x0000, 0x0000, 0x0000, 0x0000,
  0x0000, 0x0000, 0x0000, 0x0000, 0x0000, 0x0000, 0x0000, 0x0000, 0x0000, 0x0000, 0x0000, 0x0000,
  0x0000, 0x0000, 0x0000, 0x0000, 0x0000, 0x0000, 0x0000, 0x0000, 0x0000, 0x0000, 0x0000, 0x0000,
  0x0000, 0x0000, 0x0000, 0x0000, 0x0000, 0x0000, 0x0000, 0x0000, 0x0000, 0x0000, 0x0000, 0x0000,
  0x0000, 0x0000, 0x0000, 0x0000, 0x0000, 0x0000, 0x0000, 0x0000, 0x0000, 0x0000, 0x0000, 0x0000,
  0x0000, 0x0000, 0x0000, 0x0000, 0x0000, 0x0000, 0x0000, 0x0000, 0x0000, 0x0000, 0x0000, 0x0000,
  0x0000, 0x0000, 0x0000, 0x0000, 0x0000, 0x0000, 0x0000, 0x0000, 0x0000, 0x0000, 0x0000, 0x0000,
  0x0000, 0x0000, 0x0000, 0x0000, 0x0000, 0x0000, 0x0000, 0x0000, 0x0000, 0x0000, 0x0000, 0x0000,
  0x0000, 0x0000, 0x0000, 0x0000, 0x0000, 0x0000, 0x0000, 0x0000, 0x0000, 0x0000, 0x0000, 0x0000,
  0x0000, 0x0000, 0x0000, 0x0000, 0x0000, 0x0000, 0x0000, 0x0000, 0x0000, 0x0000, 0x0000, 0x0000,
  0x0000, 0x0000, 0x0000, 0x0000, 0x0000, 0x0000, 0x0000, 0x0000, 0x0000, 0x0000, 0x0000, 0x0000,
  0x0000, 0x0000, 0x0000, 0x0000, 0x0000, 0x0000, 0x0000, 0x0000, 0x0000, 0x0000, 0x0000, 0x0000,
  0x0000, 0x0000, 0x0000, 0x0000, 0x0000, 0x0000, 0x0000, 0x0000, 0x0000, 0x0000, 0x0000, 0x0000,
  0x0000, 0x0000, 0x0000, 0x0000, 0x0000, 0x0000, 0x0000, 0x0000, 0x0000, 0x0000, 0x0000, 0x0000,
  0x0000, 0x0000, 0x0000, 0x0000, 0x0000, 0x0000, 0x0000, 0x0000, 0x0000, 0x0000, 0x0000, 0x0000,
  0x0000, 0x0000, 0x0000, 0x0000, 0x0000, 0x0000, 0x0000, 0x0000, 0x0000, 0x0000, 0x0000, 0x0000,
  0x0000, 0x0000, 0x0000, 0x0000, 0x0000, 0x0000, 0x0000, 0x0000, 0x0000, 0x0000, 0x0000, 0x0000,
  0x0000, 0x0000, 0x0000, 0x0000, 0x0000, 0x0000, 0x0000, 0x0000, 0x0000, 0x0000, 0x0000, 0x0000,
  0x0000, 0x0000, 0x0000, 0x0000, 0x0000, 0x0000, 0x0000, 0x0000, 0x0000, 0x0000, 0x0000, 0x0000,
  0x0000, 0x0000, 0x0000, 0x0000, 0x0000, 0x0000, 0x0000, 0x0000, 0x0000, 0x0000, 0x0000, 0x0000,
  0x0000, 0x0000, 0x0000, 0x0000, 0x0000, 0x0000, 0x0000, 0x0000, 0x0000, 0x0000, 0x0000, 0x0000,
  0x0000, 0x0000, 0x0000, 0x0000, 0x0000, 0x0000, 0x0000, 0x0000, 0x0000, 0x0000, 0x0000, 0x0000,
  0x0000, 0x0000, 0x0000, 0x0000, 0x0000, 0x0000, 0x0000, 0x0000, 0x0000, 0x0000, 0x0000, 0x0000,
  0x0000, 0x0000, 0x0000, 0x0000, 0x0000, 0x0000, 0x0000, 0x0000, 0x0000, 0x0000, 0x0000, 0x0000,
  0x0000, 0x0000, 0x0000, 0x0000, 0x0000, 0x0000, 0x0000, 0x0000, 0x0000, 0x0000, 0x0000, 0x0000,
  0x0000, 0x0000, 0x0000, 0x0000, 0x0000, 0x0000, 0x0000, 0x0000, 0x0000, 0x0000, 0x0000, 0x0000,
  0x0000, 0x0000, 0x0000, 0x0000, 0x0000, 0x0000, 0x0000, 0x0000, 0x0000, 0x0000, 0x0000, 0x0000,
  0x0000, 0x0000, 0x0000, 0x0000, 0x0000, 0x0000, 0x0000, 0x0000, 0x0000, 0x0000, 0x0000, 0x0000,
  0x0000, 0x0000, 0x0000, 0x0000, 0x0000, 0x0000, 0x0000, 0x0000, 0x0000, 0x0000, 0x0000, 0x0000,
  0x0000, 0x0000, 0x0000, 0x0000, 0x0000, 0x0000, 0x0000, 0x0000, 0x0000, 0x0000, 0x0000, 0x0000,
  0x0000, 0x0000, 0x0000, 0x0000, 0x0000, 0x0000, 0x0000, 0x0000, 0x0000, 0x0000, 0x0000, 0x0000,
  0x0000, 0x0000, 0x0000, 0x0000, 0x0000, 0x0000, 0x0000, 0x0000, 0x0000, 0x0000, 0x0000, 0x0000,
  0x0000, 0x0000, 0x0000, 0x0000, 0x0000, 0x0000, 0x0000, 0x0000, 0x0000, 0x0000, 0x0000, 0x0000,
  0x0000, 0x0000, 0x0000, 0x0000, 0x0000, 0x0000, 0x0000, 0x0000, 0x0000, 0x0000, 0x0000, 0x0000,
  0x0000, 0x0000, 0x0000, 0x0000, 0x0000, 0x0000, 0x0000, 0x0000, 0x0000, 0x0000, 0x0000, 0x0000,
  0x0000, 0x0000, 0x0000, 0x0000, 0x0000, 0x0000, 0x0000, 0x0000, 0x0000, 0x0000, 0x0000, 0x0000,
  0x0000, 0x0000, 0x0000, 0x0000, 0x0000, 0x0000, 0x0000, 0x0000, 0x0000, 0x0000, 0x0000, 0x0000,
  0x0000, 0x0000, 0x0000, 0x0000, 0x0000, 0x0000, 0x0000, 0x0000, 0x0000, 0x0000, 0x0000, 0x0000,
  0x0000, 0x0000, 0x0000, 0x0000, 0x0000, 0x0000, 0x0000, 0x0000, 0x0000, 0x0000, 0x0000, 0x0000,
  0x0000, 0x0000, 0x0000, 0x0000, 0x0000, 0x0000, 0x0000, 0x0000, 0x0000, 0x0000, 0x0000, 0x0000,
  0x0000, 0x0000, 0x0000, 0x0000, 0x0000, 0x0000, 0x0000, 0x0000, 0x0000, 0x0000, 0x0000, 0x0000,
  0x0000, 0x0000, 0x0000, 0x0000, 0x0000, 0x0000, 0x0000, 0x0000, 0x0000, 0x0000, 0x0000, 0x0000,
  0x0000, 0x0000, 0x0000, 0x0000, 0x0000, 0x0000, 0x0000, 0x0000, 0x0000, 0x0000, 0x0000, 0x0000,
  0x0000, 0x0000, 0x0000, 0x0000, 0x0000, 0x0000, 0x0000, 0x0000, 0x0000, 0x0000, 0x0000, 0x0000,
  0x0000, 0x0000, 0x0000, 0x0000, 0x0000, 0x0000, 0x0000, 0x0000, 0x0000, 0x0000, 0x0000, 0x0000,
  0x0000, 0x0000, 0x0000, 0x0000, 0x0000, 0x0000, 0x0000, 0x0000, 0x0000, 0x0000, 0x0000, 0x0000,
  0x0000, 0x0000, 0x0000, 0x0000, 0x0000, 0x0000, 0x0000, 0x0000, 0x0000, 0x0000, 0x0000, 0x0000,
  0x0000, 0x0000, 0x0000, 0x0000, 0x0000, 0x0000, 0x0000, 0x0000, 0x0000, 0x0000, 0x0000, 0x0000,
  0x0000, 0x0000, 0x0000, 0x0000, 0x0000, 0x0000, 0x0000, 0x0000, 0x0000, 0x0000, 0x0000, 0x0000,
  0x0000, 0x0000, 0x0000, 0x0000, 0x0000, 0x0000, 0x0000, 0x0000, 0x0000, 0x0000, 0x0000, 0x0000,
  0x0000, 0x0000, 0x0000, 0x0000, 0x0000, 0x0000, 0x0000, 0x0000, 0x0000, 0x0000, 0x0000, 0x0000,
  0x0000, 0x0000, 0x0000, 0x0000, 0x0000, 0x0000, 0x0000, 0x0000, 0x0000, 0x0000, 0x0000, 0x0000,
  0x0000, 0x0000, 0x0000, 0x0000, 0x0000, 0x0000, 0x0000, 0x0000, 0x0000, 0x0000, 0x0000, 0x0000,
  0x0000, 0x0000, 0x0000, 0x0000, 0x0000, 0x0000, 0x0000, 0x0000, 0x0000, 0x0000, 0x0000, 0x0000,
  0x0000, 0x0000, 0x0000, 0x0000, 0x0000, 0x0000, 0x0000, 0x0000, 0x0000, 0x0000, 0x0000, 0x0000,
  0x0000, 0x0000, 0x0000, 0x0000, 0x0000, 0x0000, 0x0000, 0x0000, 0x0000, 0x0000, 0x0000, 0x0000,
  0x0000, 0x0000, 0x0000, 0x0000, 0x0000, 0x0000, 0x0000, 0x0000, 0x0000, 0x0000, 0x0000, 0x0000,
  0x0000, 0x0000, 0x0000, 0x0000, 0x0000, 0x0000, 0x0000, 0x0000, 0x0000, 0x0000, 0x0000, 0x0000,
  0x0000, 0x0000, 0x0000, 0x0000, 0x0000, 0x0000, 0x0000, 0x0000, 0x0000, 0x0000, 0x0000, 0x0000,
  0x0000, 0x0000, 0x0000, 0x0000, 0x0000, 0x0000, 0x0000, 0x0000, 0x0000, 0x0000, 0x0000, 0x0000,
  0x0000, 0x0000, 0x0000, 0x0000, 0x0000, 0x0000, 0x0000, 0x0000, 0x0000, 0x0000, 0x0000, 0x0000,
  0x0000, 0x0000, 0x0000, 0x0000, 0x0000, 0x0000, 0x0000, 0x0000, 0x0000, 0x0000, 0x0000, 0x0000,
  0x0000, 0x0000, 0x0000, 0x0000, 0x0000, 0x0000, 0x0000, 0x0000, 0x0000, 0x0000, 0x0000, 0x0000,
  0x0000, 0x0000, 0x0000, 0x0000, 0x0000, 0x0000, 0x0000, 0x0000, 0x0000, 0x0000, 0x0000, 0x0000,
  0x0000, 0x0000, 0x0000, 0x0000, 0x0000, 0x0000, 0x0000, 0x0000, 0x0000, 0x0000, 0x0000, 0x0000,
  0x0000, 0x0000, 0x0000, 0x0000, 0x0000, 0x0000, 0x0000, 0x0000, 0x0000, 0x0000, 0x0000, 0x0000,
  0x0000, 0x0000, 0x0000, 0x0000, 0x0000, 0x0000, 0x0000, 0x0000, 0x0000, 0x0000, 0x0000, 0x0000,
  0x0000, 0x0000, 0x0000, 0x0000, 0x0000, 0x0000, 0x0000, 0x0000, 0x0000, 0x0000, 0x0000, 0x0000,
  0x0000, 0x0000, 0x0000, 0x0000, 0x0000, 0x0000, 0x0000, 0x0000, 0x0000, 0x0000, 0x0000, 0x0000,
  0x0000, 0x0000, 0x0000, 0x0000, 0x0000, 0x0000, 0x0000, 0x0000, 0x0000, 0x0000, 0x0000, 0x0000,
  0x0000, 0x0000, 0x0000, 0x0000, 0x0000, 0x0000, 0x0000, 0x0000, 0x0000, 0x0000, 0x0000, 0x0000,
  0x0000, 0x0000, 0x0000, 0x0000, 0x0000, 0x0000, 0x0000, 0x0000, 0x0000, 0x0000, 0x0000, 0x0000,
  0x0000, 0x0000, 0x0000, 0x0000, 0x0000, 0x0000, 0x0000, 0x0000, 0x0000, 0x0000, 0x0000, 0x0000,
  0x0000, 0x0000, 0x0000, 0x0000, 0x0000, 0x0000, 0x0000, 0x0000, 0x0000, 0x0000, 0x0000, 0x0000,
  0x0000, 0x0000, 0x0000, 0x0000, 0x0000, 0x0000, 0x0000, 0x0000, 0x0000, 0x0000, 0x0000, 0x0000,
  0x0000, 0x0000, 0x0000, 0x0000, 0x0000, 0x0000, 0x0000, 0x0000, 0x0000, 0x0000, 0x0000, 0x0000,
  0x0000, 0x0000, 0x0000, 0x0000, 0x0000, 0x0000, 0x0000, 0x0000, 0x0000, 0x0000, 0x0000, 0x0000,
  0x0000, 0x0000, 0x0000, 0x0000, 0x0000, 0x0000, 0x0000, 0x0000, 0x0000, 0x0000, 0x0000, 0x0000,
  0x0000, 0x0000, 0x0000, 0x0000, 0x0000, 0x0000, 0x0000, 0x0000, 0x0000, 0x0000, 0x0000, 0x0000,
  0x0000, 0x0000, 0x0000, 0x0000, 0x0000, 0x0000, 0x0000, 0x0000, 0x0000, 0x0000, 0x0000, 0x0000,
  0x0000, 0x0000, 0x0000, 0x0000, 0x0000, 0x0000, 0x0000, 0x0000, 0x0000, 0x0000, 0x0000, 0x0000,
  0x0000, 0x0000, 0x0000, 0x0000, 0x0000, 0x0000, 0x0000, 0x0000, 0x0000, 0x0000, 0x0000, 0x0000,
  0x0000, 0x0000, 0x0000, 0x0000, 0x0000, 0x0000, 0x0000, 0x0000, 0x0000, 0x0000, 0x0000, 0x0000,
  0x0000, 0x0000, 0x0000, 0x0000, 0x0000, 0x0000, 0x0000, 0x0000, 0x0000, 0x0000, 0x0000, 0x0000,
  0x0000, 0x0000, 0x0000, 0x0000, 0x0000, 0x0000, 0x0000, 0x0000, 0x0000, 0x0000, 0x0000, 0x0000,
  0x0000, 0x0000, 0x0000, 0x0000, 0x0000, 0x0000, 0x0000, 0x0000, 0x0000, 0x0000, 0x0000, 0x0000,
  0x0000, 0x0000, 0x0000, 0x0000, 0x0000, 0x0000, 0x0000, 0x0000, 0x0000, 0x0000, 0x0000, 0x0000,
  0x0000, 0x0000, 0x0000, 0x0000, 0x0000, 0x0000, 0x0000, 0x0000, 0x0000, 0x0000, 0x0000, 0x0000,
  0x0000, 0x0000, 0x0000, 0x0000, 0x0000, 0x0000, 0x0000, 0x0000, 0x0000, 0x0000, 0x0000, 0x0000,
  0x0000, 0x0000, 0x0000, 0x0000, 0x0000, 0x0000, 0x0000, 0x0000, 0x0000, 0x0000, 0x0000, 0x0000,
  0x0000, 0x0000, 0x0000, 0x0000, 0x0000, 0x0000, 0x0000, 0x0000, 0x0000, 0x0000, 0x0000, 0x0000,
  0x0000, 0x0000, 0x0000, 0x0000, 0x0000, 0x0000, 0x0000, 0x0000, 0x0000, 0x0000, 0x0000, 0x0000,
  0x0000, 0x0000, 0x0000, 0x0000, 0x0000, 0x0000, 0x0000, 0x0000, 0x0000, 0x0000, 0x0000, 0x0000,
  0x0000, 0x0000, 0x0000, 0x0000, 0x0000, 0x0000, 0x0000, 0x0000, 0x0000, 0x0000, 0x0000, 0x0000,
  0x0000, 0x0000, 0x0000, 0x0000, 0x0000, 0x0000, 0x0000, 0x0000, 0x0000, 0x0000, 0x0000, 0x0000,
  0x0000, 0x0000, 0x0000, 0x0000, 0x0000, 0x0000, 0x0000, 0x0000, 0x0000, 0x0000, 0x0000, 0x0000,
  0x0000, 0x0000, 0x0000, 0x0000, 0x0000, 0x0000, 0x0000, 0x0000, 0x0000, 0x0000, 0x0000, 0x0000,
  0x0000, 0x0000, 0x0000, 0x0000, 0x0000, 0x0000, 0x0000, 0x0000, 0x0000, 0x0000, 0x0000, 0x0000,
  0x0000, 0x0000, 0x0000, 0x0000, 0x0000, 0x0000, 0x0000, 0x0000, 0x0000, 0x0000, 0x0000, 0x0000,
  0x0000, 0x0000, 0x0000, 0x0000, 0x0000, 0x0000, 0x0000, 0x0000, 0x0000, 0x0000, 0x0000, 0x0000,
  0x0000, 0x0000, 0x0000, 0x0000, 0x0000, 0x0000, 0x0000, 0x0000, 0x0000, 0x0000, 0x0000, 0x0000,
  0x0000, 0x0000, 0x0000, 0x0000, 0x0000, 0x0000, 0x0000, 0x0000, 0x0000, 0x0000, 0x0000, 0x0000,
  0x0000, 0x0000, 0x0000, 0x0000, 0x0000, 0x0000, 0x0000, 0x0000, 0x0000, 0x0000, 0x0000, 0x0000,
  0x0000, 0x0000, 0x0000, 0x0000, 0x0000, 0x0000, 0x0000, 0x0000, 0x0000, 0x0000, 0x0000, 0x0000,
  0x0000, 0x0000, 0x0000, 0x0000, 0x0000, 0x0000, 0x0000, 0x0000, 0x0000, 0x0000, 0x0000, 0x0000,
  0x0000, 0x0000, 0x0000, 0x0000, 0x0000, 0x0000, 0x0000, 0x0000, 0x0000, 0x0000, 0x0000, 0x0000,
  0x0000, 0x0000, 0x0000, 0x0000, 0x0000, 0x0000, 0x0000, 0x0000, 0x0000, 0x0000, 0x0000, 0x0000,
  0x0000, 0x0000, 0x0000, 0x0000, 0x0000, 0x0000, 0x0000, 0x0000, 0x0000, 0x0000, 0x0000, 0x0000,
  0x0000, 0x0000, 0x0000, 0x0000, 0x0000, 0x0000, 0x0000, 0x0000, 0x0000, 0x0000, 0x0000, 0x0000,
  0x0000, 0x0000, 0x0000, 0x0000, 0x0000, 0x0000, 0x0000, 0x0000, 0x0000, 0x0000, 0x0000, 0x0000,
  0x0000, 0x0000, 0x0000, 0x0000, 0x0000, 0x0000, 0x0000, 0x0000, 0x0000, 0x0000, 0x0000, 0x0000,
  0x0000, 0x0000, 0x0000, 0x0000, 0x0000, 0x0000, 0x0000, 0x0000, 0x0000, 0x0000, 0x0000, 0x0000,
  0x0000, 0x0000, 0x0000, 0x0000, 0x0000, 0x0000, 0x0000, 0x0000, 0x0000, 0x0000, 0x0000, 0x0000,
  0x0000, 0x0000, 0x0000, 0x0000, 0x0000, 0x0000, 0x0000, 0x0000, 0x0000, 0x0000, 0x0000, 0x0000,
  0x0000, 0x0000, 0x0000, 0x0000, 0x0000, 0x0000, 0x0000, 0x0000, 0x0000, 0x0000, 0x0000, 0x0000,
  0x0000, 0x0000, 0x0000, 0x0000, 0x0000, 0x0000, 0x0000, 0x0000, 0x0000, 0x0000, 0x0000, 0x0000,
  0x0000, 0x0000, 0x0000, 0x0000, 0x0000, 0x0000, 0x0000, 0x0000, 0x0000, 0x0000, 0x0000, 0x0000,
  0x0000, 0x0000, 0x0000, 0x0000, 0x0000, 0x0000, 0x0000, 0x0000, 0x0000, 0x0000, 0x0000, 0x0000,
  0x0000, 0x0000, 0x0000, 0x0000, 0x0000, 0x0000, 0x0000, 0x0000, 0x0000, 0x0000, 0x0000, 0x0000,
  0x0000, 0x0000, 0x0000, 0x0000, 0x0000, 0x0000, 0x0000, 0x0000, 0x0000, 0x0000, 0x0000, 0x0000,
  0x0000, 0x0000, 0x0000, 0x0000, 0x0000, 0x0000, 0x0000, 0x0000, 0x0000, 0x0000, 0x0000, 0x0000,
  0x0000, 0x0000, 0x0000, 0x0000, 0x0000, 0x0000, 0x0000, 0x0000, 0x0000, 0x0000, 0x0000, 0x0000,
  0x0000, 0x0000, 0x0000, 0x0000, 0x0000, 0x0000, 0x0000, 0x0000, 0x0000, 0x0000, 0x0000, 0x0000,
  0x0000, 0x0000, 0x0000, 0x0000, 0x0000, 0x0000, 0x0000, 0x0000, 0x0000, 0x0000, 0x0000, 0x0000,
  0x0000, 0x0000, 0x0000, 0x0000, 0x0000, 0x0000, 0x0000, 0x0000, 0x0000, 0x0000, 0x0000, 0x0000,
  0x0000, 0x0000, 0x0000, 0x0000, 0x0000, 0x0000, 0x0000, 0x0000, 0x0000, 0x0000, 0x0000, 0x0000,
  0x0000, 0x0000, 0x0000, 0x0000, 0x0000, 0x0000, 0x0000, 0x0000, 0x0000, 0x0000, 0x0000, 0x0000,
  0x0000, 0x0000, 0x0000, 0x0000, 0x0000, 0x0000, 0x0000, 0x0000, 0x0000, 0x0000, 0x0000, 0x0000,
  0x0000, 0x0000, 0x0000, 0x0000, 0x0000, 0x0000, 0x0000, 0x0000, 0x0000, 0x0000, 0x0000, 0x0000,
  0x0000, 0x0000, 0x0000, 0x0000, 0x0000, 0x0000, 0x0000, 0x0000, 0x0000, 0x0000, 0x0000, 0x0000,
  0x0000, 0x0000, 0x0000, 0x0000, 0x0000, 0x0000, 0x0000, 0x0000, 0x0000, 0x0000, 0x0000, 0x0000,
  0x0000, 0x0000, 0x0000, 0x0000, 0x0000, 0x0000, 0x0000, 0x0000, 0x0000, 0x0000, 0x0000, 0x0000,
  0x0000, 0x0000, 0x0000, 0x0000, 0x0000, 0x0000, 0x0000, 0x0000, 0x0000, 0x0000, 0x0000, 0x0000,
  0x0000, 0x0000, 0x0000, 0x0000, 0x0000, 0x0000, 0x0000, 0x0000, 0x0000, 0x0000, 0x0000, 0x0000,
  0x0000, 0x0000, 0x0000, 0x0000, 0x0000, 0x0000, 0x0000, 0x0000, 0x0000, 0x0000, 0x0000, 0x0000,
  0x0000, 0x0000, 0x0000, 0x0000, 0x0000, 0x0000, 0x0000, 0x0000, 0x0000, 0x0000, 0x0000, 0x0000,
  0x0000, 0x0000, 0x0000, 0x0000, 0x0000, 0x0000, 0x0000, 0x0000, 0x0000, 0x0000, 0x0000, 0x0000,
  0x0000, 0x0000, 0x0000, 0x0000, 0x0000, 0x0000, 0x0000, 0x0000, 0x0000, 0x0000, 0x0000, 0x0000,
  0x0000, 0x0000, 0x0000, 0x0000, 0x0000, 0x0000, 0x0000, 0x0000, 0x0000, 0x0000, 0x0000, 0x0000,
  0x0000, 0x0000, 0x0000, 0x0000, 0x0000, 0x0000, 0x0000, 0x0000, 0x0000, 0x0000, 0x0000, 0x0000,
  0x0000, 0x0000, 0x0000, 0x0000, 0x0000, 0x0000, 0x0000, 0x0000, 0x0000, 0x0000, 0x0000, 0x0000,
  0x0000, 0x0000, 0x0000, 0x0000, 0x0000, 0x0000, 0x0000, 0x0000, 0x0000, 0x0000, 0x0000, 0x0000,
  0x0000, 0x0000, 0x0000, 0x0000, 0x0000, 0x0000, 0x0000, 0x0000, 0x0000, 0x0000, 0x0000, 0x0000,
  0x0000, 0x0000, 0x0000, 0x0000, 0x0000, 0x0000, 0x0000, 0x0000, 0x0000, 0x0000, 0x0000, 0x0000,
  0x0000, 0x0000, 0x0000, 0x0000, 0x0000, 0x0000, 0x0000, 0x0000, 0x0000, 0x0000, 0x0000, 0x0000,
  0x0000, 0x0000, 0x0000, 0x0000, 0x0000, 0x0000, 0x0000, 0x0000, 0x0000, 0x0000, 0x0000, 0x0000,
  0x0000, 0x0000, 0x0000, 0x0000, 0x0000, 0x0000, 0x0000, 0x0000, 0x0000, 0x0000, 0x0000, 0x0000,
  0x0000, 0x0000, 0x0000, 0x0000, 0x0000, 0x0000, 0x0000, 0x0000, 0x0000, 0x0000, 0x0000, 0x0000,
  0x0000, 0x0000, 0x0000, 0x0000, 0x0000, 0x0000, 0x0000, 0x0000, 0x0000, 0x0000, 0x0000, 0x0000,
  0x0000, 0x0000, 0x0000, 0x0000, 0x0000, 0x0000, 0x0000, 0x0000, 0x0000, 0x0000, 0x0000, 0x0000,
  0x0000, 0x0000, 0x0000, 0x0000, 0x0000, 0x0000, 0x0000, 0x0000, 0x0000, 0x0000, 0x0000, 0x0000,
  0x0000, 0x0000, 0x0000, 0x0000, 0x0000, 0x0000, 0x0000, 0x0000, 0x0000, 0x0000, 0x0000, 0x0000,
  0x0000, 0x0000, 0x0000, 0x0000, 0x0000, 0x0000, 0x0000, 0x0000, 0x0000, 0x0000, 0x0000, 0x0000,
  0x0000, 0x0000, 0x0000, 0x0000, 0x0000, 0x0000, 0x0000, 0x0000, 0x0000, 0x0000, 0x0000, 0x0000,
  0x0000, 0x0000, 0x0000, 0x0000, 0x0000, 0x0000, 0x0000, 0x0000, 0x0000, 0x0000, 0x0000, 0x0000,
  0x0000, 0x0000, 0x0000, 0x0000, 0x0000, 0x0000, 0x0000, 0x0000, 0x0000, 0x0000, 0x0000, 0x0000,
  0x0000, 0x0000, 0x0000, 0x0000, 0x0000, 0x0000, 0x0000, 0x0000, 0x0000, 0x0000, 0x0000, 0x0000,
  0x0000, 0x0000, 0x0000, 0x0000, 0x0000, 0x0000, 0x0000, 0x0000, 0x0000, 0x0000, 0x0000, 0x0000,
  0x0000, 0x0000, 0x0000, 0x0000, 0x0000, 0x0000, 0x0000, 0x0000, 0x0000, 0x0000, 0x0000, 0x0000,
  0x0000, 0x0000, 0x0000, 0x0000, 0x0000, 0x0000, 0x0000, 0x0000, 0x0000, 0x0000, 0x0000, 0x0000,
  0x0000, 0x0000, 0x0000, 0x0000, 0x0000, 0x0000, 0x0000, 0x0000, 0x0000, 0x0000, 0x0000, 0x0000,
  0x0000, 0x0000, 0x0000, 0x0000, 0x0000, 0x0000, 0x0000, 0x0000, 0x0000, 0x0000, 0x0000, 0x0000,
  0x0000, 0x0000, 0x0000, 0x0000, 0x0000, 0x0000, 0x0000, 0x0000, 0x0000, 0x0000, 0x0000, 0x0000,
  0x0000, 0x0000, 0x0000, 0x0000, 0x0000, 0x0000, 0x0000, 0x0000, 0x0000, 0x0000, 0x0000, 0x0000,
  0x0000, 0x0000, 0x0000, 0x0000, 0x0000, 0x0000, 0x0000, 0x0000, 0x0000, 0x0000, 0x0000, 0x0000,
  0x0000, 0x0000, 0x0000, 0x0000, 0x0000, 0x0000, 0x0000, 0x0000, 0x0000, 0x0000, 0x0000, 0x0000,
  0x0000, 0x0000, 0x0000, 0x0000, 0x0000, 0x0000, 0x0000, 0x0000, 0x0000, 0x0000, 0x0000, 0x0000,
  0x0000, 0x0000, 0x0000, 0x0000, 0x0000, 0x0000, 0x0000, 0x0000, 0x0000, 0x0000, 0x0000, 0x0000,
  0x0000, 0x0000, 0x0000, 0x0000, 0x0000, 0x0000, 0x0000, 0x0000, 0x0000, 0x0000, 0x0000, 0x0000,
  0x0000, 0x0000, 0x0000, 0x0000, 0x0000, 0x0000, 0x0000, 0x0000, 0x0000, 0x0000, 0x0000, 0x0000,
  0x0000, 0x0000, 0x0000, 0x0000, 0x0000, 0x0000, 0x0000, 0x0000, 0x0000, 0x0000, 0x0000, 0x0000,
  0x0000, 0x0000, 0x0000, 0x0000, 0x0000, 0x0000, 0x0000, 0x0000, 0x0000, 0x0000, 0x0000, 0x0000,
  0x0000, 0x0000, 0x0000, 0x0000, 0x0000, 0x0000, 0x0000, 0x0000, 0x0000, 0x0000, 0x0000, 0x0000,
  0x0000, 0x0000, 0x0000, 0x0000, 0x0000, 0x0000, 0x0000, 0x0000, 0x0000, 0x0000, 0x0000, 0x0000,
  0x0000, 0x0000, 0x0000, 0x0000, 0x0000, 0x0000, 0x0000, 0x0000, 0x0000, 0x0000, 0x0000, 0x0000,
  0x0000, 0x0000, 0x0000, 0x0000, 0x0000, 0x0000, 0x0000, 0x0000, 0x0000, 0x0000, 0x0000, 0x0000,
  0x0000, 0x0000, 0x0000, 0x0000, 0x0000, 0x0000, 0x0000, 0x0000, 0x0000, 0x0000, 0x0000, 0x0000,
  0x0000, 0x0000, 0x0000, 0x0000, 0x0000, 0x0000, 0x0000, 0x0000, 0x0000, 0x0000, 0x0000, 0x0000,
  0x0000, 0x0000, 0x0000, 0x0000, 0x0000, 0x0000, 0x0000, 0x0000, 0x0000, 0x0000, 0x0000, 0x0000,
  0x0000, 0x0000, 0x0000, 0x0000, 0x0000, 0x0000, 0x0000, 0x0000, 0x0000, 0x0000, 0x0000, 0x0000,
  0x0000, 0x0000, 0x0000, 0x0000, 0x0000, 0x0000, 0x0000, 0x0000, 0x0000, 0x0000, 0x0000, 0x0000,
  0x0000, 0x0000, 0x0000, 0x0000, 0x0000, 0x0000, 0x0000, 0x0000, 0x0000, 0x0000, 0x0000, 0x0000,
  0x0000, 0x0000, 0x0000, 0x0000, 0x0000, 0x0000, 0x0000, 0x0000, 0x0000, 0x0000, 0x0000, 0x0000,
  0x0000, 0x0000, 0x0000, 0x0000, 0x0000, 0x0000, 0x0000, 0x0000, 0x0000, 0x0000, 0x0000, 0x0000,
  0x0000, 0x0000, 0x0000, 0x0000, 0x0000, 0x0000, 0x0000, 0x0000, 0x0000, 0x0000, 0x0000, 0x0000,
  0x0000, 0x0000, 0x0000, 0x0000, 0x0000, 0x0000, 0x0000, 0x0000, 0x0000, 0x0000, 0x0000, 0x0000,
  0x0000, 0x0000, 0x0000, 0x0000, 0x0000, 0x0000, 0x0000, 0x0000, 0x0000, 0x0000, 0x0000, 0x0000,
  0x0000, 0x0000, 0x0000, 0x0000, 0x0000, 0x0000, 0x0000, 0x0000, 0x0000, 0x0000, 0x0000, 0x0000,
  0x0000, 0x0000, 0x0000, 0x0000, 0x0000, 0x0000, 0x0000, 0x0000, 0x0000, 0x0000, 0x0000, 0x0000,
  0x0000, 0x0000, 0x0000, 0x0000, 0x0000, 0x0000, 0x0000, 0x0000, 0x0000, 0x0000, 0x0000, 0x0000,
  0x0000, 0x0000, 0x0000, 0x0000, 0x0000, 0x0000, 0x0000, 0x0000, 0x0000, 0x0000, 0x0000, 0x0000,
  0x0000, 0x0000, 0x0000, 0x0000, 0x0000, 0x0000, 0x0000, 0x0000, 0x0000, 0x0000, 0x0000, 0x0000,
  0x0000, 0x0000, 0x0000, 0x0000, 0x0000, 0x0000, 0x0000, 0x0000, 0x0000, 0x0000, 0x0000, 0x0000,
  0x0000, 0x0000, 0x0000, 0x0000, 0x0000, 0x0000, 0x0000, 0x0000, 0x0000, 0x0000, 0x0000, 0x0000,
  0x0000, 0x0000, 0x0000, 0x0000, 0x0000, 0x0000, 0x0000, 0x0000, 0x0000, 0x0000, 0x0000, 0x0000,
  0x0000, 0x0000, 0x0000, 0x0000, 0x0000, 0x0000, 0x0000, 0x0000, 0x0000, 0x0000, 0x0000, 0x0000,
  0x0000, 0x0000, 0x0000, 0x0000, 0x0000, 0x0000, 0x0000, 0x0000, 0x0000, 0x0000, 0x0000, 0x0000,
  0x0000, 0x0000, 0x0000, 0x0000, 0x0000, 0x0000, 0x0000, 0x0000, 0x0000, 0x0000, 0x0000, 0x0000,
  0x0000, 0x0000, 0x0000, 0x0000, 0x0000, 0x0000, 0x0000, 0x0000, 0x0000, 0x0000, 0x0000, 0x0000,
  0x0000, 0x0000, 0x0000, 0x0000, 0x0000, 0x0000, 0x0000, 0x0000, 0x0000, 0x0000, 0x0000, 0x0000,
  0x0000, 0x0000, 0x0000, 0x0000, 0x0000, 0x0000, 0x0000, 0x0000, 0x0000, 0x0000, 0x0000, 0x0000,
  0x0000, 0x0000, 0x0000, 0x0000, 0x0000, 0x0000, 0x0000, 0x0000, 0x0000, 0x0000, 0x0000, 0x0000,
  0x0000, 0x0000, 0x0000, 0x0000, 0x0000, 0x0000, 0x0000, 0x0000, 0x0000, 0x0000, 0x0000, 0x0000,
  0x0000, 0x0000, 0x0000, 0x0000, 0x0000, 0x0000, 0x0000, 0x0000, 0x0000, 0x0000, 0x0000, 0x0000,
  0x0000, 0x0000, 0x0000, 0x0000, 0x0000, 0x0000, 0x0000, 0x0000, 0x0000, 0x0000, 0x0000, 0x0000,
  0x0000, 0x0000, 0x0000, 0x0000, 0x0000, 0x0000, 0x0000, 0x0000, 0x0000, 0x0000, 0x0000, 0x0000,
  0x0000, 0x0000, 0x0000, 0x0000, 0x0000, 0x0000, 0x0000, 0x0000, 0x0000, 0x0000, 0x0000, 0x0000,
  0x0000, 0x0000, 0x0000, 0x0000, 0x0000, 0x0000, 0x0000, 0x0000, 0x0000, 0x0000, 0x0000, 0x0000,
  0x0000, 0x0000, 0x0000, 0x0000, 0x0000, 0x0000, 0x0000, 0x0000, 0x0000, 0x0000, 0x0000, 0x0000,
  0x0000, 0x0000, 0x0000, 0x0000, 0x0000, 0x0000, 0x0000, 0x0000, 0x0000, 0x0000, 0x0000, 0x0000,
  0x0000, 0x0000, 0x0000, 0x0000, 0x0000, 0x0000, 0x0000, 0x0000, 0x0000, 0x0000, 0x0000, 0x0000,
  0x0000, 0x0000, 0x0000, 0x0000, 0x0000, 0x0000, 0x0000, 0x0000, 0x0000, 0x0000, 0x0000, 0x0000,
  0x0000, 0x0000, 0x0000, 0x0000, 0x0000, 0x0000, 0x0000, 0x0000, 0x0000, 0x0000, 0x0000, 0x0000,
  0x0000, 0x0000, 0x0000, 0x0000, 0x0000, 0x0000, 0x0000, 0x0000, 0x0000, 0x0000, 0x0000, 0x0000,
  0x0000, 0x0000, 0x0000, 0x0000, 0x0000, 0x0000, 0x0000, 0x0000, 0x0000, 0x0000, 0x0000, 0x0000,
  0x0000, 0x0000, 0x0000, 0x0000, 0x0000, 0x0000, 0x0000, 0x0000, 0x0000, 0x0000, 0x0000, 0x0000,
  0x0000, 0x0000, 0x0000, 0x0000, 0x0000, 0x0000, 0x0000, 0x0000, 0x0000, 0x0000, 0x0000, 0x0000,
  0x0000, 0x0000, 0x0000, 0x0000, 0x0000, 0x0000, 0x0000, 0x0000, 0x0000, 0x0000, 0x0000, 0x0000,
  0x0000, 0x0000, 0x0000, 0x0000, 0x0000, 0x0000, 0x0000, 0x0000, 0x0000, 0x0000, 0x0000, 0x0000,
  0x0000, 0x0000, 0x0000, 0x0000, 0x0000, 0x0000, 0x0000, 0x0000, 0x0000, 0x0000, 0x0000, 0x0000,
  0x0000, 0x0000, 0x0000, 0x0000, 0x0000, 0x0000, 0x0000, 0x0000, 0x0000, 0x0000, 0x0000, 0x0000,
  0x0000, 0x0000, 0x0000, 0x0000, 0x0000, 0x0000, 0x0000, 0x0000, 0x0000, 0x0000, 0x0000, 0x0000,
  0x0000, 0x0000, 0x0000, 0x0000, 0x0000, 0x0000, 0x0000, 0x0000, 0x0000, 0x0000, 0x0000, 0x0000,
  0x0000, 0x0000, 0x0000, 0x0000, 0x0000, 0x0000, 0x0000, 0x0000, 0x0000, 0x0000, 0x0000, 0x0000,
  0x0000, 0x0000, 0x0000, 0x0000, 0x0000, 0x0000, 0x0000, 0x0000, 0x0000, 0x0000, 0x0000, 0x0000,
  0x0000, 0x0000, 0x0000, 0x0000, 0x0000, 0x0000, 0x0000, 0x0000, 0x0000, 0x0000, 0x0000, 0x0000,
  0x0000, 0x0000, 0x0000, 0x0000, 0x0000, 0x0000, 0x0000, 0x0000, 0x0000, 0x0000, 0x0000, 0x0000,
  0x0000, 0x0000, 0x0000, 0x0000, 0x0000, 0x0000, 0x0000, 0x0000, 0x0000, 0x0000, 0x0000, 0x0000,
  0x0000, 0x0000, 0x0000, 0x0000, 0x0000, 0x0000, 0x0000, 0x0000, 0x0000, 0x0000, 0x0000, 0x0000,
  0x0000, 0x0000, 0x0000, 0x0000, 0x0000, 0x0000, 0x0000, 0x0000, 0x0000, 0x0000, 0x0000, 0x0000,
  0x0000, 0x0000, 0x0000, 0x0000, 0x0000, 0x0000, 0x0000, 0x0000, 0x0000, 0x0000, 0x0000, 0x0000,
  0x0000, 0x0000, 0x0000, 0x0000, 0x0000, 0x0000, 0x0000, 0x0000, 0x0000, 0x0000, 0x0000, 0x0000,
  0x0000, 0x0000, 0x0000, 0x0000, 0x0000, 0x0000, 0x0000, 0x0000, 0x0000, 0x0000, 0x0000, 0x0000,
  0x0000, 0x0000, 0x0000, 0x0000, 0x0000, 0x0000, 0x0000, 0x0000, 0x0000, 0x0000, 0x0000, 0x0000,
  0x0000, 0x0000, 0x0000, 0x0000, 0x0000, 0x0000, 0x0000, 0x0000, 0x0000, 0x0000, 0x0000, 0x0000,
  0x0000, 0x0000, 0x0000, 0x0000, 0x0000, 0x0000, 0x0000, 0x0000, 0x0000, 0x0000, 0x0000, 0x0000,
  0x0000, 0x0000, 0x0000, 0x0000, 0x0000, 0x0000, 0x0000, 0x0000, 0x0000, 0x0000, 0x0000, 0x0000,
  0x0000, 0x0000, 0x0000, 0x0000, 0x0000, 0x0000, 0x0000, 0x0000, 0x0000, 0x0000, 0x0000, 0x0000,
  0x0000, 0x0000, 0x0000, 0x0000, 0x0000, 0x0000, 0x0000, 0x0000, 0x0000, 0x0000, 0x0000, 0x0000,
  0x0000, 0x0000, 0x0000, 0x0000, 0x0000, 0x0000, 0x0000, 0x0000, 0x0000, 0x0000, 0x0000, 0x0000,
  0x0000, 0x0000, 0x0000, 0x0000, 0x0000, 0x0000, 0x0000, 0x0000, 0x0000, 0x0000, 0x0000, 0x0000,
  0x0000, 0x0000, 0x0000, 0x0000, 0x0000, 0x0000, 0x0000, 0x0000, 0x0000, 0x0000, 0x0000, 0x0000,
  0x0000, 0x0000, 0x0000, 0x0000, 0x0000, 0x0000, 0x0000, 0x0000, 0x0000, 0x0000, 0x0000, 0x0000,
  0x0000, 0x0000, 0x0000, 0x0000, 0x0000, 0x0000, 0x0000, 0x0000, 0x0000, 0x0000, 0x0000, 0x0000,
  0x0000, 0x0000, 0x0000, 0x0000, 0x0000, 0x0000, 0x0000, 0x0000, 0x0000, 0x0000, 0x0000, 0x0000,
  0x0000, 0x0000, 0x0000, 0x0000, 0x0000, 0x0000, 0x0000, 0x0000, 0x0000, 0x0000, 0x0000, 0x0000,
  0x0000, 0x0000, 0x0000, 0x0000, 0x0000, 0x0000, 0x0000, 0x0000, 0x0000, 0x0000, 0x0000, 0x0000,
  0x0000, 0x0000, 0x0000, 0x0000, 0x0000, 0x0000, 0x0000, 0x0000, 0x0000, 0x0000, 0x0000, 0x0000,
  0x0000, 0x0000, 0x0000, 0x0000, 0x0000, 0x0000, 0x0000, 0x0000, 0x0000, 0x0000, 0x0000, 0x0000,
  0x0000, 0x0000, 0x0000, 0x0000, 0x0000, 0x0000, 0x0000, 0x0000, 0x0000, 0x0000, 0x0000, 0x0000,
  0x0000, 0x0000, 0x0000, 0x0000, 0x0000, 0x0000, 0x0000, 0x0000, 0x0000, 0x0000, 0x0000, 0x0000,
  0x0000, 0x0000, 0x0000, 0x0000, 0x0000, 0x0000, 0x0000, 0x0000, 0x0000, 0x0000, 0x0000, 0x0000,
  0x0000, 0x0000, 0x0000, 0x0000, 0x0000, 0x0000, 0x0000, 0x0000, 0x0000, 0x0000, 0x0000, 0x0000,
  0x0000, 0x0000, 0x0000, 0x0000, 0x0000, 0x0000, 0x0000, 0x0000, 0x0000, 0x0000, 0x0000, 0x0000,
  0x0000, 0x0000, 0x0000, 0x0000, 0x0000, 0x0000, 0x0000, 0x0000, 0x0000, 0x0000, 0x0000, 0x0000,
  0x0000, 0x0000, 0x0000, 0x0000, 0x0000, 0x0000, 0x0000, 0x0000, 0x0000, 0x0000, 0x0000, 0x0000,
  0x0000, 0x0000, 0x0000, 0x0000, 0x0000, 0x0000, 0x0000, 0x0000, 0x0000, 0x0000, 0x0000, 0x0000,
  0x0000, 0x0000, 0x0000, 0x0000, 0x0000, 0x0000, 0x0000, 0x0000, 0x0000, 0x0000, 0x0000, 0x0000,
  0x0000, 0x0000, 0x0000, 0x0000, 0x0000, 0x0000, 0x0000, 0x0000, 0x0000, 0x0000, 0x0000, 0x0000,
  0x0000, 0x0000, 0x0000, 0x0000, 0x0000, 0x0000, 0x0000, 0x0000, 0x0000, 0x0000, 0x0000, 0x0000,
  0x0000, 0x0000, 0x0000, 0x0000, 0x0000, 0x0000, 0x0000, 0x0000, 0x0000, 0x0000, 0x0000, 0x0000,
  0x0000, 0x0000, 0x0000, 0x0000, 0x0000, 0x0000, 0x0000, 0x0000, 0x0000, 0x0000, 0x0000, 0x0000,
  0x0000, 0x0000, 0x0000, 0x0000, 0x0000, 0x0000, 0x0000, 0x0000, 0x0000, 0x0000, 0x0000, 0x0000,
  0x0000, 0x0000, 0x0000, 0x0000, 0x0000, 0x0000, 0x0000, 0x0000, 0x0000, 0x0000, 0x0000, 0x0000,
  0x0000, 0x0000, 0x0000, 0x0000, 0x0000, 0x0000, 0x0000, 0x0000, 0x0000, 0x0000, 0x0000, 0x0000,
  0x0000, 0x0000, 0x0000, 0x0000, 0x0000, 0x0000, 0x0000, 0x0000, 0x0000, 0x0000, 0x0000, 0x0000,
  0x0000, 0x0000, 0x0000, 0x0000, 0x0000, 0x0000, 0x0000, 0x0000, 0x0000, 0x0000, 0x0000, 0x0000,
  0x0000, 0x0000, 0x0000, 0x0000, 0x0000, 0x0000, 0x0000, 0x0000, 0x0000, 0x0000, 0x0000, 0x0000,
  0x0000, 0x0000, 0x0000, 0x0000, 0x0000, 0x0000, 0x0000, 0x0000, 0x0000, 0x0000, 0x0000, 0x0000,
  0x0000, 0x0000, 0x0000, 0x0000, 0x0000, 0x0000, 0x0000, 0x0000, 0x0000, 0x0000, 0x0000, 0x0000,
  0x0000, 0x0000, 0x0000, 0x0000, 0x0000, 0x0000, 0x0000, 0x0000, 0x0000, 0x0000, 0x0000, 0x0000,
  0x0000, 0x0000, 0x0000, 0x0000, 0x0000, 0x0000, 0x0000, 0x0000, 0x0000, 0x0000, 0x0000, 0x0000,
  0x0000, 0x0000, 0x0000, 0x0000, 0x0000, 0x0000, 0x0000, 0x0000, 0x0000, 0x0000, 0x0000, 0x0000,
  0x0000, 0x0000, 0x0000, 0x0000, 0x0000, 0x0000, 0x0000, 0x0000, 0x0000, 0x0000, 0x0000, 0x0000,
  0x0000, 0x0000, 0x0000, 0x0000, 0x0000, 0x0000, 0x0000, 0x0000, 0x0000, 0x0000, 0x0000, 0x0000,
  0x0000, 0x0000, 0x0000, 0x0000, 0x0000, 0x0000, 0x0000, 0x0000, 0x0000, 0x0000, 0x0000, 0x0000,
  0x0000, 0x0000, 0x0000, 0x0000, 0x0000, 0x0000, 0x0000, 0x0000, 0x0000, 0x0000, 0x0000, 0x0000,
  0x0000, 0x0000, 0x0000, 0x0000, 0x0000, 0x0000, 0x0000, 0x0000, 0x0000, 0x0000, 0x0000, 0x0000,
  0x0000, 0x0000, 0x0000, 0x0000, 0x0000, 0x0000, 0x0000, 0x0000, 0x0000, 0x0000, 0x0000, 0x0000,
  0x0000, 0x0000, 0x0000, 0x0000, 0x0000, 0x0000, 0x0000, 0x0000, 0x0000, 0x0000, 0x0000, 0x0000,
  0x0000, 0x0000, 0x0000, 0x0000, 0x0000, 0x0000, 0x0000, 0x0000, 0x0000, 0x0000, 0x0000, 0x0000,
  0x0000, 0x0000, 0x0000, 0x0000, 0x0000, 0x0000, 0x0000, 0x0000, 0x0000, 0x0000, 0x0000, 0x0000,
  0x0000, 0x0000, 0x0000, 0x0000, 0x0000, 0x0000, 0x0000, 0x0000, 0x0000, 0x0000, 0x0000, 0x0000,
  0x0000, 0x0000, 0x0000, 0x0000, 0x0000, 0x0000, 0x0000, 0x0000, 0x0000, 0x0000, 0x0000, 0x0000,
  0x0000, 0x0000, 0x0000, 0x0000, 0x0000, 0x0000, 0x0000, 0x0000, 0x0000, 0x0000, 0x0000, 0x0000,
  0x0000, 0x0000, 0x0000, 0x0000, 0x0000, 0x0000, 0x0000, 0x0000, 0x0000, 0x0000, 0x0000, 0x0000,
  0x0000, 0x0000, 0x0000, 0x0000, 0x0000, 0x0000, 0x0000, 0x0000, 0x0000, 0x0000, 0x0000, 0x0000,
  0x0000, 0x0000, 0x0000, 0x0000, 0x0000, 0x0000, 0x0000, 0x0000, 0x0000, 0x0000, 0x0000, 0x0000,
  0x0000, 0x0000, 0x0000, 0x0000, 0x0000, 0x0000, 0x0000, 0x0000, 0x0000, 0x0000, 0x0000, 0x0000,
  0x0000, 0x0000, 0x0000, 0x0000, 0x0000, 0x0000, 0x0000, 0x0000, 0x0000, 0x0000, 0x0000, 0x0000,
  0x0000, 0x0000, 0x0000, 0x0000, 0x0000, 0x0000, 0x0000, 0x0000, 0x0000, 0x0000, 0x0000, 0x0000,
  0x0000, 0x0000, 0x0000, 0x0000, 0x0000, 0x0000, 0x0000, 0x0000, 0x0000, 0x0000, 0x0000, 0x0000,
  0x0000, 0x0000, 0x0000, 0x0000, 0x0000, 0x0000, 0x0000, 0x0000, 0x0000, 0x0000, 0x0000, 0x0000,
  0x0000, 0x0000, 0x0000, 0x0000, 0x0000, 0x0000, 0x0000, 0x0000, 0x0000, 0x0000, 0x0000, 0x0000,
  0x0000, 0x0000, 0x0000, 0x0000, 0x0000, 0x0000, 0x0000, 0x0000, 0x0000, 0x0000, 0x0000, 0x0000,
  0x0000, 0x0000, 0x0000, 0x0000, 0x0000, 0x0000, 0x0000, 0x0000, 0x0000, 0x0000, 0x0000, 0x0000,
  0x0000, 0x0000, 0x0000, 0x0000, 0x0000, 0x0000, 0x0000, 0x0000, 0x0000, 0x0000, 0x0000, 0x0000,
  0x0000, 0x0000, 0x0000, 0x0000, 0x0000, 0x0000, 0x0000, 0x0000, 0x0000, 0x0000, 0x0000, 0x0000,
  0x0000, 0x0000, 0x0000, 0x0000, 0x0000, 0x0000, 0x0000, 0x0000, 0x0000, 0x0000, 0x0000, 0x0000,
  0x0000, 0x0000, 0x0000, 0x0000, 0x0000, 0x0000, 0x0000, 0x0000, 0x0000, 0x0000, 0x0000, 0x0000,
  0x0000, 0x0000, 0x0000, 0x0000, 0x0000, 0x0000, 0x0000, 0x0000, 0x0000, 0x0000, 0x0000, 0x0000,
  0x0000, 0x0000, 0x0000, 0x0000, 0x0000, 0x0000, 0x0000, 0x0000, 0x0000, 0x0000, 0x0000, 0x0000,
  0x0000, 0x0000, 0x0000, 0x0000, 0x0000, 0x0000, 0x0000, 0x0000, 0x0000, 0x0000, 0x0000, 0x0000,
  0x0000, 0x0000, 0x0000, 0x0000, 0x0000, 0x0000, 0x0000, 0x0000, 0x0000, 0x0000, 0x0000, 0x0000,
  0x0000, 0x0000, 0x0000, 0x0000, 0x0000, 0x0000, 0x0000, 0x0000, 0x0000, 0x0000, 0x0000, 0x0000,
  0x0000, 0x0000, 0x0000, 0x0000, 0x0000, 0x0000, 0x0000, 0x0000, 0x0000, 0x0000, 0x0000, 0x0000,
  0x0000, 0x0000, 0x0000, 0x0000, 0x0000, 0x0000, 0x0000, 0x0000, 0x0000, 0x0000, 0x0000, 0x0000,
  0x0000, 0x0000, 0x0000, 0x0000, 0x0000, 0x0000, 0x0000, 0x0000, 0x0000, 0x0000, 0x0000, 0x0000,
  0x0000, 0x0000, 0x0000, 0x0000, 0x0000, 0x0000, 0x0000, 0x0000, 0x0000, 0x0000, 0x0000, 0x0000,
  0x0000, 0x0000, 0x0000, 0x0000, 0x0000, 0x0000, 0x0000, 0x0000, 0x0000, 0x0000, 0x0000, 0x0000,
  0x0000, 0x0000, 0x0000, 0x0000, 0x0000, 0x0000, 0x0000, 0x0000, 0x0000, 0x0000, 0x0000, 0x0000,
  0x0000, 0x0000, 0x0000, 0x0000, 0x0000, 0x0000, 0x0000, 0x0000, 0x0000, 0x0000, 0x0000, 0x0000,
  0x0000, 0x0000, 0x0000, 0x0000, 0x0000, 0x0000, 0x0000, 0x0000, 0x0000, 0x0000, 0x0000, 0x0000,
  0x0000, 0x0000, 0x0000, 0x0000, 0x0000, 0x0000, 0x0000, 0x0000, 0x0000, 0x0000, 0x0000, 0x0000,
  0x0000, 0x0000, 0x0000, 0x0000, 0x0000, 0x0000, 0x0000, 0x0000, 0x0000, 0x0000, 0x0000, 0x0000,
  0x0000, 0x0000, 0x0000, 0x0000, 0x0000, 0x0000, 0x0000, 0x0000, 0x0000, 0x0000, 0x0000, 0x0000,
  0x0000, 0x0000, 0x0000, 0x0000, 0x0000, 0x0000, 0x0000, 0x0000, 0x0000, 0x0000, 0x0000, 0x0000,
  0x0000, 0x0000, 0x0000, 0x0000, 0x0000, 0x0000, 0x0000, 0x0000, 0x0000, 0x0000, 0x0000, 0x0000,
  0x0000, 0x0000, 0x0000, 0x0000, 0x0000, 0x0000, 0x0000, 0x0000, 0x0000, 0x0000, 0x0000, 0x0000,
  0x0000, 0x0000, 0x0000, 0x0000, 0x0000, 0x0000, 0x0000, 0x0000, 0x0000, 0x0000, 0x0000, 0x0000,
  0x0000, 0x0000, 0x0000, 0x0000, 0x0000, 0x0000, 0x0000, 0x0000, 0x0000, 0x0000, 0x0000, 0x0000,
  0x0000, 0x0000, 0x0000, 0x0000, 0x0000, 0x0000, 0x0000, 0x0000, 0x0000, 0x0000, 0x0000, 0x0000,
  0x0000, 0x0000, 0x0000, 0x0000, 0x0000, 0x0000, 0x0000, 0x0000, 0x0000, 0x0000, 0x0000, 0x0000,
  0x0000, 0x0000, 0x0000, 0x0000, 0x0000, 0x0000, 0x0000, 0x0000, 0x0000, 0x0000, 0x0000, 0x0000,
  0x0000, 0x0000, 0x0000, 0x0000, 0x0000, 0x0000, 0x0000, 0x0000, 0x0000, 0x0000, 0x0000, 0x0000,
  0x0000, 0x0000, 0x0000, 0x0000, 0x0000, 0x0000, 0x0000, 0x0000, 0x0000, 0x0000, 0x0000, 0x0000,
  0x0000, 0x0000, 0x0000, 0x0000, 0x0000, 0x0000, 0x0000, 0x0000, 0x0000, 0x0000, 0x0000, 0x0000,
  0x0000, 0x0000, 0x0000, 0x0000, 0x0000, 0x0000, 0x0000, 0x0000, 0x0000, 0x0000, 0x0000, 0x0000,
  0x0000, 0x0000, 0x0000, 0x0000, 0x0000, 0x0000, 0x0000, 0x0000, 0x0000, 0x0000, 0x0000, 0x0000,
  0x0000, 0x0000, 0x0000, 0x0000, 0x0000, 0x0000, 0x0000, 0x0000, 0x0000, 0x0000, 0x0000, 0x0000,
  0x0000, 0x0000, 0x0000, 0x0000, 0x0000, 0x0000, 0x0000, 0x0000, 0x0000, 0x0000, 0x0000, 0x0000,
  0x0000, 0x0000, 0x0000, 0x0000, 0x0000, 0x0000, 0x0000, 0x0000, 0x0000, 0x0000, 0x0000, 0x0000,
  0x0000, 0x0000, 0x0000, 0x0000, 0x0000, 0x0000, 0x0000, 0x0000, 0x0000, 0x0000, 0x0000, 0x0000,
  0x0000, 0x0000, 0x0000, 0x0000, 0x0000, 0x0000, 0x0000, 0x0000, 0x0000, 0x0000, 0x0000, 0x0000,
  0x0000, 0x0000, 0x0000, 0x0000, 0x0000, 0x0000, 0x0000, 0x0000, 0x0000, 0x0000, 0x0000, 0x0000,
  0x0000, 0x0000, 0x0000, 0x0000, 0x0000, 0x0000, 0x0000, 0x0000, 0x0000, 0x0000, 0x0000, 0x0000,
  0x0000, 0x0000, 0x0000, 0x0000, 0x0000, 0x0000, 0x0000, 0x0000, 0x0000, 0x0000, 0x0000, 0x0000,
  0x0000, 0x0000, 0x0000, 0x0000, 0x0000, 0x0000, 0x0000, 0x0000, 0x0000, 0x0000, 0x0000, 0x0000,
  0x0000, 0x0000, 0x0000, 0x0000, 0x0000, 0x0000, 0x0000, 0x0000, 0x0000, 0x0000, 0x0000, 0x0000,
  0x0000, 0x0000, 0x0000, 0x0000, 0x0000, 0x0000, 0x0000, 0x0000, 0x0000, 0x0000, 0x0000, 0x0000,
  0x0000, 0x0000, 0x0000, 0x0000, 0x0000, 0x0000, 0x0000, 0x0000, 0x0000, 0x0000, 0x0000, 0x0000,
  0x0000, 0x0000, 0x0000, 0x0000, 0x0000, 0x0000, 0x0000, 0x0000, 0x0000, 0x0000, 0x0000, 0x0000,
  0x0000, 0x0000, 0x0000, 0x0000, 0x0000, 0x0000, 0x0000, 0x0000, 0x0000, 0x0000, 0x0000, 0x0000,
  0x0000, 0x0000, 0x0000, 0x0000, 0x0000, 0x0000, 0x0000, 0x0000, 0x0000, 0x0000, 0x0000, 0x0000,
  0x0000, 0x0000, 0x0000, 0x0000, 0x0000, 0x0000, 0x0000, 0x0000, 0x0000, 0x0000, 0x0000, 0x0000,
  0x0000, 0x0000, 0x0000, 0x0000, 0x0000, 0x0000, 0x0000, 0x0000, 0x0000, 0x0000, 0x0000, 0x0000,
  0x0000, 0x0000, 0x0000, 0x0000, 0x0000, 0x0000, 0x0000, 0x0000, 0x0000, 0x0000, 0x0000, 0x0000,
  0x0000, 0x0000, 0x0000, 0x0000, 0x0000, 0x0000, 0x0000, 0x0000, 0x0000, 0x0000, 0x0000, 0x0000,
  0x0000, 0x0000, 0x0000, 0x0000, 0x0000, 0x0000, 0x0000, 0x0000, 0x0000, 0x0000, 0x0000, 0x0000,
  0x0000, 0x0000, 0x0000, 0x0000, 0x0000, 0x0000, 0x0000, 0x0000, 0x0000, 0x0000, 0x0000, 0x0000,
  0x0000, 0x0000, 0x0000, 0x0000, 0x0000, 0x0000, 0x0000, 0x0000, 0x0000, 0x0000, 0x0000, 0x0000,
  0x0000, 0x0000, 0x0000, 0x0000, 0x0000, 0x0000, 0x0000, 0x0000, 0x0000, 0x0000, 0x0000, 0x0000,
  0x0000, 0x0000, 0x0000, 0x0000, 0x0000, 0x0000, 0x0000, 0x0000, 0x0000, 0x0000, 0x0000, 0x0000,
  0x0000, 0x0000, 0x0000, 0x0000, 0x0000, 0x0000, 0x0000, 0x0000, 0x0000, 0x0000, 0x0000, 0x0000,
  0x0000, 0x0000, 0x0000, 0x0000, 0x0000, 0x0000, 0x0000, 0x0000, 0x0000, 0x0000, 0x0000, 0x0000,
  0x0000, 0x0000, 0x0000, 0x0000, 0x0000, 0x0000, 0x0000, 0x0000, 0x0000, 0x0000, 0x0000, 0x0000,
  0x0000, 0x0000, 0x0000, 0x0000, 0x0000, 0x0000, 0x0000, 0x0000, 0x0000, 0x0000, 0x0000, 0x0000,
  0x0000, 0x0000, 0x0000, 0x0000, 0x0000, 0x0000, 0x0000, 0x0000, 0x0000, 0x0000, 0x0000, 0x0000,
  0x0000, 0x0000, 0x0000, 0x0000, 0x0000, 0x0000, 0x0000, 0x0000, 0x0000, 0x0000, 0x0000, 0x0000,
  0x0000, 0x0000, 0x0000, 0x0000, 0x0000, 0x0000, 0x0000, 0x0000, 0x0000, 0x0000, 0x0000, 0x0000,
  0x0000, 0x0000, 0x0000, 0x0000, 0x0000, 0x0000, 0x0000, 0x0000, 0x0000, 0x0000, 0x0000, 0x0000,
  0x0000, 0x0000, 0x0000, 0x0000, 0x0000, 0x0000, 0x0000, 0x0000, 0x0000, 0x0000, 0x0000, 0x0000,
  0x0000, 0x0000, 0x0000, 0x0000, 0x0000, 0x0000, 0x0000, 0x0000, 0x0000, 0x0000, 0x0000, 0x0000,
  0x0000, 0x0000, 0x0000, 0x0000, 0x0000, 0x0000, 0x0000, 0x0000, 0x0000, 0x0000, 0x0000, 0x0000,
  0x0000, 0x0000, 0x0000, 0x0000, 0x0000, 0x0000, 0x0000, 0x0000, 0x0000, 0x0000, 0x0000, 0x0000,
  0x0000, 0x0000, 0x0000, 0x0000, 0x0000, 0x0000, 0x0000, 0x0000, 0x0000, 0x0000, 0x0000, 0x0000,
  0x0000, 0x0000, 0x0000, 0x0000, 0x0000, 0x0000, 0x0000, 0x0000, 0x0000, 0x0000, 0x0000, 0x0000,
  0x0000, 0x0000, 0x0000, 0x0000, 0x0000, 0x0000, 0x0000, 0x0000, 0x0000, 0x0000, 0x0000, 0x0000,
  0x0000, 0x0000, 0x0000, 0x0000, 0x0000, 0x0000, 0x0000, 0x0000, 0x0000, 0x0000, 0x0000, 0x0000,
  0x0000, 0x0000, 0x0000, 0x0000, 0x0000, 0x0000, 0x0000, 0x0000, 0x0000, 0x0000, 0x0000, 0x0000,
  0x0000, 0x0000, 0x0000, 0x0000, 0x0000, 0x0000, 0x0000, 0x0000, 0x0000, 0x0000, 0x0000, 0x0000,
  0x0000, 0x0000, 0x0000, 0x0000, 0x0000, 0x0000, 0x0000, 0x0000, 0x0000, 0x0000, 0x0000, 0x0000,
  0x0000, 0x0000, 0x0000, 0x0000, 0x0000, 0x0000, 0x0000, 0x0000, 0x0000, 0x0000, 0x0000, 0x0000,
  0x0000, 0x0000, 0x0000, 0x0000, 0x0000, 0x0000, 0x0000, 0x0000, 0x0000, 0x0000, 0x0000, 0x0000,
  0x0000, 0x0000, 0x0000, 0x0000, 0x0000, 0x0000, 0x0000, 0x0000, 0x0000, 0x0000, 0x0000, 0x0000,
  0x0000, 0x0000, 0x0000, 0x0000, 0x0000, 0x0000, 0x0000, 0x0000, 0x0000, 0x0000, 0x0000, 0x0000,
  0x0000, 0x0000, 0x0000, 0x0000, 0x0000, 0x0000, 0x0000, 0x0000, 0x0000, 0x0000, 0x0000, 0x0000,
  0x0000, 0x0000, 0x0000, 0x0000, 0x0000, 0x0000, 0x0000, 0x0000, 0x0000, 0x0000, 0x0000, 0x0000,
  0x0000, 0x0000, 0x0000, 0x0000, 0x0000, 0x0000, 0x0000, 0x0000, 0x0000, 0x0000, 0x0000, 0x0000,
  0x0000, 0x0000, 0x0000, 0x0000, 0x0000, 0x0000, 0x0000, 0x0000, 0x0000, 0x0000, 0x0000, 0x0000,
  0x0000, 0x0000, 0x0000, 0x0000, 0x0000, 0x0000, 0x0000, 0x0000, 0x0000, 0x0000, 0x0000, 0x0000,
  0x0000, 0x0000, 0x0000, 0x0000, 0x0000, 0x0000, 0x0000, 0x0000, 0x0000, 0x0000, 0x0000, 0x0000,
  0x0000, 0x0000, 0x0000, 0x0000, 0x0000, 0x0000, 0x0000, 0x0000, 0x0000, 0x0000, 0x0000, 0x0000,
  0x0000, 0x0000, 0x0000, 0x0000, 0x0000, 0x0000, 0x0000, 0x0000, 0x0000, 0x0000, 0x0000, 0x0000,
  0x0000, 0x0000, 0x0000, 0x0000, 0x0000, 0x0000, 0x0000, 0x0000, 0x0000, 0x0000, 0x0000, 0x0000,
  0x0000, 0x0000, 0x0000, 0x0000, 0x0000, 0x0000, 0x0000, 0x0000, 0x0000, 0x0000, 0x0000, 0x0000,
  0x0000, 0x0000, 0x0000, 0x0000, 0x0000, 0x0000, 0x0000, 0x0000, 0x0000, 0x0000, 0x0000, 0x0000,
  0x0000, 0x0000, 0x0000, 0x0000, 0x0000, 0x0000, 0x0000, 0x0000, 0x0000, 0x0000, 0x0000, 0x0000,
  0x0000, 0x0000, 0x0000, 0x0000, 0x0000, 0x0000, 0x0000, 0x0000, 0x0000, 0x0000, 0x0000, 0x0000,
  0x0000, 0x0000, 0x0000, 0x0000, 0x0000, 0x0000, 0x0000, 0x0000, 0x0000, 0x0000, 0x0000, 0x0000,
  0x0000, 0x0000, 0x0000, 0x0000, 0x0000, 0x0000, 0x0000, 0x0000, 0x0000, 0x0000, 0x0000, 0x0000,
  0x0000, 0x0000, 0x0000, 0x0000, 0x0000, 0x0000, 0x0000, 0x0000, 0x0000, 0x0000, 0x0000, 0x0000,
  0x0000, 0x0000, 0x0000, 0x0000, 0x0000, 0x0000, 0x0000, 0x0000, 0x0000, 0x0000, 0x0000, 0x0000,
  0x0000, 0x0000, 0x0000, 0x0000, 0x0000, 0x0000, 0x0000, 0x0000, 0x0000, 0x0000, 0x0000, 0x0000,
  0x0000, 0x0000, 0x0000, 0x0000, 0x0000, 0x0000, 0x0000, 0x0000, 0x0000, 0x0000, 0x0000, 0x0000,
  0x0000, 0x0000, 0x0000, 0x0000, 0x0000, 0x0000, 0x0000, 0x0000, 0x0000, 0x0000, 0x0000, 0x0000,
  0x0000, 0x0000, 0x0000, 0x0000, 0x0000, 0x0000, 0x0000, 0x0000, 0x0000, 0x0000, 0x0000, 0x0000,
  0x0000, 0x0000, 0x0000, 0x0000, 0x0000, 0x0000, 0x0000, 0x0000, 0x0000, 0x0000, 0x0000, 0x0000,
  0x0000, 0x0000, 0x0000, 0x0000, 0x0000, 0x0000, 0x0000, 0x0000, 0x0000, 0x0000, 0x0000, 0x0000,
  0x0000, 0x0000, 0x0000, 0x0000, 0x0000, 0x0000, 0x0000, 0x0000, 0x0000, 0x0000, 0x0000, 0x0000,
  0x0000, 0x0000, 0x0000, 0x0000, 0x0000, 0x0000, 0x0000, 0x0000, 0x0000, 0x0000, 0x0000, 0x0000,
  0x0000, 0x0000, 0x0000, 0x0000, 0x0000, 0x0000, 0x0000, 0x0000, 0x0000, 0x0000, 0x0000, 0x0000,
  0x0000, 0x0000, 0x0000, 0x0000, 0x0000, 0x0000, 0x0000, 0x0000, 0x0000, 0x0000, 0x0000, 0x0000,
  0x0000, 0x0000, 0x0000, 0x0000, 0x0000, 0x0000, 0x0000, 0x0000, 0x0000, 0x0000, 0x0000, 0x0000,
  0x0000, 0x0000, 0x0000, 0x0000, 0x0000, 0x0000, 0x0000, 0x0000, 0x0000, 0x0000, 0x0000, 0x0000,
  0x0000, 0x0000, 0x0000, 0x0000, 0x0000, 0x0000, 0x0000, 0x0000, 0x0000, 0x0000, 0x0000, 0x0000,
  0x0000, 0x0000, 0x0000, 0x0000, 0x0000, 0x0000, 0x0000, 0x0000, 0x0000, 0x0000, 0x0000, 0x0000,
  0x0000, 0x0000, 0x0000, 0x0000, 0x0000, 0x0000, 0x0000, 0x0000, 0x0000, 0x0000, 0x0000, 0x0000,
  0x0000, 0x0000, 0x0000, 0x0000, 0x0000, 0x0000, 0x0000, 0x0000, 0x0000, 0x0000, 0x0000, 0x0000,
  0x0000, 0x0000, 0x0000, 0x0000, 0x0000, 0x0000, 0x0000, 0x0000, 0x0000, 0x0000, 0x0000, 0x0000,
  0x0000, 0x0000, 0x0000, 0x0000, 0x0000, 0x0000, 0x0000, 0x0000, 0x0000, 0x0000, 0x0000, 0x0000,
  0x0000, 0x0000, 0x0000, 0x0000, 0x0000, 0x0000, 0x0000, 0x0000, 0x0000, 0x0000, 0x0000, 0x0000,
  0x0000, 0x0000, 0x0000, 0x0000, 0x0000, 0x0000, 0x0000, 0x0000, 0x0000, 0x0000, 0x0000, 0x0000,
  0x0000, 0x0000, 0x0000, 0x0000, 0x0000, 0x0000, 0x0000, 0x0000, 0x0000, 0x0000, 0x0000, 0x0000,
  0x0000, 0x0000, 0x0000, 0x0000, 0x0000, 0x0000, 0x0000, 0x0000, 0x0000, 0x0000, 0x0000, 0x0000,
  0x0000, 0x0000, 0x0000, 0x0000, 0x0000, 0x0000, 0x0000, 0x0000, 0x0000, 0x0000, 0x0000, 0x0000,
  0x0000, 0x0000, 0x0000, 0x0000, 0x0000, 0x0000, 0x0000, 0x0000, 0x0000, 0x0000, 0x0000, 0x0000,
  0x0000, 0x0000, 0x0000, 0x0000, 0x0000, 0x0000, 0x0000, 0x0000, 0x0000, 0x0000, 0x0000, 0x0000,
  0x0000, 0x0000, 0x0000, 0x0000, 0x0000, 0x0000, 0x0000, 0x0000, 0x0000, 0x0000, 0x0000, 0x0000,
  0x0000, 0x0000, 0x0000, 0x0000, 0x0000, 0x0000, 0x0000, 0x0000, 0x0000, 0x0000, 0x0000, 0x0000,
  0x0000, 0x0000, 0x0000, 0x0000, 0x0000, 0x0000, 0x0000, 0x0000, 0x0000, 0x0000, 0x0000, 0x0000,
  0x0000, 0x0000, 0x0000, 0x0000, 0x0000, 0x0000, 0x0000, 0x0000, 0x0000, 0x0000, 0x0000, 0x0000,
  0x0000, 0x0000, 0x0000, 0x0000, 0x0000, 0x0000, 0x0000, 0x0000, 0x0000, 0x0000, 0x0000, 0x0000,
  0x0000, 0x0000, 0x0000, 0x0000, 0x0000, 0x0000, 0x0000, 0x0000, 0x0000, 0x0000, 0x0000, 0x0000,
  0x0000, 0x0000, 0x0000, 0x0000, 0x0000, 0x0000, 0x0000, 0x0000, 0x0000, 0x0000, 0x0000, 0x0000,
  0x0000, 0x0000, 0x0000, 0x0000, 0x0000, 0x0000, 0x0000, 0x0000, 0x0000, 0x0000, 0x0000, 0x0000,
  0x0000, 0x0000, 0x0000, 0x0000, 0x0000, 0x0000, 0x0000, 0x0000, 0x0000, 0x0000, 0x0000, 0x0000,
  0x0000, 0x0000, 0x0000, 0x0000, 0x0000, 0x0000, 0x0000, 0x0000, 0x0000, 0x0000, 0x0000, 0x0000,
  0x0000, 0x0000, 0x0000, 0x0000, 0x0000, 0x0000, 0x0000, 0x0000, 0x0000, 0x0000, 0x0000, 0x0000,
  0x0000, 0x0000, 0x0000, 0x0000, 0x0000, 0x0000, 0x0000, 0x0000, 0x0000, 0x0000, 0x0000, 0x0000,
  0x0000, 0x0000, 0x0000, 0x0000, 0x0000, 0x0000, 0x0000, 0x0000, 0x0000, 0x0000, 0x0000, 0x0000,
  0x0000, 0x0000, 0x0000, 0x0000, 0x0000, 0x0000, 0x0000, 0x0000, 0x0000, 0x0000, 0x0000, 0x0000,
  0x0000, 0x0000, 0x0000, 0x0000, 0x0000, 0x0000, 0x0000, 0x0000, 0x0000, 0x0000, 0x0000, 0x0000,
  0x0000, 0x0000, 0x0000, 0x0000, 0x0000, 0x0000, 0x0000, 0x0000, 0x0000, 0x0000, 0x0000, 0x0000,
  0x0000, 0x0000, 0x0000, 0x0000, 0x0000, 0x0000, 0x0000, 0x0000, 0x0000, 0x0000, 0x0000, 0x0000,
  0x0000, 0x0000, 0x0000, 0x0000, 0x0000, 0x0000, 0x0000, 0x0000, 0x0000, 0x0000, 0x0000, 0x0000,
  0x0000, 0x0000, 0x0000, 0x0000, 0x0000, 0x0000, 0x0000, 0x0000, 0x0000, 0x0000, 0x0000, 0x0000,
  0x0000, 0x0000, 0x0000, 0x0000, 0x0000, 0x0000, 0x0000, 0x0000, 0x0000, 0x0000, 0x0000, 0x0000,
  0x0000, 0x0000, 0x0000, 0x0000, 0x0000, 0x0000, 0x0000, 0x0000, 0x0000, 0x0000, 0x0000, 0x0000,
  0x0000, 0x0000, 0x0000, 0x0000, 0x0000, 0x0000, 0x0000, 0x0000, 0x0000, 0x0000, 0x0000, 0x0000,
  0x0000, 0x0000, 0x0000, 0x0000, 0x0000, 0x0000, 0x0000, 0x0000, 0x0000, 0x0000, 0x0000, 0x0000,
  0x0000, 0x0000, 0x0000, 0x0000, 0x0000, 0x0000, 0x0000, 0x0000, 0x0000, 0x0000, 0x0000, 0x0000,
  0x0000, 0x0000, 0x0000, 0x0000, 0x0000, 0x0000, 0x0000, 0x0000, 0x0000, 0x0000, 0x0000, 0x0000,
  0x0000, 0x0000, 0x0000, 0x0000, 0x0000, 0x0000, 0x0000, 0x0000, 0x0000, 0x0000, 0x0000, 0x0000,
  0x0000, 0x0000, 0x0000, 0x0000, 0x0000, 0x0000, 0x0000, 0x0000, 0x0000, 0x0000, 0x0000, 0x0000,
  0x0000, 0x0000, 0x0000, 0x0000, 0x0000, 0x0000, 0x0000, 0x0000, 0x0000, 0x0000, 0x0000, 0x0000,
  0x0000, 0x0000, 0x0000, 0x0000, 0x0000, 0x0000, 0x0000, 0x0000, 0x0000, 0x0000, 0x0000, 0x0000,
  0x0000, 0x0000, 0x0000, 0x0000, 0x0000, 0x0000, 0x0000, 0x0000, 0x0000, 0x0000, 0x0000, 0x0000,
  0x0000, 0x0000, 0x0000, 0x0000, 0x0000, 0x0000, 0x0000, 0x0000, 0x0000, 0x0000, 0x0000, 0x0000,
  0x0000, 0x0000, 0x0000, 0x0000, 0x0000, 0x0000, 0x0000, 0x0000, 0x0000, 0x0000, 0x0000, 0x0000,
  0x0000, 0x0000, 0x0000, 0x0000, 0x0000, 0x0000, 0x0000, 0x0000, 0x0000, 0x0000, 0x0000, 0x0000,
  0x0000, 0x0000, 0x0000, 0x0000, 0x0000, 0x0000, 0x0000, 0x0000, 0x0000, 0x0000, 0x0000, 0x0000,
  0x0000, 0x0000, 0x0000, 0x0000, 0x0000, 0x0000, 0x0000, 0x0000, 0x0000, 0x0000, 0x0000, 0x0000,
  0x0000, 0x0000, 0x0000, 0x0000, 0x0000, 0x0000, 0x0000, 0x0000, 0x0000, 0x0000, 0x0000, 0x0000,
  0x0000, 0x0000, 0x0000, 0x0000, 0x0000, 0x0000, 0x0000, 0x0000, 0x0000, 0x0000, 0x0000, 0x0000,
  0x0000, 0x0000, 0x0000, 0x0000, 0x0000, 0x0000, 0x0000, 0x0000, 0x0000, 0x0000, 0x0000, 0x0000,
  0x0000, 0x0000, 0x0000, 0x0000, 0x0000, 0x0000, 0x0000, 0x0000, 0x0000, 0x0000, 0x0000, 0x0000,
  0x0000, 0x0000, 0x0000, 0x0000, 0x0000, 0x0000, 0x0000, 0x0000, 0x0000, 0x0000, 0x0000, 0x0000,
  0x0000, 0x0000, 0x0000, 0x0000, 0x0000, 0x0000, 0x0000, 0x0000, 0x0000, 0x0000, 0x0000, 0x0000,
  0x0000, 0x0000, 0x0000, 0x0000, 0x0000, 0x0000, 0x0000, 0x0000, 0x0000, 0x0000, 0x0000, 0x0000,
  0x0000, 0x0000, 0x0000, 0x0000, 0x0000, 0x0000, 0x0000, 0x0000, 0x0000, 0x0000, 0x0000, 0x0000,
  0x0000, 0x0000, 0x0000, 0x0000, 0x0000, 0x0000, 0x0000, 0x0000, 0x0000, 0x0000, 0x0000, 0x0000,
  0x0000, 0x0000, 0x0000, 0x0000, 0x0000, 0x0000, 0x0000, 0x0000, 0x0000, 0x0000, 0x0000, 0x0000,
  0x0000, 0x0000, 0x0000, 0x0000, 0x0000, 0x0000, 0x0000, 0x0000, 0x0000, 0x0000, 0x0000, 0x0000,
  0x0000, 0x0000, 0x0000, 0x0000, 0x0000, 0x0000, 0x0000, 0x0000, 0x0000, 0x0000, 0x0000, 0x0000,
  0x0000, 0x0000, 0x0000, 0x0000, 0x0000, 0x0000, 0x0000, 0x0000, 0x0000, 0x0000, 0x0000, 0x0000,
  0x0000, 0x0000, 0x0000, 0x0000, 0x0000, 0x0000, 0x0000, 0x0000, 0x0000, 0x0000, 0x0000, 0x0000,
  0x0000, 0x0000, 0x0000, 0x0000, 0x0000, 0x0000, 0x0000, 0x0000, 0x0000, 0x0000, 0x0000, 0x0000,
  0x0000, 0x0000, 0x0000, 0x0000, 0x0000, 0x0000, 0x0000, 0x0000, 0x0000, 0x0000, 0x0000, 0x0000,
  0x0000, 0x0000, 0x0000, 0x0000, 0x0000, 0x0000, 0x0000, 0x0000, 0x0000, 0x0000, 0x0000, 0x0000,
  0x0000, 0x0000, 0x0000, 0x0000, 0x0000, 0x0000, 0x0000, 0x0000, 0x0000, 0x0000, 0x0000, 0x0000,
  0x0000, 0x0000, 0x0000, 0x0000, 0x0000, 0x0000, 0x0000, 0x0000, 0x0000, 0x0000, 0x0000, 0x0000,
  0x0000, 0x0000, 0x0000, 0x0000, 0x0000, 0x0000, 0x0000, 0x0000, 0x0000, 0x0000, 0x0000, 0x0000,
  0x0000, 0x0000, 0x0000, 0x0000, 0x0000, 0x0000, 0x0000, 0x0000, 0x0000, 0x0000, 0x0000, 0x0000,
  0x0000, 0x0000, 0x0000, 0x0000, 0x0000, 0x0000, 0x0000, 0x0000, 0x0000, 0x0000, 0x0000, 0x0000,
  0x0000, 0x0000, 0x0000, 0x0000, 0x0000, 0x0000, 0x0000, 0x0000, 0x0000, 0x0000, 0x0000, 0x0000,
  0x0000, 0x0000, 0x0000, 0x0000, 0x0000, 0x0000, 0x0000, 0x0000, 0x0000, 0x0000, 0x0000, 0x0000,
  0x0000, 0x0000, 0x0000, 0x0000, 0x0000, 0x0000, 0x0000, 0x0000, 0x0000, 0x0000, 0x0000, 0x0000,
  0x0000, 0x0000, 0x0000, 0x0000, 0x0000, 0x0000, 0x0000, 0x0000, 0x0000, 0x0000, 0x0000, 0x0000,
  0x0000, 0x0000, 0x0000, 0x0000, 0x0000, 0x0000, 0x0000, 0x0000, 0x0000, 0x0000, 0x0000, 0x0000,
  0x0000, 0x0000, 0x0000, 0x0000, 0x0000, 0x0000, 0x0000, 0x0000, 0x0000, 0x0000, 0x0000, 0x0000,
  0x0000, 0x0000, 0x0000, 0x0000, 0x0000, 0x0000, 0x0000, 0x0000, 0x0000, 0x0000, 0x0000, 0x0000,
  0x0000, 0x0000, 0x0000, 0x0000, 0x0000, 0x0000, 0x0000, 0x0000, 0x0000, 0x0000, 0x0000, 0x0000,
  0x0000, 0x0000, 0x0000, 0x0000, 0x0000, 0x0000, 0x0000, 0x0000, 0x0000, 0x0000, 0x0000, 0x0000,
  0x0000, 0x0000, 0x0000, 0x0000, 0x0000, 0x0000, 0x0000, 0x0000, 0x0000, 0x0000, 0x0000, 0x0000,
  0x0000, 0x0000, 0x0000, 0x0000, 0x0000, 0x0000, 0x0000, 0x0000, 0x0000, 0x0000, 0x0000, 0x0000,
  0x0000, 0x0000, 0x0000, 0x0000, 0x0000, 0x0000, 0x0000, 0x0000, 0x0000, 0x0000, 0x0000, 0x0000,
  0x0000, 0x0000, 0x0000, 0x0000, 0x0000, 0x0000, 0x0000, 0x0000, 0x0000, 0x0000, 0x0000, 0x0000,
  0x0000, 0x0000, 0x0000, 0x0000, 0x0000, 0x0000, 0x0000, 0x0000, 0x0000, 0x0000, 0x0000, 0x0000,
  0x0000, 0x0000, 0x0000, 0x0000, 0x0000, 0x0000, 0x0000, 0x0000, 0x0000, 0x0000, 0x0000, 0x0000,
  0x0000, 0x0000, 0x0000, 0x0000, 0x0000, 0x0000, 0x0000, 0x0000, 0x0000, 0x0000, 0x0000, 0x0000,
  0x0000, 0x0000, 0x0000, 0x0000, 0x0000, 0x0000, 0x0000, 0x0000, 0x0000, 0x0000, 0x0000, 0x0000,
  0x0000, 0x0000, 0x0000, 0x0000, 0x0000, 0x0000, 0x0000, 0x0000, 0x0000, 0x0000, 0x0000, 0x0000,
  0x0000, 0x0000, 0x0000, 0x0000, 0x0000, 0x0000, 0x0000, 0x0000, 0x0000, 0x0000, 0x0000, 0x0000,
  0x0000, 0x0000, 0x0000, 0x0000, 0x0000, 0x0000, 0x0000, 0x0000, 0x0000, 0x0000, 0x0000, 0x0000,
  0x0000, 0x0000, 0x0000, 0x0000, 0x0000, 0x0000, 0x0000, 0x0000, 0x0000, 0x0000, 0x0000, 0x0000,
  0x0000, 0x0000, 0x0000, 0x0000, 0x0000, 0x0000, 0x0000, 0x0000, 0x0000, 0x0000, 0x0000, 0x0000,
  0x0000, 0x0000, 0x0000, 0x0000, 0x0000, 0x0000, 0x0000, 0x0000, 0x0000, 0x0000, 0x0000, 0x0000,
  0x0000, 0x0000, 0x0000, 0x0000, 0x0000, 0x0000, 0x0000, 0x0000, 0x0000, 0x0000, 0x0000, 0x0000,
  0x0000, 0x0000, 0x0000, 0x0000, 0x0000, 0x0000, 0x0000, 0x0000, 0x0000, 0x0000, 0x0000, 0x0000,
  0x0000, 0x0000, 0x0000, 0x0000, 0x0000, 0x0000, 0x0000, 0x0000, 0x0000, 0x0000, 0x0000, 0x0000,
  0x0000, 0x0000, 0x0000, 0x0000, 0x0000, 0x0000, 0x0000, 0x0000, 0x0000, 0x0000, 0x0000, 0x0000,
  0x0000, 0x0000, 0x0000, 0x0000, 0x0000, 0x0000, 0x0000, 0x0000, 0x0000, 0x0000, 0x0000, 0x0000,
  0x0000, 0x0000, 0x0000, 0x0000, 0x0000, 0x0000, 0x0000, 0x0000, 0x0000, 0x0000, 0x0000, 0x0000,
  0x0000, 0x0000, 0x0000, 0x0000, 0x0000, 0x0000, 0x0000, 0x0000, 0x0000, 0x0000, 0x0000, 0x0000,
  0x0000, 0x0000, 0x0000, 0x0000, 0x0000, 0x0000, 0x0000, 0x0000, 0x0000, 0x0000, 0x0000, 0x0000,
  0x0000, 0x0000, 0x0000, 0x0000, 0x0000, 0x0000, 0x0000, 0x0000, 0x0000, 0x0000, 0x0000, 0x0000,
  0x0000, 0x0000, 0x0000, 0x0000, 0x0000, 0x0000, 0x0000, 0x0000, 0x0000, 0x0000, 0x0000, 0x0000,
  0x0000, 0x0000, 0x0000, 0x0000, 0x0000, 0x0000, 0x0000, 0x0000, 0x0000, 0x0000, 0x0000, 0x0000,
  0x0000, 0x0000, 0x0000, 0x0000, 0x0000, 0x0000, 0x0000, 0x0000, 0x0000, 0x0000, 0x0000, 0x0000,
  0x0000, 0x0000, 0x0000, 0x0000, 0x0000, 0x0000, 0x0000, 0x0000, 0x0000, 0x0000, 0x0000, 0x0000,
  0x0000, 0x0000, 0x0000, 0x0000, 0x0000, 0x0000, 0x0000, 0x0000, 0x0000, 0x0000, 0x0000, 0x0000,
  0x0000, 0x0000, 0x0000, 0x0000, 0x0000, 0x0000, 0x0000, 0x0000, 0x0000, 0x0000, 0x0000, 0x0000,
  0x0000, 0x0000, 0x0000, 0x0000, 0x0000, 0x0000, 0x0000, 0x0000, 0x0000, 0x0000, 0x0000, 0x0000,
  0x0000, 0x0000, 0x0000, 0x0000, 0x0000, 0x0000, 0x0000, 0x0000, 0x0000, 0x0000, 0x0000, 0x0000,
  0x0000, 0x0000, 0x0000, 0x0000, 0x0000, 0x0000, 0x0000, 0x0000, 0x0000, 0x0000, 0x0000, 0x0000,
  0x0000, 0x0000, 0x0000, 0x0000, 0x0000, 0x0000, 0x0000, 0x0000, 0x0000, 0x0000, 0x0000, 0x0000,
  0x0000, 0x0000, 0x0000, 0x0000, 0x0000, 0x0000, 0x0000, 0x0000, 0x0000, 0x0000, 0x0000, 0x0000,
  0x0000, 0x0000, 0x0000, 0x0000, 0x0000, 0x0000, 0x0000, 0x0000, 0x0000, 0x0000, 0x0000, 0x0000,
  0x0000, 0x0000, 0x0000, 0x0000, 0x0000, 0x0000, 0x0000, 0x0000, 0x0000, 0x0000, 0x0000, 0x0000,
  0x0000, 0x0000, 0x0000, 0x0000, 0x0000, 0x0000, 0x0000, 0x0000, 0x0000, 0x0000, 0x0000, 0x0000,
  0x0000, 0x0000, 0x0000, 0x0000, 0x0000, 0x0000, 0x0000, 0x0000, 0x0000, 0x0000, 0x0000, 0x0000,
  0x0000, 0x0000, 0x0000, 0x0000, 0x0000, 0x0000, 0x0000, 0x0000, 0x0000, 0x0000, 0x0000, 0x0000,
  0x0000, 0x0000, 0x0000, 0x0000, 0x0000, 0x0000, 0x0000, 0x0000, 0x0000, 0x0000, 0x0000, 0x0000,
  0x0000, 0x0000, 0x0000, 0x0000, 0x0000, 0x0000, 0x0000, 0x0000, 0x0000, 0x0000, 0x0000, 0x0000,
  0x0000, 0x0000, 0x0000, 0x0000, 0x0000, 0x0000, 0x0000, 0x0000, 0x0000, 0x0000, 0x0000, 0x0000,
  0x0000, 0x0000, 0x0000, 0x0000, 0x0000, 0x0000, 0x0000, 0x0000, 0x0000, 0x0000, 0x0000, 0x0000,
  0x0000, 0x0000, 0x0000, 0x0000, 0x0000, 0x0000, 0x0000, 0x0000, 0x0000, 0x0000, 0x0000, 0x0000,
  0x0000, 0x0000, 0x0000, 0x0000, 0x0000, 0x0000, 0x0000, 0x0000, 0x0000, 0x0000, 0x0000, 0x0000,
  0x0000, 0x0000, 0x0000, 0x0000, 0x0000, 0x0000, 0x0000, 0x0000, 0x0000, 0x0000, 0x0000, 0x0000,
  0x0000, 0x0000, 0x0000, 0x0000, 0x0000, 0x0000, 0x0000, 0x0000, 0x0000, 0x0000, 0x0000, 0x0000,
  0x0000, 0x0000, 0x0000, 0x0000, 0x0000, 0x0000, 0x0000, 0x0000, 0x0000, 0x0000, 0x0000, 0x0000,
  0x0000, 0x0000, 0x0000, 0x0000, 0x0000, 0x0000, 0x0000, 0x0000, 0x0000, 0x0000, 0x0000, 0x0000,
  0x0000, 0x0000, 0x0000, 0x0000, 0x0000, 0x0000, 0x0000, 0x0000, 0x0000, 0x0000, 0x0000, 0x0000,
  0x0000, 0x0000, 0x0000, 0x0000, 0x0000, 0x0000, 0x0000, 0x0000, 0x0000, 0x0000, 0x0000, 0x0000,
  0x0000, 0x0000, 0x0000, 0x0000, 0x0000, 0x0000, 0x0000, 0x0000, 0x0000, 0x0000, 0x0000, 0x0000,
  0x0000, 0x0000, 0x0000, 0x0000, 0x0000, 0x0000, 0x0000, 0x0000, 0x0000, 0x0000, 0x0000, 0x0000,
  0x0000, 0x0000, 0x0000, 0x0000, 0x0000, 0x0000, 0x0000, 0x0000, 0x0000, 0x0000, 0x0000, 0x0000,
  0x0000, 0x0000, 0x0000, 0x0000, 0x0000, 0x0000, 0x0000, 0x0000, 0x0000, 0x0000, 0x0000, 0x0000,
  0x0000, 0x0000, 0x0000, 0x0000, 0x0000, 0x0000, 0x0000, 0x0000, 0x0000, 0x0000, 0x0000, 0x0000,
  0x0000, 0x0000, 0x0000, 0x0000, 0x0000, 0x0000, 0x0000, 0x0000, 0x0000, 0x0000, 0x0000, 0x0000,
  0x0000, 0x0000, 0x0000, 0x0000, 0x0000, 0x0000, 0x0000, 0x0000, 0x0000, 0x0000, 0x0000, 0x0000,
  0x0000, 0x0000, 0x0000, 0x0000, 0x0000, 0x0000, 0x0000, 0x0000, 0x0000, 0x0000, 0x0000, 0x0000,
  0x0000, 0x0000, 0x0000, 0x0000, 0x0000, 0x0000, 0x0000, 0x0000, 0x0000, 0x0000, 0x0000, 0x0000,
  0x0000, 0x0000, 0x0000, 0x0000, 0x0000, 0x0000, 0x0000, 0x0000, 0x0000, 0x0000, 0x0000, 0x0000,
  0x0000, 0x0000, 0x0000, 0x0000, 0x0000, 0x0000, 0x0000, 0x0000, 0x0000, 0x0000, 0x0000, 0x0000,
  0x0000, 0x0000, 0x0000, 0x0000, 0x0000, 0x0000, 0x0000, 0x0000, 0x0000, 0x0000, 0x0000, 0x0000,
  0x0000, 0x0000, 0x0000, 0x0000, 0x0000, 0x0000, 0x0000, 0x0000, 0x0000, 0x0000, 0x0000, 0x0000,
  0x0000, 0x0000, 0x0000, 0x0000, 0x0000, 0x0000, 0x0000, 0x0000, 0x0000, 0x0000, 0x0000, 0x0000,
  0x0000, 0x0000, 0x0000, 0x0000, 0x0000, 0x0000, 0x0000, 0x0000, 0x0000, 0x0000, 0x0000, 0x0000,
  0x0000, 0x0000, 0x0000, 0x0000, 0x0000, 0x0000, 0x0000, 0x0000, 0x0000, 0x0000, 0x0000, 0x0000,
  0x0000, 0x0000, 0x0000, 0x0000, 0x0000, 0x0000, 0x0000, 0x0000, 0x0000, 0x0000, 0x0000, 0x0000,
  0x0000, 0x0000, 0x0000, 0x0000, 0x0000, 0x0000, 0x0000, 0x0000, 0x0000, 0x0000, 0x0000, 0x0000,
  0x0000, 0x0000, 0x0000, 0x0000, 0x0000, 0x0000, 0x0000, 0x0000, 0x0000, 0x0000, 0x0000, 0x0000,
  0x0000, 0x0000, 0x0000, 0x0000, 0x0000, 0x0000, 0x0000, 0x0000, 0x0000, 0x0000, 0x0000, 0x0000,
  0x0000, 0x0000, 0x0000, 0x0000, 0x0000, 0x0000, 0x0000, 0x0000, 0x0000, 0x0000, 0x0000, 0x0000,
  0x0000, 0x0000, 0x0000, 0x0000, 0x0000, 0x0000, 0x0000, 0x0000, 0x0000, 0x0000, 0x0000, 0x0000,
  0x0000, 0x0000, 0x0000, 0x0000, 0x0000, 0x0000, 0x0000, 0x0000, 0x0000, 0x0000, 0x0000, 0x0000,
  0x0000, 0x0000, 0x0000, 0x0000, 0x0000, 0x0000, 0x0000, 0x0000, 0x0000, 0x0000, 0x0000, 0x0000,
  0x0000, 0x0000, 0x0000, 0x0000, 0x0000, 0x0000, 0x0000, 0x0000, 0x0000, 0x0000, 0x0000, 0x0000,
  0x0000, 0x0000, 0x0000, 0x0000, 0x0000, 0x0000, 0x0000, 0x0000, 0x0000, 0x0000, 0x0000, 0x0000,
  0x0000, 0x0000, 0x0000, 0x0000, 0x0000, 0x0000, 0x0000, 0x0000, 0x0000, 0x0000, 0x0000, 0x0000,
  0x0000, 0x0000, 0x0000, 0x0000, 0x0000, 0x0000, 0x0000, 0x0000, 0x0000, 0x0000, 0x0000, 0x0000,
  0x0000, 0x0000, 0x0000, 0x0000, 0x0000, 0x0000, 0x0000, 0x0000, 0x0000, 0x0000, 0x0000, 0x0000,
  0x0000, 0x0000, 0x0000, 0x0000, 0x0000, 0x0000, 0x0000, 0x0000, 0x0000, 0x0000, 0x0000, 0x0000,
  0x0000, 0x0000, 0x0000, 0x0000, 0x0000, 0x0000, 0x0000, 0x0000, 0x0000, 0x0000, 0x0000, 0x0000,
  0x0000, 0x0000, 0x0000, 0x0000, 0x0000, 0x0000, 0x0000, 0x0000, 0x0000, 0x0000, 0x0000, 0x0000,
  0x0000, 0x0000, 0x0000, 0x0000, 0x0000, 0x0000, 0x0000, 0x0000, 0x0000, 0x0000, 0x0000, 0x0000,
  0x0000, 0x0000, 0x0000, 0x0000, 0x0000, 0x0000, 0x0000, 0x0000, 0x0000, 0x0000, 0x0000, 0x0000,
  0x0000, 0x0000, 0x0000, 0x0000, 0x0000, 0x0000, 0x0000, 0x0000, 0x0000, 0x0000, 0x0000, 0x0000,
  0x0000, 0x0000, 0x0000, 0x0000, 0x0000, 0x0000, 0x0000, 0x0000, 0x0000, 0x0000, 0x0000, 0x0000,
  0x0000, 0x0000, 0x0000, 0x0000, 0x0000, 0x0000, 0x0000, 0x0000, 0x0000, 0x0000, 0x0000, 0x0000,
  0x0000, 0x0000, 0x0000, 0x0000, 0x0000, 0x0000, 0x0000, 0x0000, 0x0000, 0x0000, 0x0000, 0x0000,
  0x0000, 0x0000, 0x0000, 0x0000, 0x0000, 0x0000, 0x0000, 0x0000, 0x0000, 0x0000, 0x0000, 0x0000,
  0x0000, 0x0000, 0x0000, 0x0000, 0x0000, 0x0000, 0x0000, 0x0000, 0x0000, 0x0000, 0x0000, 0x0000,
  0x0000, 0x0000, 0x0000, 0x0000, 0x0000, 0x0000, 0x0000, 0x0000, 0x0000, 0x0000, 0x0000, 0x0000,
  0x0000, 0x0000, 0x0000, 0x0000, 0x0000, 0x0000, 0x0000, 0x0000, 0x0000, 0x0000, 0x0000, 0x0000,
  0x0000, 0x0000, 0x0000, 0x0000, 0x0000, 0x0000, 0x0000, 0x0000, 0x0000, 0x0000, 0x0000, 0x0000,
  0x0000, 0x0000, 0x0000, 0x0000, 0x0000, 0x0000, 0x0000, 0x0000, 0x0000, 0x0000, 0x0000, 0x0000,
  0x0000, 0x0000, 0x0000, 0x0000, 0x0000, 0x0000, 0x0000, 0x0000, 0x0000, 0x0000, 0x0000, 0x0000,
  0x0000, 0x0000, 0x0000, 0x0000, 0x0000, 0x0000, 0x0000, 0x0000, 0x0000, 0x0000, 0x0000, 0x0000,
  0x0000, 0x0000, 0x0000, 0x0000, 0x0000, 0x0000, 0x0000, 0x0000, 0x0000, 0x0000, 0x0000, 0x0000,
  0x0000, 0x0000, 0x0000, 0x0000, 0x0000, 0x0000, 0x0000, 0x0000, 0x0000, 0x0000, 0x0000, 0x0000,
  0x0000, 0x0000, 0x0000, 0x0000, 0x0000, 0x0000, 0x0000, 0x0000, 0x0000, 0x0000, 0x0000, 0x0000,
  0x0000, 0x0000, 0x0000, 0x0000, 0x0000, 0x0000, 0x0000, 0x0000, 0x0000, 0x0000, 0x0000, 0x0000,
  0x0000, 0x0000, 0x0000, 0x0000, 0x0000, 0x0000, 0x0000, 0x0000, 0x0000, 0x0000, 0x0000, 0x0000,
  0x0000, 0x0000, 0x0000, 0x0000, 0x0000, 0x0000, 0x0000, 0x0000, 0x0000, 0x0000, 0x0000, 0x0000,
  0x0000, 0x0000, 0x0000, 0x0000, 0x0000, 0x0000, 0x0000, 0x0000, 0x0000, 0x0000, 0x0000, 0x0000,
  0x0000, 0x0000, 0x0000, 0x0000, 0x0000, 0x0000, 0x0000, 0x0000, 0x0000, 0x0000, 0x0000, 0x0000,
  0x0000, 0x0000, 0x0000, 0x0000, 0x0000, 0x0000, 0x0000, 0x0000, 0x0000, 0x0000, 0x0000, 0x0000,
  0x0000, 0x0000, 0x0000, 0x0000, 0x0000, 0x0000, 0x0000, 0x0000, 0x0000, 0x0000, 0x0000, 0x0000,
  0x0000, 0x0000, 0x0000, 0x0000, 0x0000, 0x0000, 0x0000, 0x0000, 0x0000, 0x0000, 0x0000, 0x0000,
  0x0000, 0x0000, 0x0000, 0x0000, 0x0000, 0x0000, 0x0000, 0x0000, 0x0000, 0x0000, 0x0000, 0x0000,
  0x0000, 0x0000, 0x0000, 0x0000, 0x0000, 0x0000, 0x0000, 0x0000, 0x0000, 0x0000, 0x0000, 0x0000,
  0x0000, 0x0000, 0x0000, 0x0000, 0x0000, 0x0000, 0x0000, 0x0000, 0x0000, 0x0000, 0x0000, 0x0000,
  0x0000, 0x0000, 0x0000, 0x0000, 0x0000, 0x0000, 0x0000, 0x0000, 0x0000, 0x0000, 0x0000, 0x0000,
  0x0000, 0x0000, 0x0000, 0x0000, 0x0000, 0x0000, 0x0000, 0x0000, 0x0000, 0x0000, 0x0000, 0x0000,
  0x0000, 0x0000, 0x0000, 0x0000, 0x0000, 0x0000, 0x0000, 0x0000, 0x0000, 0x0000, 0x0000, 0x0000,
  0x0000, 0x0000, 0x0000, 0x0000, 0x0000, 0x0000, 0x0000, 0x0000, 0x0000, 0x0000, 0x0000, 0x0000,
  0x0000, 0x0000, 0x0000, 0x0000, 0x0000, 0x0000, 0x0000, 0x0000, 0x0000, 0x0000, 0x0000, 0x0000,
  0x0000, 0x0000, 0x0000, 0x0000, 0x0000, 0x0000, 0x0000, 0x0000, 0x0000, 0x0000, 0x0000, 0x0000,
  0x0000, 0x0000, 0x0000, 0x0000, 0x0000, 0x0000, 0x0000, 0x0000, 0x0000, 0x0000, 0x0000, 0x0000,
  0x0000, 0x0000, 0x0000, 0x0000, 0x0000, 0x0000, 0x0000, 0x0000, 0x0000, 0x0000, 0x0000, 0x0000,
  0x0000, 0x0000, 0x0000, 0x0000, 0x0000, 0x0000, 0x0000, 0x0000, 0x0000, 0x0000, 0x0000, 0x0000,
  0x0000, 0x0000, 0x0000, 0x0000, 0x0000, 0x0000, 0x0000, 0x0000, 0x0000, 0x0000, 0x0000, 0x0000,
  0x0000, 0x0000, 0x0000, 0x0000, 0x0000, 0x0000, 0x0000, 0x0000, 0x0000, 0x0000, 0x0000, 0x0000,
  0x0000, 0x0000, 0x0000, 0x0000, 0x0000, 0x0000, 0x0000, 0x0000, 0x0000, 0x0000, 0x0000, 0x0000,
  0x0000, 0x0000, 0x0000, 0x0000, 0x0000, 0x0000, 0x0000, 0x0000, 0x0000, 0x0000, 0x0000, 0x0000,
  0x0000, 0x0000, 0x0000, 0x0000, 0x0000, 0x0000, 0x0000, 0x0000, 0x0000, 0x0000, 0x0000, 0x0000,
  0x0000, 0x0000, 0x0000, 0x0000, 0x0000, 0x0000, 0x0000, 0x0000, 0x0000, 0x0000, 0x0000, 0x0000,
  0x0000, 0x0000, 0x0000, 0x0000, 0x0000, 0x0000, 0x0000, 0x0000, 0x0000, 0x0000, 0x0000, 0x0000,
  0x0000, 0x0000, 0x0000, 0x0000, 0x0000, 0x0000, 0x0000, 0x0000, 0x0000, 0x0000, 0x0000, 0x0000,
  0x0000, 0x0000, 0x0000, 0x0000, 0x0000, 0x0000, 0x0000, 0x0000, 0x0000, 0x0000, 0x0000, 0x0000,
  0x0000, 0x0000, 0x0000, 0x0000, 0x0000, 0x0000, 0x0000, 0x0000, 0x0000, 0x0000, 0x0000, 0x0000,
  0x0000, 0x0000, 0x0000, 0x0000, 0x0000, 0x0000, 0x0000, 0x0000, 0x0000, 0x0000, 0x0000, 0x0000,
  0x0000, 0x0000, 0x0000, 0x0000, 0x0000, 0x0000, 0x0000, 0x0000, 0x0000, 0x0000, 0x0000, 0x0000,
  0x0000, 0x0000, 0x0000, 0x0000, 0x0000, 0x0000, 0x0000, 0x0000, 0x0000, 0x0000, 0x0000, 0x0000,
  0x0000, 0x0000, 0x0000, 0x0000, 0x0000, 0x0000, 0x0000, 0x0000, 0x0000, 0x0000, 0x0000, 0x0000,
  0x0000, 0x0000, 0x0000, 0x0000, 0x0000, 0x0000, 0x0000, 0x0000, 0x0000, 0x0000, 0x0000, 0x0000,
  0x0000, 0x0000, 0x0000, 0x0000, 0x0000, 0x0000, 0x0000, 0x0000, 0x0000, 0x0000, 0x0000, 0x0000,
  0x0000, 0x0000, 0x0000, 0x0000, 0x0000, 0x0000, 0x0000, 0x0000, 0x0000, 0x0000, 0x0000, 0x0000,
  0x0000, 0x0000, 0x0000, 0x0000, 0x0000, 0x0000, 0x0000, 0x0000, 0x0000, 0x0000, 0x0000, 0x0000,
  0x0000, 0x0000, 0x0000, 0x0000, 0x0000, 0x0000, 0x0000, 0x0000, 0x0000, 0x0000, 0x0000, 0x0000,
  0x0000, 0x0000, 0x0000, 0x0000, 0x0000, 0x0000, 0x0000, 0x0000, 0x0000, 0x0000, 0x0000, 0x0000,
  0x0000, 0x0000, 0x0000, 0x0000, 0x0000, 0x0000, 0x0000, 0x0000, 0x0000, 0x0000, 0x0000, 0x0000,
  0x0000, 0x0000, 0x0000, 0x0000, 0x0000, 0x0000, 0x0000, 0x0000, 0x0000, 0x0000, 0x0000, 0x0000,
  0x0000, 0x0000, 0x0000, 0x0000, 0x0000, 0x0000, 0x0000, 0x0000, 0x0000, 0x0000, 0x0000, 0x0000,
  0x0000, 0x0000, 0x0000, 0x0000, 0x0000, 0x0000, 0x0000, 0x0000, 0x0000, 0x0000, 0x0000, 0x0000,
  0x0000, 0x0000, 0x0000, 0x0000, 0x0000, 0x0000, 0x0000, 0x0000, 0x0000, 0x0000, 0x0000, 0x0000,
  0x0000, 0x0000, 0x0000, 0x0000, 0x0000, 0x0000, 0x0000, 0x0000, 0x0000, 0x0000, 0x0000, 0x0000,
  0x0000, 0x0000, 0x0000, 0x0000, 0x0000, 0x0000, 0x0000, 0x0000, 0x0000, 0x0000, 0x0000, 0x0000,
  0x0000, 0x0000, 0x0000, 0x0000, 0x0000, 0x0000, 0x0000, 0x0000, 0x0000, 0x0000, 0x0000, 0x0000,
  0x0000, 0x0000, 0x0000, 0x0000, 0x0000, 0x0000, 0x0000, 0x0000, 0x0000, 0x0000, 0x0000, 0x0000,
  0x0000, 0x0000, 0x0000, 0x0000, 0x0000, 0x0000, 0x0000, 0x0000, 0x0000, 0x0000, 0x0000, 0x0000,
  0x0000, 0x0000, 0x0000, 0x0000, 0x0000, 0x0000, 0x0000, 0x0000, 0x0000, 0x0000, 0x0000, 0x0000,
  0x0000, 0x0000, 0x0000, 0x0000, 0x0000, 0x0000, 0x0000, 0x0000, 0x0000, 0x0000, 0x0000, 0x0000,
  0x0000, 0x0000, 0x0000, 0x0000, 0x0000, 0x0000, 0x0000, 0x0000, 0x0000, 0x0000, 0x0000, 0x0000,
  0x0000, 0x0000, 0x0000, 0x0000, 0x0000, 0x0000, 0x0000, 0x0000, 0x0000, 0x0000, 0x0000, 0x0000,
  0x0000, 0x0000, 0x0000, 0x0000, 0x0000, 0x0000, 0x0000, 0x0000, 0x0000, 0x0000, 0x0000, 0x0000,
  0x0000, 0x0000, 0x0000, 0x0000, 0x0000, 0x0000, 0x0000, 0x0000, 0x0000, 0x0000, 0x0000, 0x0000,
  0x0000, 0x0000, 0x0000, 0x0000, 0x0000, 0x0000, 0x0000, 0x0000, 0x0000, 0x0000, 0x0000, 0x0000,
  0x0000, 0x0000, 0x0000, 0x0000, 0x0000, 0x0000, 0x0000, 0x0000, 0x0000, 0x0000, 0x0000, 0x0000,
  0x0000, 0x0000, 0x0000, 0x0000, 0x0000, 0x0000, 0x0000, 0x0000, 0x0000, 0x0000, 0x0000, 0x0000,
  0x0000, 0x0000, 0x0000, 0x0000, 0x0000, 0x0000, 0x0000, 0x0000, 0x0000, 0x0000, 0x0000, 0x0000,
  0x0000, 0x0000, 0x0000, 0x0000, 0x0000, 0x0000, 0x0000, 0x0000, 0x0000, 0x0000, 0x0000, 0x0000,
  0x0000, 0x0000, 0x0000, 0x0000, 0x0000, 0x0000, 0x0000, 0x0000, 0x0000, 0x0000, 0x0000, 0x0000,
  0x0000, 0x0000, 0x0000, 0x0000, 0x0000, 0x0000, 0x0000, 0x0000, 0x0000, 0x0000, 0x0000, 0x0000,
  0x0000, 0x0000, 0x0000, 0x0000, 0x0000, 0x0000, 0x0000, 0x0000, 0x0000, 0x0000, 0x0000, 0x0000,
  0x0000, 0x0000, 0x0000, 0x0000, 0x0000, 0x0000, 0x0000, 0x0000, 0x0000, 0x0000, 0x0000, 0x0000,
  0x0000, 0x0000, 0x0000, 0x0000, 0x0000, 0x0000, 0x0000, 0x0000, 0x0000, 0x0000, 0x0000, 0x0000,
  0x0000, 0x0000, 0x0000, 0x0000, 0x0000, 0x0000, 0x0000, 0x0000, 0x0000, 0x0000, 0x0000, 0x0000,
  0x0000, 0x0000, 0x0000, 0x0000, 0x0000, 0x0000, 0x0000, 0x0000, 0x0000, 0x0000, 0x0000, 0x0000,
  0x0000, 0x0000, 0x0000, 0x0000, 0x0000, 0x0000, 0x0000, 0x0000, 0x0000, 0x0000, 0x0000, 0x0000,
  0x0000, 0x0000, 0x0000, 0x0000, 0x0000, 0x0000, 0x0000, 0x0000, 0x0000, 0x0000, 0x0000, 0x0000,
  0x0000, 0x0000, 0x0000, 0x0000, 0x0000, 0x0000, 0x0000, 0x0000, 0x0000, 0x0000, 0x0000, 0x0000,
  0x0000, 0x0000, 0x0000, 0x0000, 0x0000, 0x0000, 0x0000, 0x0000, 0x0000, 0x0000, 0x0000, 0x0000,
  0x0000, 0x0000, 0x0000, 0x0000, 0x0000, 0x0000, 0x0000, 0x0000, 0x0000, 0x0000, 0x0000, 0x0000,
  0x0000, 0x0000, 0x0000, 0x0000, 0x0000, 0x0000, 0x0000, 0x0000, 0x0000, 0x0000, 0x0000, 0x0000,
  0x0000, 0x0000, 0x0000, 0x0000, 0x0000, 0x0000, 0x0000, 0x0000, 0x0000, 0x0000, 0x0000, 0x0000,
  0x0000, 0x0000, 0x0000, 0x0000, 0x0000, 0x0000, 0x0000, 0x0000, 0x0000, 0x0000, 0x0000, 0x0000,
  0x0000, 0x0000, 0x0000, 0x0000, 0x0000, 0x0000, 0x0000, 0x0000, 0x0000, 0x0000, 0x0000, 0x0000,
  0x0000, 0x0000, 0x0000, 0x0000, 0x0000, 0x0000, 0x0000, 0x0000, 0x0000, 0x0000, 0x0000, 0x0000,
  0x0000, 0x0000, 0x0000, 0x0000, 0x0000, 0x0000, 0x0000, 0x0000, 0x0000, 0x0000, 0x0000, 0x0000,
  0x0000, 0x0000, 0x0000, 0x0000, 0x0000, 0x0000, 0x0000, 0x0000, 0x0000, 0x0000, 0x0000, 0x0000,
  0x0000, 0x0000, 0x0000, 0x0000, 0x0000, 0x0000, 0x0000, 0x0000, 0x0000, 0x0000, 0x0000, 0x0000,
  0x0000, 0x0000, 0x0000, 0x0000, 0x0000, 0x0000, 0x0000, 0x0000, 0x0000, 0x0000, 0x0000, 0x0000,
  0x0000, 0x0000, 0x0000, 0x0000, 0x0000, 0x0000, 0x0000, 0x0000, 0x0000, 0x0000, 0x0000, 0x0000,
  0x0000, 0x0000, 0x0000, 0x0000, 0x0000, 0x0000, 0x0000, 0x0000, 0x0000, 0x0000, 0x0000, 0x0000,
  0x0000, 0x0000, 0x0000, 0x0000, 0x0000, 0x0000, 0x0000, 0x0000, 0x0000, 0x0000, 0x0000, 0x0000,
  0x0000, 0x0000, 0x0000, 0x0000, 0x0000, 0x0000, 0x0000, 0x0000, 0x0000, 0x0000, 0x0000, 0x0000,
  0x0000, 0x0000, 0x0000, 0x0000, 0x0000, 0x0000, 0x0000, 0x0000, 0x0000, 0x0000, 0x0000, 0x0000,
  0x0000, 0x0000, 0x0000, 0x0000, 0x0000, 0x0000, 0x0000, 0x0000, 0x0000, 0x0000, 0x0000, 0x0000,
  0x0000, 0x0000, 0x0000, 0x0000, 0x0000, 0x0000, 0x0000, 0x0000, 0x0000, 0x0000, 0x0000, 0x0000,
  0x0000, 0x0000, 0x0000, 0x0000, 0x0000, 0x0000, 0x0000, 0x0000, 0x0000, 0x0000, 0x0000, 0x0000,
  0x0000, 0x0000, 0x0000, 0x0000, 0x0000, 0x0000, 0x0000, 0x0000, 0x0000, 0x0000, 0x0000, 0x0000,
  0x0000, 0x0000, 0x0000, 0x0000, 0x0000, 0x0000, 0x0000, 0x0000, 0x0000, 0x0000, 0x0000, 0x0000,
  0x0000, 0x0000, 0x0000, 0x0000, 0x0000, 0x0000, 0x0000, 0x0000, 0x0000, 0x0000, 0x0000, 0x0000,
  0x0000, 0x0000, 0x0000, 0x0000, 0x0000, 0x0000, 0x0000, 0x0000, 0x0000, 0x0000, 0x0000, 0x0000,
  0x0000, 0x0000, 0x0000, 0x0000, 0x0000, 0x0000, 0x0000, 0x0000, 0x0000, 0x0000, 0x0000, 0x0000,
  0x0000, 0x0000, 0x0000, 0x0000, 0x0000, 0x0000, 0x0000, 0x0000, 0x0000, 0x0000, 0x0000, 0x0000,
  0x0000, 0x0000, 0x0000, 0x0000, 0x0000, 0x0000, 0x0000, 0x0000, 0x0000, 0x0000, 0x0000, 0x0000,
  0x0000, 0x0000, 0x0000, 0x0000, 0x0000, 0x0000, 0x0000, 0x0000, 0x0000, 0x0000, 0x0000, 0x0000,
  0x0000, 0x0000, 0x0000, 0x0000, 0x0000, 0x0000, 0x0000, 0x0000, 0x0000, 0x0000, 0x0000, 0x0000,
  0x0000, 0x0000, 0x0000, 0x0000, 0x0000, 0x0000, 0x0000, 0x0000, 0x0000, 0x0000, 0x0000, 0x0000,
  0x0000, 0x0000, 0x0000, 0x0000, 0x0000, 0x0000, 0x0000, 0x0000, 0x0000, 0x0000, 0x0000, 0x0000,
  0x0000, 0x0000, 0x0000, 0x0000, 0x0000, 0x0000, 0x0000, 0x0000, 0x0000, 0x0000, 0x0000, 0x0000,
  0x0000, 0x0000, 0x0000, 0x0000, 0x0000, 0x0000, 0x0000, 0x0000, 0x0000, 0x0000, 0x0000, 0x0000,
  0x0000, 0x0000, 0x0000, 0x0000, 0x0000, 0x0000, 0x0000, 0x0000, 0x0000, 0x0000, 0x0000, 0x0000,
  0x0000, 0x0000, 0x0000, 0x0000, 0x0000, 0x0000, 0x0000, 0x0000, 0x0000, 0x0000, 0x0000, 0x0000,
  0x0000, 0x0000, 0x0000, 0x0000, 0x0000, 0x0000, 0x0000, 0x0000, 0x0000, 0x0000, 0x0000, 0x0000,
  0x0000, 0x0000, 0x0000, 0x0000, 0x0000, 0x0000, 0x0000, 0x0000, 0x0000, 0x0000, 0x0000, 0x0000,
  0x0000, 0x0000, 0x0000, 0x0000, 0x0000, 0x0000, 0x0000, 0x0000, 0x0000, 0x0000, 0x0000, 0x0000,
  0x0000, 0x0000, 0x0000, 0x0000, 0x0000, 0x0000, 0x0000, 0x0000, 0x0000, 0x0000, 0x0000, 0x0000,
  0x0000, 0x0000, 0x0000, 0x0000, 0x0000, 0x0000, 0x0000, 0x0000, 0x0000, 0x0000, 0x0000, 0x0000,
  0x0000, 0x0000, 0x0000, 0x0000, 0x0000, 0x0000, 0x0000, 0x0000, 0x0000, 0x0000, 0x0000, 0x0000,
  0x0000, 0x0000, 0x0000, 0x0000, 0x0000, 0x0000, 0x0000, 0x0000, 0x0000, 0x0000, 0x0000, 0x0000,
  0x0000, 0x0000, 0x0000, 0x0000, 0x0000, 0x0000, 0x0000, 0x0000, 0x0000, 0x0000, 0x0000, 0x0000,
  0x0000, 0x0000, 0x0000, 0x0000, 0x0000, 0x0000, 0x0000, 0x0000, 0x0000, 0x0000, 0x0000, 0x0000,
  0x0000, 0x0000, 0x0000, 0x0000, 0x0000, 0x0000, 0x0000, 0x0000, 0x0000, 0x0000, 0x0000, 0x0000,
  0x0000, 0x0000, 0x0000, 0x0000, 0x0000, 0x0000, 0x0000, 0x0000, 0x0000, 0x0000, 0x0000, 0x0000,
  0x0000, 0x0000, 0x0000, 0x0000, 0x0000, 0x0000, 0x0000, 0x0000, 0x0000, 0x0000, 0x0000, 0x0000,
  0x0000, 0x0000, 0x0000, 0x0000, 0x0000, 0x0000, 0x0000, 0x0000, 0x0000, 0x0000, 0x0000, 0x0000,
  0x0000, 0x0000, 0x0000, 0x0000, 0x0000, 0x0000, 0x0000, 0x0000, 0x0000, 0x0000, 0x0000, 0x0000,
  0x0000, 0x0000, 0x0000, 0x0000, 0x0000, 0x0000, 0x0000, 0x0000, 0x0000, 0x0000, 0x0000, 0x0000,
  0x0000, 0x0000, 0x0000, 0x0000, 0x0000, 0x0000, 0x0000, 0x0000, 0x0000, 0x0000, 0x0000, 0x0000,
  0x0000, 0x0000, 0x0000, 0x0000, 0x0000, 0x0000, 0x0000, 0x0000, 0x0000, 0x0000, 0x0000, 0x0000,
  0x0000, 0x0000, 0x0000, 0x0000, 0x0000, 0x0000, 0x0000, 0x0000, 0x0000, 0x0000, 0x0000, 0x0000,
  0x0000, 0x0000, 0x0000, 0x0000, 0x0000, 0x0000, 0x0000, 0x0000, 0x0000, 0x0000, 0x0000, 0x0000,
  0x0000, 0x0000, 0x0000, 0x0000, 0x0000, 0x0000, 0x0000, 0x0000, 0x0000, 0x0000, 0x0000, 0x0000,
  0x0000, 0x0000, 0x0000, 0x0000, 0x0000, 0x0000, 0x0000, 0x0000, 0x0000, 0x0000, 0x0000, 0x0000,
  0x0000, 0x0000, 0x0000, 0x0000, 0x0000, 0x0000, 0x0000, 0x0000, 0x0000, 0x0000, 0x0000, 0x0000,
  0x0000, 0x0000, 0x0000, 0x0000, 0x0000, 0x0000, 0x0000, 0x0000, 0x0000, 0x0000, 0x0000, 0x0000,
  0x0000, 0x0000, 0x0000, 0x0000, 0x0000, 0x0000, 0x0000, 0x0000, 0x0000, 0x0000, 0x0000, 0x0000,
  0x0000, 0x0000, 0x0000, 0x0000, 0x0000, 0x0000, 0x0000, 0x0000, 0x0000, 0x0000, 0x0000, 0x0000,
  0x0000, 0x0000, 0x0000, 0x0000, 0x0000, 0x0000, 0x0000, 0x0000, 0x0000, 0x0000, 0x0000, 0x0000,
  0x0000, 0x0000, 0x0000, 0x0000, 0x0000, 0x0000, 0x0000, 0x0000, 0x0000, 0x0000, 0x0000, 0x0000,
  0x0000, 0x0000, 0x0000, 0x0000, 0x0000, 0x0000, 0x0000, 0x0000, 0x0000, 0x0000, 0x0000, 0x0000,
  0x0000, 0x0000, 0x0000, 0x0000, 0x0000, 0x0000, 0x0000, 0x0000, 0x0000, 0x0000, 0x0000, 0x0000,
  0x0000, 0x0000, 0x0000, 0x0000, 0x0000, 0x0000, 0x0000, 0x0000, 0x0000, 0x0000, 0x0000, 0x0000,
  0x0000, 0x0000, 0x0000, 0x0000, 0x0000, 0x0000, 0x0000, 0x0000, 0x0000, 0x0000, 0x0000, 0x0000,
  0x0000, 0x0000, 0x0000, 0x0000, 0x0000, 0x0000, 0x0000, 0x0000, 0x0000, 0x0000, 0x0000, 0x0000
};
const int caravn_width  = 240;
const int caravn_height = 320;

void setup() {
  tft.init(240,320);
  tft.fillScreen(ST77XX_BLACK);
  tft.drawRGBBitmap(0,0,caravan,240,320);

  
}

void loop() {
  // put your main code here, to run repeatedly:

}
